Copyright 1986-2020 Xilinx, Inc. All Rights Reserved.
-----------------------------------------------------------------------------------------------------------------------------------------------------------------------------------------------------
| Tool Version : Vivado v.2020.2 (win64) Build 3064766 Wed Nov 18 09:12:45 MST 2020
| Date         : Mon Aug 17 17:00:37 2026
| Host         : LAPTOP-TTJ7O25R running 64-bit major release  (build 9200)
| Command      : report_timing_summary -max_paths 10 -file led_driver_timing_summary_routed.rpt -pb led_driver_timing_summary_routed.pb -rpx led_driver_timing_summary_routed.rpx -warn_on_violation
| Design       : led_driver
| Device       : 7z010-clg400
| Speed File   : -1  PRODUCTION 1.12 2019-11-22
-----------------------------------------------------------------------------------------------------------------------------------------------------------------------------------------------------

Timing Summary Report

------------------------------------------------------------------------------------------------
| Timer Settings
| --------------
------------------------------------------------------------------------------------------------

  Enable Multi Corner Analysis               :  Yes
  Enable Pessimism Removal                   :  Yes
  Pessimism Removal Resolution               :  Nearest Common Node
  Enable Input Delay Default Clock           :  No
  Enable Preset / Clear Arcs                 :  No
  Disable Flight Delays                      :  No
  Ignore I/O Paths                           :  No
  Timing Early Launch at Borrowing Latches   :  No
  Borrow Time for Max Delay Exceptions       :  Yes
  Merge Timing Exceptions                    :  Yes

  Corner  Analyze    Analyze    
  Name    Max Paths  Min Paths  
  ------  ---------  ---------  
  Slow    Yes        Yes        
  Fast    Yes        Yes        



check_timing report

Table of Contents
-----------------
1. checking no_clock (0)
2. checking constant_clock (0)
3. checking pulse_width_clock (0)
4. checking unconstrained_internal_endpoints (0)
5. checking no_input_delay (4)
6. checking no_output_delay (3)
7. checking multiple_clock (0)
8. checking generated_clocks (0)
9. checking loops (0)
10. checking partial_input_delay (0)
11. checking partial_output_delay (0)
12. checking latch_loops (0)

1. checking no_clock (0)
------------------------
 There are 0 register/latch pins with no clock.


2. checking constant_clock (0)
------------------------------
 There are 0 register/latch pins with constant_clock.


3. checking pulse_width_clock (0)
---------------------------------
 There are 0 register/latch pins which need pulse_width check


4. checking unconstrained_internal_endpoints (0)
------------------------------------------------
 There are 0 pins that are not constrained for maximum delay.

 There are 0 pins that are not constrained for maximum delay due to constant clock.


5. checking no_input_delay (4)
------------------------------
 There are 4 input ports with no input delay specified. (HIGH)

 There are 0 input ports with no input delay but user has a false path constraint.


6. checking no_output_delay (3)
-------------------------------
 There are 3 ports with no output delay specified. (HIGH)

 There are 0 ports with no output delay but user has a false path constraint

 There are 0 ports with no output delay but with a timing clock defined on it or propagating through it


7. checking multiple_clock (0)
------------------------------
 There are 0 register/latch pins with multiple clocks.


8. checking generated_clocks (0)
--------------------------------
 There are 0 generated clocks that are not connected to a clock source.


9. checking loops (0)
---------------------
 There are 0 combinational loops in the design.


10. checking partial_input_delay (0)
------------------------------------
 There are 0 input ports with partial input delay specified.


11. checking partial_output_delay (0)
-------------------------------------
 There are 0 ports with partial output delay specified.


12. checking latch_loops (0)
----------------------------
 There are 0 combinational latch loops in the design through latch input



------------------------------------------------------------------------------------------------
| Design Timing Summary
| ---------------------
------------------------------------------------------------------------------------------------

    WNS(ns)      TNS(ns)  TNS Failing Endpoints  TNS Total Endpoints      WHS(ns)      THS(ns)  THS Failing Endpoints  THS Total Endpoints     WPWS(ns)     TPWS(ns)  TPWS Failing Endpoints  TPWS Total Endpoints  
    -------      -------  ---------------------  -------------------      -------      -------  ---------------------  -------------------     --------     --------  ----------------------  --------------------  
      3.645        0.000                      0                 4052        0.028        0.000                      0                 4036        3.750        0.000                       0                  2289  


All user specified timing constraints are met.


------------------------------------------------------------------------------------------------
| Clock Summary
| -------------
------------------------------------------------------------------------------------------------

Clock                                                                                       Waveform(ns)       Period(ns)      Frequency(MHz)
-----                                                                                       ------------       ----------      --------------
dbg_hub/inst/BSCANID.u_xsdbm_id/SWITCH_N_EXT_BSCAN.bscan_inst/SERIES7_BSCAN.bscan_inst/TCK  {0.000 16.500}     33.000          30.303          
sys_clk_pin                                                                                 {0.000 5.000}      10.000          100.000         


------------------------------------------------------------------------------------------------
| Intra Clock Table
| -----------------
------------------------------------------------------------------------------------------------

Clock                                                                                           WNS(ns)      TNS(ns)  TNS Failing Endpoints  TNS Total Endpoints      WHS(ns)      THS(ns)  THS Failing Endpoints  THS Total Endpoints     WPWS(ns)     TPWS(ns)  TPWS Failing Endpoints  TPWS Total Endpoints  
-----                                                                                           -------      -------  ---------------------  -------------------      -------      -------  ---------------------  -------------------     --------     --------  ----------------------  --------------------  
dbg_hub/inst/BSCANID.u_xsdbm_id/SWITCH_N_EXT_BSCAN.bscan_inst/SERIES7_BSCAN.bscan_inst/TCK       25.687        0.000                      0                  928        0.028        0.000                      0                  928       15.250        0.000                       0                   483  
sys_clk_pin                                                                                       3.645        0.000                      0                 2903        0.039        0.000                      0                 2903        3.750        0.000                       0                  1806  


------------------------------------------------------------------------------------------------
| Inter Clock Table
| -----------------
------------------------------------------------------------------------------------------------

From Clock                                                                                  To Clock                                                                                        WNS(ns)      TNS(ns)  TNS Failing Endpoints  TNS Total Endpoints      WHS(ns)      THS(ns)  THS Failing Endpoints  THS Total Endpoints  
----------                                                                                  --------                                                                                        -------      -------  ---------------------  -------------------      -------      -------  ---------------------  -------------------  
sys_clk_pin                                                                                 dbg_hub/inst/BSCANID.u_xsdbm_id/SWITCH_N_EXT_BSCAN.bscan_inst/SERIES7_BSCAN.bscan_inst/TCK        8.513        0.000                      0                    8                                                                        
dbg_hub/inst/BSCANID.u_xsdbm_id/SWITCH_N_EXT_BSCAN.bscan_inst/SERIES7_BSCAN.bscan_inst/TCK  sys_clk_pin                                                                                      31.643        0.000                      0                    8                                                                        


------------------------------------------------------------------------------------------------
| Other Path Groups Table
| -----------------------
------------------------------------------------------------------------------------------------

Path Group                                                                                  From Clock                                                                                  To Clock                                                                                        WNS(ns)      TNS(ns)  TNS Failing Endpoints  TNS Total Endpoints      WHS(ns)      THS(ns)  THS Failing Endpoints  THS Total Endpoints  
----------                                                                                  ----------                                                                                  --------                                                                                        -------      -------  ---------------------  -------------------      -------      -------  ---------------------  -------------------  
**async_default**                                                                           dbg_hub/inst/BSCANID.u_xsdbm_id/SWITCH_N_EXT_BSCAN.bscan_inst/SERIES7_BSCAN.bscan_inst/TCK  dbg_hub/inst/BSCANID.u_xsdbm_id/SWITCH_N_EXT_BSCAN.bscan_inst/SERIES7_BSCAN.bscan_inst/TCK       28.330        0.000                      0                  100        0.177        0.000                      0                  100  
**async_default**                                                                           sys_clk_pin                                                                                 sys_clk_pin                                                                                       5.488        0.000                      0                  105        0.207        0.000                      0                  105  


------------------------------------------------------------------------------------------------
| Timing Details
| --------------
------------------------------------------------------------------------------------------------


---------------------------------------------------------------------------------------------------
From Clock:  dbg_hub/inst/BSCANID.u_xsdbm_id/SWITCH_N_EXT_BSCAN.bscan_inst/SERIES7_BSCAN.bscan_inst/TCK
  To Clock:  dbg_hub/inst/BSCANID.u_xsdbm_id/SWITCH_N_EXT_BSCAN.bscan_inst/SERIES7_BSCAN.bscan_inst/TCK

Setup :            0  Failing Endpoints,  Worst Slack       25.687ns,  Total Violation        0.000ns
Hold  :            0  Failing Endpoints,  Worst Slack        0.028ns,  Total Violation        0.000ns
PW    :            0  Failing Endpoints,  Worst Slack       15.250ns,  Total Violation        0.000ns
---------------------------------------------------------------------------------------------------


Max Delay Paths
--------------------------------------------------------------------------------------
Slack (MET) :             25.687ns  (required time - arrival time)
  Source:                 dbg_hub/inst/BSCANID.u_xsdbm_id/SWITCH_N_EXT_BSCAN.bscan_switch/state_reg[2]/C
                            (rising edge-triggered cell FDRE clocked by dbg_hub/inst/BSCANID.u_xsdbm_id/SWITCH_N_EXT_BSCAN.bscan_inst/SERIES7_BSCAN.bscan_inst/TCK  {rise@0.000ns fall@16.500ns period=33.000ns})
  Destination:            dbg_hub/inst/BSCANID.u_xsdbm_id/SWITCH_N_EXT_BSCAN.bscan_switch/portno_temp_reg[1]/D
                            (rising edge-triggered cell FDRE clocked by dbg_hub/inst/BSCANID.u_xsdbm_id/SWITCH_N_EXT_BSCAN.bscan_inst/SERIES7_BSCAN.bscan_inst/TCK  {rise@0.000ns fall@16.500ns period=33.000ns})
  Path Group:             dbg_hub/inst/BSCANID.u_xsdbm_id/SWITCH_N_EXT_BSCAN.bscan_inst/SERIES7_BSCAN.bscan_inst/TCK
  Path Type:              Setup (Max at Slow Process Corner)
  Requirement:            33.000ns  (dbg_hub/inst/BSCANID.u_xsdbm_id/SWITCH_N_EXT_BSCAN.bscan_inst/SERIES7_BSCAN.bscan_inst/TCK rise@33.000ns - dbg_hub/inst/BSCANID.u_xsdbm_id/SWITCH_N_EXT_BSCAN.bscan_inst/SERIES7_BSCAN.bscan_inst/TCK rise@0.000ns)
  Data Path Delay:        7.241ns  (logic 2.229ns (30.782%)  route 5.012ns (69.218%))
  Logic Levels:           6  (CARRY4=2 LUT3=1 LUT4=1 LUT5=1 LUT6=1)
  Clock Path Skew:        -0.065ns (DCD - SCD + CPR)
    Destination Clock Delay (DCD):    3.071ns = ( 36.071 - 33.000 ) 
    Source Clock Delay      (SCD):    3.511ns
    Clock Pessimism Removal (CPR):    0.375ns
  Clock Uncertainty:      0.035ns  ((TSJ^2 + TIJ^2)^1/2 + DJ) / 2 + PE
    Total System Jitter     (TSJ):    0.071ns
    Total Input Jitter      (TIJ):    0.000ns
    Discrete Jitter          (DJ):    0.000ns
    Phase Error              (PE):    0.000ns

    Location             Delay type                Incr(ns)  Path(ns)    Netlist Resource(s)
  -------------------------------------------------------------------    -------------------
                         (clock dbg_hub/inst/BSCANID.u_xsdbm_id/SWITCH_N_EXT_BSCAN.bscan_inst/SERIES7_BSCAN.bscan_inst/TCK rise edge)
                                                      0.000     0.000 r  
    BSCAN_X0Y0           BSCANE2                      0.000     0.000 r  dbg_hub/inst/BSCANID.u_xsdbm_id/SWITCH_N_EXT_BSCAN.bscan_inst/SERIES7_BSCAN.bscan_inst/TCK
                         net (fo=1, routed)           1.741     1.741    dbg_hub/inst/BSCANID.u_xsdbm_id/tck_bs
    BUFGCTRL_X0Y0        BUFG (Prop_bufg_I_O)         0.101     1.842 r  dbg_hub/inst/BSCANID.u_xsdbm_id/SWITCH_N_EXT_BSCAN.u_bufg_icon_tck/O
                         net (fo=482, routed)         1.669     3.511    dbg_hub/inst/BSCANID.u_xsdbm_id/SWITCH_N_EXT_BSCAN.bscan_switch/s_bscan_tck
    SLICE_X13Y57         FDRE                                         r  dbg_hub/inst/BSCANID.u_xsdbm_id/SWITCH_N_EXT_BSCAN.bscan_switch/state_reg[2]/C
  -------------------------------------------------------------------    -------------------
    SLICE_X13Y57         FDRE (Prop_fdre_C_Q)         0.419     3.930 f  dbg_hub/inst/BSCANID.u_xsdbm_id/SWITCH_N_EXT_BSCAN.bscan_switch/state_reg[2]/Q
                         net (fo=50, routed)          1.961     5.891    dbg_hub/inst/BSCANID.u_xsdbm_id/SWITCH_N_EXT_BSCAN.bscan_switch/state[2]
    SLICE_X9Y55          LUT4 (Prop_lut4_I2_O)        0.327     6.218 r  dbg_hub/inst/BSCANID.u_xsdbm_id/SWITCH_N_EXT_BSCAN.bscan_switch/curid_inferred_i_23/O
                         net (fo=2, routed)           0.848     7.066    dbg_hub/inst/BSCANID.u_xsdbm_id/SWITCH_N_EXT_BSCAN.bscan_switch/curid[9]
    SLICE_X7Y54          LUT6 (Prop_lut6_I4_O)        0.326     7.392 r  dbg_hub/inst/BSCANID.u_xsdbm_id/SWITCH_N_EXT_BSCAN.bscan_switch/state_temp[0]_i_12/O
                         net (fo=1, routed)           0.000     7.392    dbg_hub/inst/BSCANID.u_xsdbm_id/SWITCH_N_EXT_BSCAN.bscan_switch/state_temp[0]_i_12_n_0
    SLICE_X7Y54          CARRY4 (Prop_carry4_S[0]_CO[3])
                                                      0.532     7.924 r  dbg_hub/inst/BSCANID.u_xsdbm_id/SWITCH_N_EXT_BSCAN.bscan_switch/state_temp_reg[0]_i_4/CO[3]
                         net (fo=1, routed)           0.000     7.924    dbg_hub/inst/BSCANID.u_xsdbm_id/SWITCH_N_EXT_BSCAN.bscan_switch/state_temp_reg[0]_i_4_n_0
    SLICE_X7Y55          CARRY4 (Prop_carry4_CI_CO[3])
                                                      0.114     8.038 f  dbg_hub/inst/BSCANID.u_xsdbm_id/SWITCH_N_EXT_BSCAN.bscan_switch/state_temp_reg[0]_i_3/CO[3]
                         net (fo=4, routed)           1.543     9.580    dbg_hub/inst/BSCANID.u_xsdbm_id/SWITCH_N_EXT_BSCAN.bscan_switch/state_temp_reg[0]_i_3_n_0
    SLICE_X12Y56         LUT5 (Prop_lut5_I1_O)        0.156     9.736 r  dbg_hub/inst/BSCANID.u_xsdbm_id/SWITCH_N_EXT_BSCAN.bscan_switch/portno_temp[5]_i_2/O
                         net (fo=7, routed)           0.661    10.397    dbg_hub/inst/BSCANID.u_xsdbm_id/SWITCH_N_EXT_BSCAN.bscan_switch/portno_temp[5]_i_2_n_0
    SLICE_X14Y57         LUT3 (Prop_lut3_I1_O)        0.355    10.752 r  dbg_hub/inst/BSCANID.u_xsdbm_id/SWITCH_N_EXT_BSCAN.bscan_switch/portno_temp[1]_i_1/O
                         net (fo=1, routed)           0.000    10.752    dbg_hub/inst/BSCANID.u_xsdbm_id/SWITCH_N_EXT_BSCAN.bscan_switch/portno_temp[1]_i_1_n_0
    SLICE_X14Y57         FDRE                                         r  dbg_hub/inst/BSCANID.u_xsdbm_id/SWITCH_N_EXT_BSCAN.bscan_switch/portno_temp_reg[1]/D
  -------------------------------------------------------------------    -------------------

                         (clock dbg_hub/inst/BSCANID.u_xsdbm_id/SWITCH_N_EXT_BSCAN.bscan_inst/SERIES7_BSCAN.bscan_inst/TCK rise edge)
                                                     33.000    33.000 r  
    BSCAN_X0Y0           BSCANE2                      0.000    33.000 r  dbg_hub/inst/BSCANID.u_xsdbm_id/SWITCH_N_EXT_BSCAN.bscan_inst/SERIES7_BSCAN.bscan_inst/TCK
                         net (fo=1, routed)           1.490    34.490    dbg_hub/inst/BSCANID.u_xsdbm_id/tck_bs
    BUFGCTRL_X0Y0        BUFG (Prop_bufg_I_O)         0.091    34.581 r  dbg_hub/inst/BSCANID.u_xsdbm_id/SWITCH_N_EXT_BSCAN.u_bufg_icon_tck/O
                         net (fo=482, routed)         1.490    36.071    dbg_hub/inst/BSCANID.u_xsdbm_id/SWITCH_N_EXT_BSCAN.bscan_switch/s_bscan_tck
    SLICE_X14Y57         FDRE                                         r  dbg_hub/inst/BSCANID.u_xsdbm_id/SWITCH_N_EXT_BSCAN.bscan_switch/portno_temp_reg[1]/C
                         clock pessimism              0.375    36.446    
                         clock uncertainty           -0.035    36.411    
    SLICE_X14Y57         FDRE (Setup_fdre_C_D)        0.029    36.440    dbg_hub/inst/BSCANID.u_xsdbm_id/SWITCH_N_EXT_BSCAN.bscan_switch/portno_temp_reg[1]
  -------------------------------------------------------------------
                         required time                         36.440    
                         arrival time                         -10.752    
  -------------------------------------------------------------------
                         slack                                 25.687    

Slack (MET) :             25.692ns  (required time - arrival time)
  Source:                 dbg_hub/inst/BSCANID.u_xsdbm_id/SWITCH_N_EXT_BSCAN.bscan_switch/state_reg[2]/C
                            (rising edge-triggered cell FDRE clocked by dbg_hub/inst/BSCANID.u_xsdbm_id/SWITCH_N_EXT_BSCAN.bscan_inst/SERIES7_BSCAN.bscan_inst/TCK  {rise@0.000ns fall@16.500ns period=33.000ns})
  Destination:            dbg_hub/inst/BSCANID.u_xsdbm_id/SWITCH_N_EXT_BSCAN.bscan_switch/portno_temp_reg[3]/D
                            (rising edge-triggered cell FDRE clocked by dbg_hub/inst/BSCANID.u_xsdbm_id/SWITCH_N_EXT_BSCAN.bscan_inst/SERIES7_BSCAN.bscan_inst/TCK  {rise@0.000ns fall@16.500ns period=33.000ns})
  Path Group:             dbg_hub/inst/BSCANID.u_xsdbm_id/SWITCH_N_EXT_BSCAN.bscan_inst/SERIES7_BSCAN.bscan_inst/TCK
  Path Type:              Setup (Max at Slow Process Corner)
  Requirement:            33.000ns  (dbg_hub/inst/BSCANID.u_xsdbm_id/SWITCH_N_EXT_BSCAN.bscan_inst/SERIES7_BSCAN.bscan_inst/TCK rise@33.000ns - dbg_hub/inst/BSCANID.u_xsdbm_id/SWITCH_N_EXT_BSCAN.bscan_inst/SERIES7_BSCAN.bscan_inst/TCK rise@0.000ns)
  Data Path Delay:        7.238ns  (logic 2.229ns (30.795%)  route 5.009ns (69.205%))
  Logic Levels:           6  (CARRY4=2 LUT3=1 LUT4=1 LUT5=1 LUT6=1)
  Clock Path Skew:        -0.065ns (DCD - SCD + CPR)
    Destination Clock Delay (DCD):    3.071ns = ( 36.071 - 33.000 ) 
    Source Clock Delay      (SCD):    3.511ns
    Clock Pessimism Removal (CPR):    0.375ns
  Clock Uncertainty:      0.035ns  ((TSJ^2 + TIJ^2)^1/2 + DJ) / 2 + PE
    Total System Jitter     (TSJ):    0.071ns
    Total Input Jitter      (TIJ):    0.000ns
    Discrete Jitter          (DJ):    0.000ns
    Phase Error              (PE):    0.000ns

    Location             Delay type                Incr(ns)  Path(ns)    Netlist Resource(s)
  -------------------------------------------------------------------    -------------------
                         (clock dbg_hub/inst/BSCANID.u_xsdbm_id/SWITCH_N_EXT_BSCAN.bscan_inst/SERIES7_BSCAN.bscan_inst/TCK rise edge)
                                                      0.000     0.000 r  
    BSCAN_X0Y0           BSCANE2                      0.000     0.000 r  dbg_hub/inst/BSCANID.u_xsdbm_id/SWITCH_N_EXT_BSCAN.bscan_inst/SERIES7_BSCAN.bscan_inst/TCK
                         net (fo=1, routed)           1.741     1.741    dbg_hub/inst/BSCANID.u_xsdbm_id/tck_bs
    BUFGCTRL_X0Y0        BUFG (Prop_bufg_I_O)         0.101     1.842 r  dbg_hub/inst/BSCANID.u_xsdbm_id/SWITCH_N_EXT_BSCAN.u_bufg_icon_tck/O
                         net (fo=482, routed)         1.669     3.511    dbg_hub/inst/BSCANID.u_xsdbm_id/SWITCH_N_EXT_BSCAN.bscan_switch/s_bscan_tck
    SLICE_X13Y57         FDRE                                         r  dbg_hub/inst/BSCANID.u_xsdbm_id/SWITCH_N_EXT_BSCAN.bscan_switch/state_reg[2]/C
  -------------------------------------------------------------------    -------------------
    SLICE_X13Y57         FDRE (Prop_fdre_C_Q)         0.419     3.930 f  dbg_hub/inst/BSCANID.u_xsdbm_id/SWITCH_N_EXT_BSCAN.bscan_switch/state_reg[2]/Q
                         net (fo=50, routed)          1.961     5.891    dbg_hub/inst/BSCANID.u_xsdbm_id/SWITCH_N_EXT_BSCAN.bscan_switch/state[2]
    SLICE_X9Y55          LUT4 (Prop_lut4_I2_O)        0.327     6.218 r  dbg_hub/inst/BSCANID.u_xsdbm_id/SWITCH_N_EXT_BSCAN.bscan_switch/curid_inferred_i_23/O
                         net (fo=2, routed)           0.848     7.066    dbg_hub/inst/BSCANID.u_xsdbm_id/SWITCH_N_EXT_BSCAN.bscan_switch/curid[9]
    SLICE_X7Y54          LUT6 (Prop_lut6_I4_O)        0.326     7.392 r  dbg_hub/inst/BSCANID.u_xsdbm_id/SWITCH_N_EXT_BSCAN.bscan_switch/state_temp[0]_i_12/O
                         net (fo=1, routed)           0.000     7.392    dbg_hub/inst/BSCANID.u_xsdbm_id/SWITCH_N_EXT_BSCAN.bscan_switch/state_temp[0]_i_12_n_0
    SLICE_X7Y54          CARRY4 (Prop_carry4_S[0]_CO[3])
                                                      0.532     7.924 r  dbg_hub/inst/BSCANID.u_xsdbm_id/SWITCH_N_EXT_BSCAN.bscan_switch/state_temp_reg[0]_i_4/CO[3]
                         net (fo=1, routed)           0.000     7.924    dbg_hub/inst/BSCANID.u_xsdbm_id/SWITCH_N_EXT_BSCAN.bscan_switch/state_temp_reg[0]_i_4_n_0
    SLICE_X7Y55          CARRY4 (Prop_carry4_CI_CO[3])
                                                      0.114     8.038 f  dbg_hub/inst/BSCANID.u_xsdbm_id/SWITCH_N_EXT_BSCAN.bscan_switch/state_temp_reg[0]_i_3/CO[3]
                         net (fo=4, routed)           1.543     9.580    dbg_hub/inst/BSCANID.u_xsdbm_id/SWITCH_N_EXT_BSCAN.bscan_switch/state_temp_reg[0]_i_3_n_0
    SLICE_X12Y56         LUT5 (Prop_lut5_I1_O)        0.156     9.736 r  dbg_hub/inst/BSCANID.u_xsdbm_id/SWITCH_N_EXT_BSCAN.bscan_switch/portno_temp[5]_i_2/O
                         net (fo=7, routed)           0.658    10.394    dbg_hub/inst/BSCANID.u_xsdbm_id/SWITCH_N_EXT_BSCAN.bscan_switch/portno_temp[5]_i_2_n_0
    SLICE_X14Y57         LUT3 (Prop_lut3_I1_O)        0.355    10.749 r  dbg_hub/inst/BSCANID.u_xsdbm_id/SWITCH_N_EXT_BSCAN.bscan_switch/portno_temp[3]_i_1/O
                         net (fo=1, routed)           0.000    10.749    dbg_hub/inst/BSCANID.u_xsdbm_id/SWITCH_N_EXT_BSCAN.bscan_switch/portno_temp[3]_i_1_n_0
    SLICE_X14Y57         FDRE                                         r  dbg_hub/inst/BSCANID.u_xsdbm_id/SWITCH_N_EXT_BSCAN.bscan_switch/portno_temp_reg[3]/D
  -------------------------------------------------------------------    -------------------

                         (clock dbg_hub/inst/BSCANID.u_xsdbm_id/SWITCH_N_EXT_BSCAN.bscan_inst/SERIES7_BSCAN.bscan_inst/TCK rise edge)
                                                     33.000    33.000 r  
    BSCAN_X0Y0           BSCANE2                      0.000    33.000 r  dbg_hub/inst/BSCANID.u_xsdbm_id/SWITCH_N_EXT_BSCAN.bscan_inst/SERIES7_BSCAN.bscan_inst/TCK
                         net (fo=1, routed)           1.490    34.490    dbg_hub/inst/BSCANID.u_xsdbm_id/tck_bs
    BUFGCTRL_X0Y0        BUFG (Prop_bufg_I_O)         0.091    34.581 r  dbg_hub/inst/BSCANID.u_xsdbm_id/SWITCH_N_EXT_BSCAN.u_bufg_icon_tck/O
                         net (fo=482, routed)         1.490    36.071    dbg_hub/inst/BSCANID.u_xsdbm_id/SWITCH_N_EXT_BSCAN.bscan_switch/s_bscan_tck
    SLICE_X14Y57         FDRE                                         r  dbg_hub/inst/BSCANID.u_xsdbm_id/SWITCH_N_EXT_BSCAN.bscan_switch/portno_temp_reg[3]/C
                         clock pessimism              0.375    36.446    
                         clock uncertainty           -0.035    36.411    
    SLICE_X14Y57         FDRE (Setup_fdre_C_D)        0.031    36.442    dbg_hub/inst/BSCANID.u_xsdbm_id/SWITCH_N_EXT_BSCAN.bscan_switch/portno_temp_reg[3]
  -------------------------------------------------------------------
                         required time                         36.442    
                         arrival time                         -10.749    
  -------------------------------------------------------------------
                         slack                                 25.692    

Slack (MET) :             25.693ns  (required time - arrival time)
  Source:                 dbg_hub/inst/BSCANID.u_xsdbm_id/SWITCH_N_EXT_BSCAN.bscan_switch/state_reg[2]/C
                            (rising edge-triggered cell FDRE clocked by dbg_hub/inst/BSCANID.u_xsdbm_id/SWITCH_N_EXT_BSCAN.bscan_inst/SERIES7_BSCAN.bscan_inst/TCK  {rise@0.000ns fall@16.500ns period=33.000ns})
  Destination:            dbg_hub/inst/BSCANID.u_xsdbm_id/SWITCH_N_EXT_BSCAN.bscan_switch/portno_temp_reg[0]/D
                            (rising edge-triggered cell FDRE clocked by dbg_hub/inst/BSCANID.u_xsdbm_id/SWITCH_N_EXT_BSCAN.bscan_inst/SERIES7_BSCAN.bscan_inst/TCK  {rise@0.000ns fall@16.500ns period=33.000ns})
  Path Group:             dbg_hub/inst/BSCANID.u_xsdbm_id/SWITCH_N_EXT_BSCAN.bscan_inst/SERIES7_BSCAN.bscan_inst/TCK
  Path Type:              Setup (Max at Slow Process Corner)
  Requirement:            33.000ns  (dbg_hub/inst/BSCANID.u_xsdbm_id/SWITCH_N_EXT_BSCAN.bscan_inst/SERIES7_BSCAN.bscan_inst/TCK rise@33.000ns - dbg_hub/inst/BSCANID.u_xsdbm_id/SWITCH_N_EXT_BSCAN.bscan_inst/SERIES7_BSCAN.bscan_inst/TCK rise@0.000ns)
  Data Path Delay:        7.238ns  (logic 2.229ns (30.796%)  route 5.009ns (69.204%))
  Logic Levels:           6  (CARRY4=2 LUT3=1 LUT4=1 LUT5=1 LUT6=1)
  Clock Path Skew:        -0.065ns (DCD - SCD + CPR)
    Destination Clock Delay (DCD):    3.071ns = ( 36.071 - 33.000 ) 
    Source Clock Delay      (SCD):    3.511ns
    Clock Pessimism Removal (CPR):    0.375ns
  Clock Uncertainty:      0.035ns  ((TSJ^2 + TIJ^2)^1/2 + DJ) / 2 + PE
    Total System Jitter     (TSJ):    0.071ns
    Total Input Jitter      (TIJ):    0.000ns
    Discrete Jitter          (DJ):    0.000ns
    Phase Error              (PE):    0.000ns

    Location             Delay type                Incr(ns)  Path(ns)    Netlist Resource(s)
  -------------------------------------------------------------------    -------------------
                         (clock dbg_hub/inst/BSCANID.u_xsdbm_id/SWITCH_N_EXT_BSCAN.bscan_inst/SERIES7_BSCAN.bscan_inst/TCK rise edge)
                                                      0.000     0.000 r  
    BSCAN_X0Y0           BSCANE2                      0.000     0.000 r  dbg_hub/inst/BSCANID.u_xsdbm_id/SWITCH_N_EXT_BSCAN.bscan_inst/SERIES7_BSCAN.bscan_inst/TCK
                         net (fo=1, routed)           1.741     1.741    dbg_hub/inst/BSCANID.u_xsdbm_id/tck_bs
    BUFGCTRL_X0Y0        BUFG (Prop_bufg_I_O)         0.101     1.842 r  dbg_hub/inst/BSCANID.u_xsdbm_id/SWITCH_N_EXT_BSCAN.u_bufg_icon_tck/O
                         net (fo=482, routed)         1.669     3.511    dbg_hub/inst/BSCANID.u_xsdbm_id/SWITCH_N_EXT_BSCAN.bscan_switch/s_bscan_tck
    SLICE_X13Y57         FDRE                                         r  dbg_hub/inst/BSCANID.u_xsdbm_id/SWITCH_N_EXT_BSCAN.bscan_switch/state_reg[2]/C
  -------------------------------------------------------------------    -------------------
    SLICE_X13Y57         FDRE (Prop_fdre_C_Q)         0.419     3.930 f  dbg_hub/inst/BSCANID.u_xsdbm_id/SWITCH_N_EXT_BSCAN.bscan_switch/state_reg[2]/Q
                         net (fo=50, routed)          1.961     5.891    dbg_hub/inst/BSCANID.u_xsdbm_id/SWITCH_N_EXT_BSCAN.bscan_switch/state[2]
    SLICE_X9Y55          LUT4 (Prop_lut4_I2_O)        0.327     6.218 r  dbg_hub/inst/BSCANID.u_xsdbm_id/SWITCH_N_EXT_BSCAN.bscan_switch/curid_inferred_i_23/O
                         net (fo=2, routed)           0.848     7.066    dbg_hub/inst/BSCANID.u_xsdbm_id/SWITCH_N_EXT_BSCAN.bscan_switch/curid[9]
    SLICE_X7Y54          LUT6 (Prop_lut6_I4_O)        0.326     7.392 r  dbg_hub/inst/BSCANID.u_xsdbm_id/SWITCH_N_EXT_BSCAN.bscan_switch/state_temp[0]_i_12/O
                         net (fo=1, routed)           0.000     7.392    dbg_hub/inst/BSCANID.u_xsdbm_id/SWITCH_N_EXT_BSCAN.bscan_switch/state_temp[0]_i_12_n_0
    SLICE_X7Y54          CARRY4 (Prop_carry4_S[0]_CO[3])
                                                      0.532     7.924 r  dbg_hub/inst/BSCANID.u_xsdbm_id/SWITCH_N_EXT_BSCAN.bscan_switch/state_temp_reg[0]_i_4/CO[3]
                         net (fo=1, routed)           0.000     7.924    dbg_hub/inst/BSCANID.u_xsdbm_id/SWITCH_N_EXT_BSCAN.bscan_switch/state_temp_reg[0]_i_4_n_0
    SLICE_X7Y55          CARRY4 (Prop_carry4_CI_CO[3])
                                                      0.114     8.038 f  dbg_hub/inst/BSCANID.u_xsdbm_id/SWITCH_N_EXT_BSCAN.bscan_switch/state_temp_reg[0]_i_3/CO[3]
                         net (fo=4, routed)           1.543     9.580    dbg_hub/inst/BSCANID.u_xsdbm_id/SWITCH_N_EXT_BSCAN.bscan_switch/state_temp_reg[0]_i_3_n_0
    SLICE_X12Y56         LUT5 (Prop_lut5_I1_O)        0.156     9.736 r  dbg_hub/inst/BSCANID.u_xsdbm_id/SWITCH_N_EXT_BSCAN.bscan_switch/portno_temp[5]_i_2/O
                         net (fo=7, routed)           0.657    10.394    dbg_hub/inst/BSCANID.u_xsdbm_id/SWITCH_N_EXT_BSCAN.bscan_switch/portno_temp[5]_i_2_n_0
    SLICE_X14Y57         LUT3 (Prop_lut3_I1_O)        0.355    10.749 r  dbg_hub/inst/BSCANID.u_xsdbm_id/SWITCH_N_EXT_BSCAN.bscan_switch/portno_temp[0]_i_1/O
                         net (fo=1, routed)           0.000    10.749    dbg_hub/inst/BSCANID.u_xsdbm_id/SWITCH_N_EXT_BSCAN.bscan_switch/portno_temp[0]_i_1_n_0
    SLICE_X14Y57         FDRE                                         r  dbg_hub/inst/BSCANID.u_xsdbm_id/SWITCH_N_EXT_BSCAN.bscan_switch/portno_temp_reg[0]/D
  -------------------------------------------------------------------    -------------------

                         (clock dbg_hub/inst/BSCANID.u_xsdbm_id/SWITCH_N_EXT_BSCAN.bscan_inst/SERIES7_BSCAN.bscan_inst/TCK rise edge)
                                                     33.000    33.000 r  
    BSCAN_X0Y0           BSCANE2                      0.000    33.000 r  dbg_hub/inst/BSCANID.u_xsdbm_id/SWITCH_N_EXT_BSCAN.bscan_inst/SERIES7_BSCAN.bscan_inst/TCK
                         net (fo=1, routed)           1.490    34.490    dbg_hub/inst/BSCANID.u_xsdbm_id/tck_bs
    BUFGCTRL_X0Y0        BUFG (Prop_bufg_I_O)         0.091    34.581 r  dbg_hub/inst/BSCANID.u_xsdbm_id/SWITCH_N_EXT_BSCAN.u_bufg_icon_tck/O
                         net (fo=482, routed)         1.490    36.071    dbg_hub/inst/BSCANID.u_xsdbm_id/SWITCH_N_EXT_BSCAN.bscan_switch/s_bscan_tck
    SLICE_X14Y57         FDRE                                         r  dbg_hub/inst/BSCANID.u_xsdbm_id/SWITCH_N_EXT_BSCAN.bscan_switch/portno_temp_reg[0]/C
                         clock pessimism              0.375    36.446    
                         clock uncertainty           -0.035    36.411    
    SLICE_X14Y57         FDRE (Setup_fdre_C_D)        0.031    36.442    dbg_hub/inst/BSCANID.u_xsdbm_id/SWITCH_N_EXT_BSCAN.bscan_switch/portno_temp_reg[0]
  -------------------------------------------------------------------
                         required time                         36.442    
                         arrival time                         -10.749    
  -------------------------------------------------------------------
                         slack                                 25.693    

Slack (MET) :             25.770ns  (required time - arrival time)
  Source:                 dbg_hub/inst/BSCANID.u_xsdbm_id/SWITCH_N_EXT_BSCAN.bscan_switch/state_reg[1]/C
                            (rising edge-triggered cell FDRE clocked by dbg_hub/inst/BSCANID.u_xsdbm_id/SWITCH_N_EXT_BSCAN.bscan_inst/SERIES7_BSCAN.bscan_inst/TCK  {rise@0.000ns fall@16.500ns period=33.000ns})
  Destination:            dbg_hub/inst/BSCANID.u_xsdbm_id/SWITCH_N_EXT_BSCAN.bscan_switch/state_temp_reg[2]/D
                            (rising edge-triggered cell FDRE clocked by dbg_hub/inst/BSCANID.u_xsdbm_id/SWITCH_N_EXT_BSCAN.bscan_inst/SERIES7_BSCAN.bscan_inst/TCK  {rise@0.000ns fall@16.500ns period=33.000ns})
  Path Group:             dbg_hub/inst/BSCANID.u_xsdbm_id/SWITCH_N_EXT_BSCAN.bscan_inst/SERIES7_BSCAN.bscan_inst/TCK
  Path Type:              Setup (Max at Slow Process Corner)
  Requirement:            33.000ns  (dbg_hub/inst/BSCANID.u_xsdbm_id/SWITCH_N_EXT_BSCAN.bscan_inst/SERIES7_BSCAN.bscan_inst/TCK rise@33.000ns - dbg_hub/inst/BSCANID.u_xsdbm_id/SWITCH_N_EXT_BSCAN.bscan_inst/SERIES7_BSCAN.bscan_inst/TCK rise@0.000ns)
  Data Path Delay:        7.198ns  (logic 2.163ns (30.050%)  route 5.035ns (69.950%))
  Logic Levels:           5  (CARRY4=1 LUT4=1 LUT5=1 LUT6=2)
  Clock Path Skew:        -0.026ns (DCD - SCD + CPR)
    Destination Clock Delay (DCD):    3.077ns = ( 36.077 - 33.000 ) 
    Source Clock Delay      (SCD):    3.512ns
    Clock Pessimism Removal (CPR):    0.409ns
  Clock Uncertainty:      0.035ns  ((TSJ^2 + TIJ^2)^1/2 + DJ) / 2 + PE
    Total System Jitter     (TSJ):    0.071ns
    Total Input Jitter      (TIJ):    0.000ns
    Discrete Jitter          (DJ):    0.000ns
    Phase Error              (PE):    0.000ns

    Location             Delay type                Incr(ns)  Path(ns)    Netlist Resource(s)
  -------------------------------------------------------------------    -------------------
                         (clock dbg_hub/inst/BSCANID.u_xsdbm_id/SWITCH_N_EXT_BSCAN.bscan_inst/SERIES7_BSCAN.bscan_inst/TCK rise edge)
                                                      0.000     0.000 r  
    BSCAN_X0Y0           BSCANE2                      0.000     0.000 r  dbg_hub/inst/BSCANID.u_xsdbm_id/SWITCH_N_EXT_BSCAN.bscan_inst/SERIES7_BSCAN.bscan_inst/TCK
                         net (fo=1, routed)           1.741     1.741    dbg_hub/inst/BSCANID.u_xsdbm_id/tck_bs
    BUFGCTRL_X0Y0        BUFG (Prop_bufg_I_O)         0.101     1.842 r  dbg_hub/inst/BSCANID.u_xsdbm_id/SWITCH_N_EXT_BSCAN.u_bufg_icon_tck/O
                         net (fo=482, routed)         1.670     3.512    dbg_hub/inst/BSCANID.u_xsdbm_id/SWITCH_N_EXT_BSCAN.bscan_switch/s_bscan_tck
    SLICE_X13Y56         FDRE                                         r  dbg_hub/inst/BSCANID.u_xsdbm_id/SWITCH_N_EXT_BSCAN.bscan_switch/state_reg[1]/C
  -------------------------------------------------------------------    -------------------
    SLICE_X13Y56         FDRE (Prop_fdre_C_Q)         0.419     3.931 f  dbg_hub/inst/BSCANID.u_xsdbm_id/SWITCH_N_EXT_BSCAN.bscan_switch/state_reg[1]/Q
                         net (fo=50, routed)          1.605     5.535    dbg_hub/inst/BSCANID.u_xsdbm_id/SWITCH_N_EXT_BSCAN.bscan_switch/state[1]
    SLICE_X6Y57          LUT4 (Prop_lut4_I3_O)        0.328     5.863 r  dbg_hub/inst/BSCANID.u_xsdbm_id/SWITCH_N_EXT_BSCAN.bscan_switch/curid_inferred_i_9/O
                         net (fo=2, routed)           1.245     7.108    dbg_hub/inst/BSCANID.u_xsdbm_id/SWITCH_N_EXT_BSCAN.bscan_switch/curid[23]
    SLICE_X7Y55          LUT6 (Prop_lut6_I1_O)        0.355     7.463 r  dbg_hub/inst/BSCANID.u_xsdbm_id/SWITCH_N_EXT_BSCAN.bscan_switch/state_temp[0]_i_7/O
                         net (fo=1, routed)           0.000     7.463    dbg_hub/inst/BSCANID.u_xsdbm_id/SWITCH_N_EXT_BSCAN.bscan_switch/state_temp[0]_i_7_n_0
    SLICE_X7Y55          CARRY4 (Prop_carry4_S[1]_CO[3])
                                                      0.550     8.013 f  dbg_hub/inst/BSCANID.u_xsdbm_id/SWITCH_N_EXT_BSCAN.bscan_switch/state_temp_reg[0]_i_3/CO[3]
                         net (fo=4, routed)           1.543     9.556    dbg_hub/inst/BSCANID.u_xsdbm_id/SWITCH_N_EXT_BSCAN.bscan_switch/state_temp_reg[0]_i_3_n_0
    SLICE_X12Y56         LUT5 (Prop_lut5_I1_O)        0.156     9.712 r  dbg_hub/inst/BSCANID.u_xsdbm_id/SWITCH_N_EXT_BSCAN.bscan_switch/portno_temp[5]_i_2/O
                         net (fo=7, routed)           0.643    10.355    dbg_hub/inst/BSCANID.u_xsdbm_id/SWITCH_N_EXT_BSCAN.bscan_switch/portno_temp[5]_i_2_n_0
    SLICE_X13Y57         LUT6 (Prop_lut6_I2_O)        0.355    10.710 r  dbg_hub/inst/BSCANID.u_xsdbm_id/SWITCH_N_EXT_BSCAN.bscan_switch/state_temp[2]_i_1/O
                         net (fo=1, routed)           0.000    10.710    dbg_hub/inst/BSCANID.u_xsdbm_id/SWITCH_N_EXT_BSCAN.bscan_switch/state_temp[2]_i_1_n_0
    SLICE_X13Y57         FDRE                                         r  dbg_hub/inst/BSCANID.u_xsdbm_id/SWITCH_N_EXT_BSCAN.bscan_switch/state_temp_reg[2]/D
  -------------------------------------------------------------------    -------------------

                         (clock dbg_hub/inst/BSCANID.u_xsdbm_id/SWITCH_N_EXT_BSCAN.bscan_inst/SERIES7_BSCAN.bscan_inst/TCK rise edge)
                                                     33.000    33.000 r  
    BSCAN_X0Y0           BSCANE2                      0.000    33.000 r  dbg_hub/inst/BSCANID.u_xsdbm_id/SWITCH_N_EXT_BSCAN.bscan_inst/SERIES7_BSCAN.bscan_inst/TCK
                         net (fo=1, routed)           1.490    34.490    dbg_hub/inst/BSCANID.u_xsdbm_id/tck_bs
    BUFGCTRL_X0Y0        BUFG (Prop_bufg_I_O)         0.091    34.581 r  dbg_hub/inst/BSCANID.u_xsdbm_id/SWITCH_N_EXT_BSCAN.u_bufg_icon_tck/O
                         net (fo=482, routed)         1.496    36.077    dbg_hub/inst/BSCANID.u_xsdbm_id/SWITCH_N_EXT_BSCAN.bscan_switch/s_bscan_tck
    SLICE_X13Y57         FDRE                                         r  dbg_hub/inst/BSCANID.u_xsdbm_id/SWITCH_N_EXT_BSCAN.bscan_switch/state_temp_reg[2]/C
                         clock pessimism              0.409    36.486    
                         clock uncertainty           -0.035    36.451    
    SLICE_X13Y57         FDRE (Setup_fdre_C_D)        0.029    36.480    dbg_hub/inst/BSCANID.u_xsdbm_id/SWITCH_N_EXT_BSCAN.bscan_switch/state_temp_reg[2]
  -------------------------------------------------------------------
                         required time                         36.480    
                         arrival time                         -10.710    
  -------------------------------------------------------------------
                         slack                                 25.770    

Slack (MET) :             25.937ns  (required time - arrival time)
  Source:                 dbg_hub/inst/BSCANID.u_xsdbm_id/SWITCH_N_EXT_BSCAN.bscan_switch/state_reg[2]/C
                            (rising edge-triggered cell FDRE clocked by dbg_hub/inst/BSCANID.u_xsdbm_id/SWITCH_N_EXT_BSCAN.bscan_inst/SERIES7_BSCAN.bscan_inst/TCK  {rise@0.000ns fall@16.500ns period=33.000ns})
  Destination:            dbg_hub/inst/BSCANID.u_xsdbm_id/SWITCH_N_EXT_BSCAN.bscan_switch/portno_temp_reg[2]/D
                            (rising edge-triggered cell FDRE clocked by dbg_hub/inst/BSCANID.u_xsdbm_id/SWITCH_N_EXT_BSCAN.bscan_inst/SERIES7_BSCAN.bscan_inst/TCK  {rise@0.000ns fall@16.500ns period=33.000ns})
  Path Group:             dbg_hub/inst/BSCANID.u_xsdbm_id/SWITCH_N_EXT_BSCAN.bscan_inst/SERIES7_BSCAN.bscan_inst/TCK
  Path Type:              Setup (Max at Slow Process Corner)
  Requirement:            33.000ns  (dbg_hub/inst/BSCANID.u_xsdbm_id/SWITCH_N_EXT_BSCAN.bscan_inst/SERIES7_BSCAN.bscan_inst/TCK rise@33.000ns - dbg_hub/inst/BSCANID.u_xsdbm_id/SWITCH_N_EXT_BSCAN.bscan_inst/SERIES7_BSCAN.bscan_inst/TCK rise@0.000ns)
  Data Path Delay:        7.081ns  (logic 2.229ns (31.480%)  route 4.852ns (68.520%))
  Logic Levels:           6  (CARRY4=2 LUT3=1 LUT4=1 LUT5=1 LUT6=1)
  Clock Path Skew:        -0.024ns (DCD - SCD + CPR)
    Destination Clock Delay (DCD):    3.078ns = ( 36.078 - 33.000 ) 
    Source Clock Delay      (SCD):    3.511ns
    Clock Pessimism Removal (CPR):    0.409ns
  Clock Uncertainty:      0.035ns  ((TSJ^2 + TIJ^2)^1/2 + DJ) / 2 + PE
    Total System Jitter     (TSJ):    0.071ns
    Total Input Jitter      (TIJ):    0.000ns
    Discrete Jitter          (DJ):    0.000ns
    Phase Error              (PE):    0.000ns

    Location             Delay type                Incr(ns)  Path(ns)    Netlist Resource(s)
  -------------------------------------------------------------------    -------------------
                         (clock dbg_hub/inst/BSCANID.u_xsdbm_id/SWITCH_N_EXT_BSCAN.bscan_inst/SERIES7_BSCAN.bscan_inst/TCK rise edge)
                                                      0.000     0.000 r  
    BSCAN_X0Y0           BSCANE2                      0.000     0.000 r  dbg_hub/inst/BSCANID.u_xsdbm_id/SWITCH_N_EXT_BSCAN.bscan_inst/SERIES7_BSCAN.bscan_inst/TCK
                         net (fo=1, routed)           1.741     1.741    dbg_hub/inst/BSCANID.u_xsdbm_id/tck_bs
    BUFGCTRL_X0Y0        BUFG (Prop_bufg_I_O)         0.101     1.842 r  dbg_hub/inst/BSCANID.u_xsdbm_id/SWITCH_N_EXT_BSCAN.u_bufg_icon_tck/O
                         net (fo=482, routed)         1.669     3.511    dbg_hub/inst/BSCANID.u_xsdbm_id/SWITCH_N_EXT_BSCAN.bscan_switch/s_bscan_tck
    SLICE_X13Y57         FDRE                                         r  dbg_hub/inst/BSCANID.u_xsdbm_id/SWITCH_N_EXT_BSCAN.bscan_switch/state_reg[2]/C
  -------------------------------------------------------------------    -------------------
    SLICE_X13Y57         FDRE (Prop_fdre_C_Q)         0.419     3.930 f  dbg_hub/inst/BSCANID.u_xsdbm_id/SWITCH_N_EXT_BSCAN.bscan_switch/state_reg[2]/Q
                         net (fo=50, routed)          1.961     5.891    dbg_hub/inst/BSCANID.u_xsdbm_id/SWITCH_N_EXT_BSCAN.bscan_switch/state[2]
    SLICE_X9Y55          LUT4 (Prop_lut4_I2_O)        0.327     6.218 r  dbg_hub/inst/BSCANID.u_xsdbm_id/SWITCH_N_EXT_BSCAN.bscan_switch/curid_inferred_i_23/O
                         net (fo=2, routed)           0.848     7.066    dbg_hub/inst/BSCANID.u_xsdbm_id/SWITCH_N_EXT_BSCAN.bscan_switch/curid[9]
    SLICE_X7Y54          LUT6 (Prop_lut6_I4_O)        0.326     7.392 r  dbg_hub/inst/BSCANID.u_xsdbm_id/SWITCH_N_EXT_BSCAN.bscan_switch/state_temp[0]_i_12/O
                         net (fo=1, routed)           0.000     7.392    dbg_hub/inst/BSCANID.u_xsdbm_id/SWITCH_N_EXT_BSCAN.bscan_switch/state_temp[0]_i_12_n_0
    SLICE_X7Y54          CARRY4 (Prop_carry4_S[0]_CO[3])
                                                      0.532     7.924 r  dbg_hub/inst/BSCANID.u_xsdbm_id/SWITCH_N_EXT_BSCAN.bscan_switch/state_temp_reg[0]_i_4/CO[3]
                         net (fo=1, routed)           0.000     7.924    dbg_hub/inst/BSCANID.u_xsdbm_id/SWITCH_N_EXT_BSCAN.bscan_switch/state_temp_reg[0]_i_4_n_0
    SLICE_X7Y55          CARRY4 (Prop_carry4_CI_CO[3])
                                                      0.114     8.038 f  dbg_hub/inst/BSCANID.u_xsdbm_id/SWITCH_N_EXT_BSCAN.bscan_switch/state_temp_reg[0]_i_3/CO[3]
                         net (fo=4, routed)           1.543     9.580    dbg_hub/inst/BSCANID.u_xsdbm_id/SWITCH_N_EXT_BSCAN.bscan_switch/state_temp_reg[0]_i_3_n_0
    SLICE_X12Y56         LUT5 (Prop_lut5_I1_O)        0.156     9.736 r  dbg_hub/inst/BSCANID.u_xsdbm_id/SWITCH_N_EXT_BSCAN.bscan_switch/portno_temp[5]_i_2/O
                         net (fo=7, routed)           0.500    10.237    dbg_hub/inst/BSCANID.u_xsdbm_id/SWITCH_N_EXT_BSCAN.bscan_switch/portno_temp[5]_i_2_n_0
    SLICE_X12Y56         LUT3 (Prop_lut3_I1_O)        0.355    10.592 r  dbg_hub/inst/BSCANID.u_xsdbm_id/SWITCH_N_EXT_BSCAN.bscan_switch/portno_temp[2]_i_1/O
                         net (fo=1, routed)           0.000    10.592    dbg_hub/inst/BSCANID.u_xsdbm_id/SWITCH_N_EXT_BSCAN.bscan_switch/portno_temp[2]_i_1_n_0
    SLICE_X12Y56         FDRE                                         r  dbg_hub/inst/BSCANID.u_xsdbm_id/SWITCH_N_EXT_BSCAN.bscan_switch/portno_temp_reg[2]/D
  -------------------------------------------------------------------    -------------------

                         (clock dbg_hub/inst/BSCANID.u_xsdbm_id/SWITCH_N_EXT_BSCAN.bscan_inst/SERIES7_BSCAN.bscan_inst/TCK rise edge)
                                                     33.000    33.000 r  
    BSCAN_X0Y0           BSCANE2                      0.000    33.000 r  dbg_hub/inst/BSCANID.u_xsdbm_id/SWITCH_N_EXT_BSCAN.bscan_inst/SERIES7_BSCAN.bscan_inst/TCK
                         net (fo=1, routed)           1.490    34.490    dbg_hub/inst/BSCANID.u_xsdbm_id/tck_bs
    BUFGCTRL_X0Y0        BUFG (Prop_bufg_I_O)         0.091    34.581 r  dbg_hub/inst/BSCANID.u_xsdbm_id/SWITCH_N_EXT_BSCAN.u_bufg_icon_tck/O
                         net (fo=482, routed)         1.497    36.078    dbg_hub/inst/BSCANID.u_xsdbm_id/SWITCH_N_EXT_BSCAN.bscan_switch/s_bscan_tck
    SLICE_X12Y56         FDRE                                         r  dbg_hub/inst/BSCANID.u_xsdbm_id/SWITCH_N_EXT_BSCAN.bscan_switch/portno_temp_reg[2]/C
                         clock pessimism              0.409    36.487    
                         clock uncertainty           -0.035    36.452    
    SLICE_X12Y56         FDRE (Setup_fdre_C_D)        0.077    36.529    dbg_hub/inst/BSCANID.u_xsdbm_id/SWITCH_N_EXT_BSCAN.bscan_switch/portno_temp_reg[2]
  -------------------------------------------------------------------
                         required time                         36.529    
                         arrival time                         -10.592    
  -------------------------------------------------------------------
                         slack                                 25.937    

Slack (MET) :             25.944ns  (required time - arrival time)
  Source:                 dbg_hub/inst/BSCANID.u_xsdbm_id/SWITCH_N_EXT_BSCAN.bscan_switch/state_reg[2]/C
                            (rising edge-triggered cell FDRE clocked by dbg_hub/inst/BSCANID.u_xsdbm_id/SWITCH_N_EXT_BSCAN.bscan_inst/SERIES7_BSCAN.bscan_inst/TCK  {rise@0.000ns fall@16.500ns period=33.000ns})
  Destination:            dbg_hub/inst/BSCANID.u_xsdbm_id/SWITCH_N_EXT_BSCAN.bscan_switch/portno_temp_reg[4]/D
                            (rising edge-triggered cell FDRE clocked by dbg_hub/inst/BSCANID.u_xsdbm_id/SWITCH_N_EXT_BSCAN.bscan_inst/SERIES7_BSCAN.bscan_inst/TCK  {rise@0.000ns fall@16.500ns period=33.000ns})
  Path Group:             dbg_hub/inst/BSCANID.u_xsdbm_id/SWITCH_N_EXT_BSCAN.bscan_inst/SERIES7_BSCAN.bscan_inst/TCK
  Path Type:              Setup (Max at Slow Process Corner)
  Requirement:            33.000ns  (dbg_hub/inst/BSCANID.u_xsdbm_id/SWITCH_N_EXT_BSCAN.bscan_inst/SERIES7_BSCAN.bscan_inst/TCK rise@33.000ns - dbg_hub/inst/BSCANID.u_xsdbm_id/SWITCH_N_EXT_BSCAN.bscan_inst/SERIES7_BSCAN.bscan_inst/TCK rise@0.000ns)
  Data Path Delay:        7.078ns  (logic 2.229ns (31.493%)  route 4.849ns (68.507%))
  Logic Levels:           6  (CARRY4=2 LUT3=1 LUT4=1 LUT5=1 LUT6=1)
  Clock Path Skew:        -0.024ns (DCD - SCD + CPR)
    Destination Clock Delay (DCD):    3.078ns = ( 36.078 - 33.000 ) 
    Source Clock Delay      (SCD):    3.511ns
    Clock Pessimism Removal (CPR):    0.409ns
  Clock Uncertainty:      0.035ns  ((TSJ^2 + TIJ^2)^1/2 + DJ) / 2 + PE
    Total System Jitter     (TSJ):    0.071ns
    Total Input Jitter      (TIJ):    0.000ns
    Discrete Jitter          (DJ):    0.000ns
    Phase Error              (PE):    0.000ns

    Location             Delay type                Incr(ns)  Path(ns)    Netlist Resource(s)
  -------------------------------------------------------------------    -------------------
                         (clock dbg_hub/inst/BSCANID.u_xsdbm_id/SWITCH_N_EXT_BSCAN.bscan_inst/SERIES7_BSCAN.bscan_inst/TCK rise edge)
                                                      0.000     0.000 r  
    BSCAN_X0Y0           BSCANE2                      0.000     0.000 r  dbg_hub/inst/BSCANID.u_xsdbm_id/SWITCH_N_EXT_BSCAN.bscan_inst/SERIES7_BSCAN.bscan_inst/TCK
                         net (fo=1, routed)           1.741     1.741    dbg_hub/inst/BSCANID.u_xsdbm_id/tck_bs
    BUFGCTRL_X0Y0        BUFG (Prop_bufg_I_O)         0.101     1.842 r  dbg_hub/inst/BSCANID.u_xsdbm_id/SWITCH_N_EXT_BSCAN.u_bufg_icon_tck/O
                         net (fo=482, routed)         1.669     3.511    dbg_hub/inst/BSCANID.u_xsdbm_id/SWITCH_N_EXT_BSCAN.bscan_switch/s_bscan_tck
    SLICE_X13Y57         FDRE                                         r  dbg_hub/inst/BSCANID.u_xsdbm_id/SWITCH_N_EXT_BSCAN.bscan_switch/state_reg[2]/C
  -------------------------------------------------------------------    -------------------
    SLICE_X13Y57         FDRE (Prop_fdre_C_Q)         0.419     3.930 f  dbg_hub/inst/BSCANID.u_xsdbm_id/SWITCH_N_EXT_BSCAN.bscan_switch/state_reg[2]/Q
                         net (fo=50, routed)          1.961     5.891    dbg_hub/inst/BSCANID.u_xsdbm_id/SWITCH_N_EXT_BSCAN.bscan_switch/state[2]
    SLICE_X9Y55          LUT4 (Prop_lut4_I2_O)        0.327     6.218 r  dbg_hub/inst/BSCANID.u_xsdbm_id/SWITCH_N_EXT_BSCAN.bscan_switch/curid_inferred_i_23/O
                         net (fo=2, routed)           0.848     7.066    dbg_hub/inst/BSCANID.u_xsdbm_id/SWITCH_N_EXT_BSCAN.bscan_switch/curid[9]
    SLICE_X7Y54          LUT6 (Prop_lut6_I4_O)        0.326     7.392 r  dbg_hub/inst/BSCANID.u_xsdbm_id/SWITCH_N_EXT_BSCAN.bscan_switch/state_temp[0]_i_12/O
                         net (fo=1, routed)           0.000     7.392    dbg_hub/inst/BSCANID.u_xsdbm_id/SWITCH_N_EXT_BSCAN.bscan_switch/state_temp[0]_i_12_n_0
    SLICE_X7Y54          CARRY4 (Prop_carry4_S[0]_CO[3])
                                                      0.532     7.924 r  dbg_hub/inst/BSCANID.u_xsdbm_id/SWITCH_N_EXT_BSCAN.bscan_switch/state_temp_reg[0]_i_4/CO[3]
                         net (fo=1, routed)           0.000     7.924    dbg_hub/inst/BSCANID.u_xsdbm_id/SWITCH_N_EXT_BSCAN.bscan_switch/state_temp_reg[0]_i_4_n_0
    SLICE_X7Y55          CARRY4 (Prop_carry4_CI_CO[3])
                                                      0.114     8.038 f  dbg_hub/inst/BSCANID.u_xsdbm_id/SWITCH_N_EXT_BSCAN.bscan_switch/state_temp_reg[0]_i_3/CO[3]
                         net (fo=4, routed)           1.543     9.580    dbg_hub/inst/BSCANID.u_xsdbm_id/SWITCH_N_EXT_BSCAN.bscan_switch/state_temp_reg[0]_i_3_n_0
    SLICE_X12Y56         LUT5 (Prop_lut5_I1_O)        0.156     9.736 r  dbg_hub/inst/BSCANID.u_xsdbm_id/SWITCH_N_EXT_BSCAN.bscan_switch/portno_temp[5]_i_2/O
                         net (fo=7, routed)           0.497    10.234    dbg_hub/inst/BSCANID.u_xsdbm_id/SWITCH_N_EXT_BSCAN.bscan_switch/portno_temp[5]_i_2_n_0
    SLICE_X12Y56         LUT3 (Prop_lut3_I1_O)        0.355    10.589 r  dbg_hub/inst/BSCANID.u_xsdbm_id/SWITCH_N_EXT_BSCAN.bscan_switch/portno_temp[4]_i_1/O
                         net (fo=1, routed)           0.000    10.589    dbg_hub/inst/BSCANID.u_xsdbm_id/SWITCH_N_EXT_BSCAN.bscan_switch/portno_temp[4]_i_1_n_0
    SLICE_X12Y56         FDRE                                         r  dbg_hub/inst/BSCANID.u_xsdbm_id/SWITCH_N_EXT_BSCAN.bscan_switch/portno_temp_reg[4]/D
  -------------------------------------------------------------------    -------------------

                         (clock dbg_hub/inst/BSCANID.u_xsdbm_id/SWITCH_N_EXT_BSCAN.bscan_inst/SERIES7_BSCAN.bscan_inst/TCK rise edge)
                                                     33.000    33.000 r  
    BSCAN_X0Y0           BSCANE2                      0.000    33.000 r  dbg_hub/inst/BSCANID.u_xsdbm_id/SWITCH_N_EXT_BSCAN.bscan_inst/SERIES7_BSCAN.bscan_inst/TCK
                         net (fo=1, routed)           1.490    34.490    dbg_hub/inst/BSCANID.u_xsdbm_id/tck_bs
    BUFGCTRL_X0Y0        BUFG (Prop_bufg_I_O)         0.091    34.581 r  dbg_hub/inst/BSCANID.u_xsdbm_id/SWITCH_N_EXT_BSCAN.u_bufg_icon_tck/O
                         net (fo=482, routed)         1.497    36.078    dbg_hub/inst/BSCANID.u_xsdbm_id/SWITCH_N_EXT_BSCAN.bscan_switch/s_bscan_tck
    SLICE_X12Y56         FDRE                                         r  dbg_hub/inst/BSCANID.u_xsdbm_id/SWITCH_N_EXT_BSCAN.bscan_switch/portno_temp_reg[4]/C
                         clock pessimism              0.409    36.487    
                         clock uncertainty           -0.035    36.452    
    SLICE_X12Y56         FDRE (Setup_fdre_C_D)        0.081    36.533    dbg_hub/inst/BSCANID.u_xsdbm_id/SWITCH_N_EXT_BSCAN.bscan_switch/portno_temp_reg[4]
  -------------------------------------------------------------------
                         required time                         36.533    
                         arrival time                         -10.589    
  -------------------------------------------------------------------
                         slack                                 25.944    

Slack (MET) :             26.230ns  (required time - arrival time)
  Source:                 dbg_hub/inst/BSCANID.u_xsdbm_id/SWITCH_N_EXT_BSCAN.bscan_switch/state_reg[2]/C
                            (rising edge-triggered cell FDRE clocked by dbg_hub/inst/BSCANID.u_xsdbm_id/SWITCH_N_EXT_BSCAN.bscan_inst/SERIES7_BSCAN.bscan_inst/TCK  {rise@0.000ns fall@16.500ns period=33.000ns})
  Destination:            dbg_hub/inst/BSCANID.u_xsdbm_id/SWITCH_N_EXT_BSCAN.bscan_switch/portno_temp_reg[5]/D
                            (rising edge-triggered cell FDRE clocked by dbg_hub/inst/BSCANID.u_xsdbm_id/SWITCH_N_EXT_BSCAN.bscan_inst/SERIES7_BSCAN.bscan_inst/TCK  {rise@0.000ns fall@16.500ns period=33.000ns})
  Path Group:             dbg_hub/inst/BSCANID.u_xsdbm_id/SWITCH_N_EXT_BSCAN.bscan_inst/SERIES7_BSCAN.bscan_inst/TCK
  Path Type:              Setup (Max at Slow Process Corner)
  Requirement:            33.000ns  (dbg_hub/inst/BSCANID.u_xsdbm_id/SWITCH_N_EXT_BSCAN.bscan_inst/SERIES7_BSCAN.bscan_inst/TCK rise@33.000ns - dbg_hub/inst/BSCANID.u_xsdbm_id/SWITCH_N_EXT_BSCAN.bscan_inst/SERIES7_BSCAN.bscan_inst/TCK rise@0.000ns)
  Data Path Delay:        6.790ns  (logic 2.229ns (32.829%)  route 4.561ns (67.171%))
  Logic Levels:           6  (CARRY4=2 LUT3=1 LUT4=1 LUT5=1 LUT6=1)
  Clock Path Skew:        -0.024ns (DCD - SCD + CPR)
    Destination Clock Delay (DCD):    3.078ns = ( 36.078 - 33.000 ) 
    Source Clock Delay      (SCD):    3.511ns
    Clock Pessimism Removal (CPR):    0.409ns
  Clock Uncertainty:      0.035ns  ((TSJ^2 + TIJ^2)^1/2 + DJ) / 2 + PE
    Total System Jitter     (TSJ):    0.071ns
    Total Input Jitter      (TIJ):    0.000ns
    Discrete Jitter          (DJ):    0.000ns
    Phase Error              (PE):    0.000ns

    Location             Delay type                Incr(ns)  Path(ns)    Netlist Resource(s)
  -------------------------------------------------------------------    -------------------
                         (clock dbg_hub/inst/BSCANID.u_xsdbm_id/SWITCH_N_EXT_BSCAN.bscan_inst/SERIES7_BSCAN.bscan_inst/TCK rise edge)
                                                      0.000     0.000 r  
    BSCAN_X0Y0           BSCANE2                      0.000     0.000 r  dbg_hub/inst/BSCANID.u_xsdbm_id/SWITCH_N_EXT_BSCAN.bscan_inst/SERIES7_BSCAN.bscan_inst/TCK
                         net (fo=1, routed)           1.741     1.741    dbg_hub/inst/BSCANID.u_xsdbm_id/tck_bs
    BUFGCTRL_X0Y0        BUFG (Prop_bufg_I_O)         0.101     1.842 r  dbg_hub/inst/BSCANID.u_xsdbm_id/SWITCH_N_EXT_BSCAN.u_bufg_icon_tck/O
                         net (fo=482, routed)         1.669     3.511    dbg_hub/inst/BSCANID.u_xsdbm_id/SWITCH_N_EXT_BSCAN.bscan_switch/s_bscan_tck
    SLICE_X13Y57         FDRE                                         r  dbg_hub/inst/BSCANID.u_xsdbm_id/SWITCH_N_EXT_BSCAN.bscan_switch/state_reg[2]/C
  -------------------------------------------------------------------    -------------------
    SLICE_X13Y57         FDRE (Prop_fdre_C_Q)         0.419     3.930 f  dbg_hub/inst/BSCANID.u_xsdbm_id/SWITCH_N_EXT_BSCAN.bscan_switch/state_reg[2]/Q
                         net (fo=50, routed)          1.961     5.891    dbg_hub/inst/BSCANID.u_xsdbm_id/SWITCH_N_EXT_BSCAN.bscan_switch/state[2]
    SLICE_X9Y55          LUT4 (Prop_lut4_I2_O)        0.327     6.218 r  dbg_hub/inst/BSCANID.u_xsdbm_id/SWITCH_N_EXT_BSCAN.bscan_switch/curid_inferred_i_23/O
                         net (fo=2, routed)           0.848     7.066    dbg_hub/inst/BSCANID.u_xsdbm_id/SWITCH_N_EXT_BSCAN.bscan_switch/curid[9]
    SLICE_X7Y54          LUT6 (Prop_lut6_I4_O)        0.326     7.392 r  dbg_hub/inst/BSCANID.u_xsdbm_id/SWITCH_N_EXT_BSCAN.bscan_switch/state_temp[0]_i_12/O
                         net (fo=1, routed)           0.000     7.392    dbg_hub/inst/BSCANID.u_xsdbm_id/SWITCH_N_EXT_BSCAN.bscan_switch/state_temp[0]_i_12_n_0
    SLICE_X7Y54          CARRY4 (Prop_carry4_S[0]_CO[3])
                                                      0.532     7.924 r  dbg_hub/inst/BSCANID.u_xsdbm_id/SWITCH_N_EXT_BSCAN.bscan_switch/state_temp_reg[0]_i_4/CO[3]
                         net (fo=1, routed)           0.000     7.924    dbg_hub/inst/BSCANID.u_xsdbm_id/SWITCH_N_EXT_BSCAN.bscan_switch/state_temp_reg[0]_i_4_n_0
    SLICE_X7Y55          CARRY4 (Prop_carry4_CI_CO[3])
                                                      0.114     8.038 f  dbg_hub/inst/BSCANID.u_xsdbm_id/SWITCH_N_EXT_BSCAN.bscan_switch/state_temp_reg[0]_i_3/CO[3]
                         net (fo=4, routed)           1.543     9.580    dbg_hub/inst/BSCANID.u_xsdbm_id/SWITCH_N_EXT_BSCAN.bscan_switch/state_temp_reg[0]_i_3_n_0
    SLICE_X12Y56         LUT5 (Prop_lut5_I1_O)        0.156     9.736 r  dbg_hub/inst/BSCANID.u_xsdbm_id/SWITCH_N_EXT_BSCAN.bscan_switch/portno_temp[5]_i_2/O
                         net (fo=7, routed)           0.209     9.946    dbg_hub/inst/BSCANID.u_xsdbm_id/SWITCH_N_EXT_BSCAN.bscan_switch/portno_temp[5]_i_2_n_0
    SLICE_X12Y56         LUT3 (Prop_lut3_I1_O)        0.355    10.301 r  dbg_hub/inst/BSCANID.u_xsdbm_id/SWITCH_N_EXT_BSCAN.bscan_switch/portno_temp[5]_i_1/O
                         net (fo=1, routed)           0.000    10.301    dbg_hub/inst/BSCANID.u_xsdbm_id/SWITCH_N_EXT_BSCAN.bscan_switch/portno_temp[5]_i_1_n_0
    SLICE_X12Y56         FDRE                                         r  dbg_hub/inst/BSCANID.u_xsdbm_id/SWITCH_N_EXT_BSCAN.bscan_switch/portno_temp_reg[5]/D
  -------------------------------------------------------------------    -------------------

                         (clock dbg_hub/inst/BSCANID.u_xsdbm_id/SWITCH_N_EXT_BSCAN.bscan_inst/SERIES7_BSCAN.bscan_inst/TCK rise edge)
                                                     33.000    33.000 r  
    BSCAN_X0Y0           BSCANE2                      0.000    33.000 r  dbg_hub/inst/BSCANID.u_xsdbm_id/SWITCH_N_EXT_BSCAN.bscan_inst/SERIES7_BSCAN.bscan_inst/TCK
                         net (fo=1, routed)           1.490    34.490    dbg_hub/inst/BSCANID.u_xsdbm_id/tck_bs
    BUFGCTRL_X0Y0        BUFG (Prop_bufg_I_O)         0.091    34.581 r  dbg_hub/inst/BSCANID.u_xsdbm_id/SWITCH_N_EXT_BSCAN.u_bufg_icon_tck/O
                         net (fo=482, routed)         1.497    36.078    dbg_hub/inst/BSCANID.u_xsdbm_id/SWITCH_N_EXT_BSCAN.bscan_switch/s_bscan_tck
    SLICE_X12Y56         FDRE                                         r  dbg_hub/inst/BSCANID.u_xsdbm_id/SWITCH_N_EXT_BSCAN.bscan_switch/portno_temp_reg[5]/C
                         clock pessimism              0.409    36.487    
                         clock uncertainty           -0.035    36.452    
    SLICE_X12Y56         FDRE (Setup_fdre_C_D)        0.079    36.531    dbg_hub/inst/BSCANID.u_xsdbm_id/SWITCH_N_EXT_BSCAN.bscan_switch/portno_temp_reg[5]
  -------------------------------------------------------------------
                         required time                         36.531    
                         arrival time                         -10.301    
  -------------------------------------------------------------------
                         slack                                 26.230    

Slack (MET) :             26.727ns  (required time - arrival time)
  Source:                 dbg_hub/inst/BSCANID.u_xsdbm_id/SWITCH_N_EXT_BSCAN.bscan_switch/state_reg[2]/C
                            (rising edge-triggered cell FDRE clocked by dbg_hub/inst/BSCANID.u_xsdbm_id/SWITCH_N_EXT_BSCAN.bscan_inst/SERIES7_BSCAN.bscan_inst/TCK  {rise@0.000ns fall@16.500ns period=33.000ns})
  Destination:            dbg_hub/inst/BSCANID.u_xsdbm_id/SWITCH_N_EXT_BSCAN.bscan_switch/state_temp_reg[1]/D
                            (rising edge-triggered cell FDRE clocked by dbg_hub/inst/BSCANID.u_xsdbm_id/SWITCH_N_EXT_BSCAN.bscan_inst/SERIES7_BSCAN.bscan_inst/TCK  {rise@0.000ns fall@16.500ns period=33.000ns})
  Path Group:             dbg_hub/inst/BSCANID.u_xsdbm_id/SWITCH_N_EXT_BSCAN.bscan_inst/SERIES7_BSCAN.bscan_inst/TCK
  Path Type:              Setup (Max at Slow Process Corner)
  Requirement:            33.000ns  (dbg_hub/inst/BSCANID.u_xsdbm_id/SWITCH_N_EXT_BSCAN.bscan_inst/SERIES7_BSCAN.bscan_inst/TCK rise@33.000ns - dbg_hub/inst/BSCANID.u_xsdbm_id/SWITCH_N_EXT_BSCAN.bscan_inst/SERIES7_BSCAN.bscan_inst/TCK rise@0.000ns)
  Data Path Delay:        6.245ns  (logic 1.966ns (31.482%)  route 4.279ns (68.518%))
  Logic Levels:           6  (CARRY4=2 LUT4=1 LUT6=3)
  Clock Path Skew:        -0.024ns (DCD - SCD + CPR)
    Destination Clock Delay (DCD):    3.078ns = ( 36.078 - 33.000 ) 
    Source Clock Delay      (SCD):    3.511ns
    Clock Pessimism Removal (CPR):    0.409ns
  Clock Uncertainty:      0.035ns  ((TSJ^2 + TIJ^2)^1/2 + DJ) / 2 + PE
    Total System Jitter     (TSJ):    0.071ns
    Total Input Jitter      (TIJ):    0.000ns
    Discrete Jitter          (DJ):    0.000ns
    Phase Error              (PE):    0.000ns

    Location             Delay type                Incr(ns)  Path(ns)    Netlist Resource(s)
  -------------------------------------------------------------------    -------------------
                         (clock dbg_hub/inst/BSCANID.u_xsdbm_id/SWITCH_N_EXT_BSCAN.bscan_inst/SERIES7_BSCAN.bscan_inst/TCK rise edge)
                                                      0.000     0.000 r  
    BSCAN_X0Y0           BSCANE2                      0.000     0.000 r  dbg_hub/inst/BSCANID.u_xsdbm_id/SWITCH_N_EXT_BSCAN.bscan_inst/SERIES7_BSCAN.bscan_inst/TCK
                         net (fo=1, routed)           1.741     1.741    dbg_hub/inst/BSCANID.u_xsdbm_id/tck_bs
    BUFGCTRL_X0Y0        BUFG (Prop_bufg_I_O)         0.101     1.842 r  dbg_hub/inst/BSCANID.u_xsdbm_id/SWITCH_N_EXT_BSCAN.u_bufg_icon_tck/O
                         net (fo=482, routed)         1.669     3.511    dbg_hub/inst/BSCANID.u_xsdbm_id/SWITCH_N_EXT_BSCAN.bscan_switch/s_bscan_tck
    SLICE_X13Y57         FDRE                                         r  dbg_hub/inst/BSCANID.u_xsdbm_id/SWITCH_N_EXT_BSCAN.bscan_switch/state_reg[2]/C
  -------------------------------------------------------------------    -------------------
    SLICE_X13Y57         FDRE (Prop_fdre_C_Q)         0.419     3.930 f  dbg_hub/inst/BSCANID.u_xsdbm_id/SWITCH_N_EXT_BSCAN.bscan_switch/state_reg[2]/Q
                         net (fo=50, routed)          1.961     5.891    dbg_hub/inst/BSCANID.u_xsdbm_id/SWITCH_N_EXT_BSCAN.bscan_switch/state[2]
    SLICE_X9Y55          LUT4 (Prop_lut4_I2_O)        0.327     6.218 r  dbg_hub/inst/BSCANID.u_xsdbm_id/SWITCH_N_EXT_BSCAN.bscan_switch/curid_inferred_i_23/O
                         net (fo=2, routed)           0.848     7.066    dbg_hub/inst/BSCANID.u_xsdbm_id/SWITCH_N_EXT_BSCAN.bscan_switch/curid[9]
    SLICE_X7Y54          LUT6 (Prop_lut6_I4_O)        0.326     7.392 r  dbg_hub/inst/BSCANID.u_xsdbm_id/SWITCH_N_EXT_BSCAN.bscan_switch/state_temp[0]_i_12/O
                         net (fo=1, routed)           0.000     7.392    dbg_hub/inst/BSCANID.u_xsdbm_id/SWITCH_N_EXT_BSCAN.bscan_switch/state_temp[0]_i_12_n_0
    SLICE_X7Y54          CARRY4 (Prop_carry4_S[0]_CO[3])
                                                      0.532     7.924 r  dbg_hub/inst/BSCANID.u_xsdbm_id/SWITCH_N_EXT_BSCAN.bscan_switch/state_temp_reg[0]_i_4/CO[3]
                         net (fo=1, routed)           0.000     7.924    dbg_hub/inst/BSCANID.u_xsdbm_id/SWITCH_N_EXT_BSCAN.bscan_switch/state_temp_reg[0]_i_4_n_0
    SLICE_X7Y55          CARRY4 (Prop_carry4_CI_CO[3])
                                                      0.114     8.038 f  dbg_hub/inst/BSCANID.u_xsdbm_id/SWITCH_N_EXT_BSCAN.bscan_switch/state_temp_reg[0]_i_3/CO[3]
                         net (fo=4, routed)           0.825     8.863    dbg_hub/inst/BSCANID.u_xsdbm_id/SWITCH_N_EXT_BSCAN.bscan_switch/state_temp_reg[0]_i_3_n_0
    SLICE_X13Y56         LUT6 (Prop_lut6_I5_O)        0.124     8.987 f  dbg_hub/inst/BSCANID.u_xsdbm_id/SWITCH_N_EXT_BSCAN.bscan_switch/state_temp[1]_i_2/O
                         net (fo=1, routed)           0.645     9.632    dbg_hub/inst/BSCANID.u_xsdbm_id/SWITCH_N_EXT_BSCAN.bscan_switch/state_temp[1]_i_2_n_0
    SLICE_X13Y56         LUT6 (Prop_lut6_I5_O)        0.124     9.756 r  dbg_hub/inst/BSCANID.u_xsdbm_id/SWITCH_N_EXT_BSCAN.bscan_switch/state_temp[1]_i_1/O
                         net (fo=1, routed)           0.000     9.756    dbg_hub/inst/BSCANID.u_xsdbm_id/SWITCH_N_EXT_BSCAN.bscan_switch/state_temp[1]_i_1_n_0
    SLICE_X13Y56         FDRE                                         r  dbg_hub/inst/BSCANID.u_xsdbm_id/SWITCH_N_EXT_BSCAN.bscan_switch/state_temp_reg[1]/D
  -------------------------------------------------------------------    -------------------

                         (clock dbg_hub/inst/BSCANID.u_xsdbm_id/SWITCH_N_EXT_BSCAN.bscan_inst/SERIES7_BSCAN.bscan_inst/TCK rise edge)
                                                     33.000    33.000 r  
    BSCAN_X0Y0           BSCANE2                      0.000    33.000 r  dbg_hub/inst/BSCANID.u_xsdbm_id/SWITCH_N_EXT_BSCAN.bscan_inst/SERIES7_BSCAN.bscan_inst/TCK
                         net (fo=1, routed)           1.490    34.490    dbg_hub/inst/BSCANID.u_xsdbm_id/tck_bs
    BUFGCTRL_X0Y0        BUFG (Prop_bufg_I_O)         0.091    34.581 r  dbg_hub/inst/BSCANID.u_xsdbm_id/SWITCH_N_EXT_BSCAN.u_bufg_icon_tck/O
                         net (fo=482, routed)         1.497    36.078    dbg_hub/inst/BSCANID.u_xsdbm_id/SWITCH_N_EXT_BSCAN.bscan_switch/s_bscan_tck
    SLICE_X13Y56         FDRE                                         r  dbg_hub/inst/BSCANID.u_xsdbm_id/SWITCH_N_EXT_BSCAN.bscan_switch/state_temp_reg[1]/C
                         clock pessimism              0.409    36.487    
                         clock uncertainty           -0.035    36.452    
    SLICE_X13Y56         FDRE (Setup_fdre_C_D)        0.031    36.483    dbg_hub/inst/BSCANID.u_xsdbm_id/SWITCH_N_EXT_BSCAN.bscan_switch/state_temp_reg[1]
  -------------------------------------------------------------------
                         required time                         36.483    
                         arrival time                          -9.756    
  -------------------------------------------------------------------
                         slack                                 26.727    

Slack (MET) :             26.992ns  (required time - arrival time)
  Source:                 dbg_hub/inst/BSCANID.u_xsdbm_id/SWITCH_N_EXT_BSCAN.bscan_switch/state_reg[2]/C
                            (rising edge-triggered cell FDRE clocked by dbg_hub/inst/BSCANID.u_xsdbm_id/SWITCH_N_EXT_BSCAN.bscan_inst/SERIES7_BSCAN.bscan_inst/TCK  {rise@0.000ns fall@16.500ns period=33.000ns})
  Destination:            dbg_hub/inst/BSCANID.u_xsdbm_id/SWITCH_N_EXT_BSCAN.bscan_switch/state_temp_reg[0]/D
                            (rising edge-triggered cell FDRE clocked by dbg_hub/inst/BSCANID.u_xsdbm_id/SWITCH_N_EXT_BSCAN.bscan_inst/SERIES7_BSCAN.bscan_inst/TCK  {rise@0.000ns fall@16.500ns period=33.000ns})
  Path Group:             dbg_hub/inst/BSCANID.u_xsdbm_id/SWITCH_N_EXT_BSCAN.bscan_inst/SERIES7_BSCAN.bscan_inst/TCK
  Path Type:              Setup (Max at Slow Process Corner)
  Requirement:            33.000ns  (dbg_hub/inst/BSCANID.u_xsdbm_id/SWITCH_N_EXT_BSCAN.bscan_inst/SERIES7_BSCAN.bscan_inst/TCK rise@33.000ns - dbg_hub/inst/BSCANID.u_xsdbm_id/SWITCH_N_EXT_BSCAN.bscan_inst/SERIES7_BSCAN.bscan_inst/TCK rise@0.000ns)
  Data Path Delay:        5.978ns  (logic 1.842ns (30.814%)  route 4.136ns (69.186%))
  Logic Levels:           5  (CARRY4=2 LUT4=1 LUT6=2)
  Clock Path Skew:        -0.024ns (DCD - SCD + CPR)
    Destination Clock Delay (DCD):    3.078ns = ( 36.078 - 33.000 ) 
    Source Clock Delay      (SCD):    3.511ns
    Clock Pessimism Removal (CPR):    0.409ns
  Clock Uncertainty:      0.035ns  ((TSJ^2 + TIJ^2)^1/2 + DJ) / 2 + PE
    Total System Jitter     (TSJ):    0.071ns
    Total Input Jitter      (TIJ):    0.000ns
    Discrete Jitter          (DJ):    0.000ns
    Phase Error              (PE):    0.000ns

    Location             Delay type                Incr(ns)  Path(ns)    Netlist Resource(s)
  -------------------------------------------------------------------    -------------------
                         (clock dbg_hub/inst/BSCANID.u_xsdbm_id/SWITCH_N_EXT_BSCAN.bscan_inst/SERIES7_BSCAN.bscan_inst/TCK rise edge)
                                                      0.000     0.000 r  
    BSCAN_X0Y0           BSCANE2                      0.000     0.000 r  dbg_hub/inst/BSCANID.u_xsdbm_id/SWITCH_N_EXT_BSCAN.bscan_inst/SERIES7_BSCAN.bscan_inst/TCK
                         net (fo=1, routed)           1.741     1.741    dbg_hub/inst/BSCANID.u_xsdbm_id/tck_bs
    BUFGCTRL_X0Y0        BUFG (Prop_bufg_I_O)         0.101     1.842 r  dbg_hub/inst/BSCANID.u_xsdbm_id/SWITCH_N_EXT_BSCAN.u_bufg_icon_tck/O
                         net (fo=482, routed)         1.669     3.511    dbg_hub/inst/BSCANID.u_xsdbm_id/SWITCH_N_EXT_BSCAN.bscan_switch/s_bscan_tck
    SLICE_X13Y57         FDRE                                         r  dbg_hub/inst/BSCANID.u_xsdbm_id/SWITCH_N_EXT_BSCAN.bscan_switch/state_reg[2]/C
  -------------------------------------------------------------------    -------------------
    SLICE_X13Y57         FDRE (Prop_fdre_C_Q)         0.419     3.930 f  dbg_hub/inst/BSCANID.u_xsdbm_id/SWITCH_N_EXT_BSCAN.bscan_switch/state_reg[2]/Q
                         net (fo=50, routed)          1.961     5.891    dbg_hub/inst/BSCANID.u_xsdbm_id/SWITCH_N_EXT_BSCAN.bscan_switch/state[2]
    SLICE_X9Y55          LUT4 (Prop_lut4_I2_O)        0.327     6.218 r  dbg_hub/inst/BSCANID.u_xsdbm_id/SWITCH_N_EXT_BSCAN.bscan_switch/curid_inferred_i_23/O
                         net (fo=2, routed)           0.848     7.066    dbg_hub/inst/BSCANID.u_xsdbm_id/SWITCH_N_EXT_BSCAN.bscan_switch/curid[9]
    SLICE_X7Y54          LUT6 (Prop_lut6_I4_O)        0.326     7.392 r  dbg_hub/inst/BSCANID.u_xsdbm_id/SWITCH_N_EXT_BSCAN.bscan_switch/state_temp[0]_i_12/O
                         net (fo=1, routed)           0.000     7.392    dbg_hub/inst/BSCANID.u_xsdbm_id/SWITCH_N_EXT_BSCAN.bscan_switch/state_temp[0]_i_12_n_0
    SLICE_X7Y54          CARRY4 (Prop_carry4_S[0]_CO[3])
                                                      0.532     7.924 r  dbg_hub/inst/BSCANID.u_xsdbm_id/SWITCH_N_EXT_BSCAN.bscan_switch/state_temp_reg[0]_i_4/CO[3]
                         net (fo=1, routed)           0.000     7.924    dbg_hub/inst/BSCANID.u_xsdbm_id/SWITCH_N_EXT_BSCAN.bscan_switch/state_temp_reg[0]_i_4_n_0
    SLICE_X7Y55          CARRY4 (Prop_carry4_CI_CO[3])
                                                      0.114     8.038 f  dbg_hub/inst/BSCANID.u_xsdbm_id/SWITCH_N_EXT_BSCAN.bscan_switch/state_temp_reg[0]_i_3/CO[3]
                         net (fo=4, routed)           1.327     9.365    dbg_hub/inst/BSCANID.u_xsdbm_id/SWITCH_N_EXT_BSCAN.bscan_switch/state_temp_reg[0]_i_3_n_0
    SLICE_X13Y56         LUT6 (Prop_lut6_I2_O)        0.124     9.489 r  dbg_hub/inst/BSCANID.u_xsdbm_id/SWITCH_N_EXT_BSCAN.bscan_switch/state_temp[0]_i_1/O
                         net (fo=1, routed)           0.000     9.489    dbg_hub/inst/BSCANID.u_xsdbm_id/SWITCH_N_EXT_BSCAN.bscan_switch/state_temp[0]_i_1_n_0
    SLICE_X13Y56         FDRE                                         r  dbg_hub/inst/BSCANID.u_xsdbm_id/SWITCH_N_EXT_BSCAN.bscan_switch/state_temp_reg[0]/D
  -------------------------------------------------------------------    -------------------

                         (clock dbg_hub/inst/BSCANID.u_xsdbm_id/SWITCH_N_EXT_BSCAN.bscan_inst/SERIES7_BSCAN.bscan_inst/TCK rise edge)
                                                     33.000    33.000 r  
    BSCAN_X0Y0           BSCANE2                      0.000    33.000 r  dbg_hub/inst/BSCANID.u_xsdbm_id/SWITCH_N_EXT_BSCAN.bscan_inst/SERIES7_BSCAN.bscan_inst/TCK
                         net (fo=1, routed)           1.490    34.490    dbg_hub/inst/BSCANID.u_xsdbm_id/tck_bs
    BUFGCTRL_X0Y0        BUFG (Prop_bufg_I_O)         0.091    34.581 r  dbg_hub/inst/BSCANID.u_xsdbm_id/SWITCH_N_EXT_BSCAN.u_bufg_icon_tck/O
                         net (fo=482, routed)         1.497    36.078    dbg_hub/inst/BSCANID.u_xsdbm_id/SWITCH_N_EXT_BSCAN.bscan_switch/s_bscan_tck
    SLICE_X13Y56         FDRE                                         r  dbg_hub/inst/BSCANID.u_xsdbm_id/SWITCH_N_EXT_BSCAN.bscan_switch/state_temp_reg[0]/C
                         clock pessimism              0.409    36.487    
                         clock uncertainty           -0.035    36.452    
    SLICE_X13Y56         FDRE (Setup_fdre_C_D)        0.029    36.481    dbg_hub/inst/BSCANID.u_xsdbm_id/SWITCH_N_EXT_BSCAN.bscan_switch/state_temp_reg[0]
  -------------------------------------------------------------------
                         required time                         36.481    
                         arrival time                          -9.489    
  -------------------------------------------------------------------
                         slack                                 26.992    

Slack (MET) :             27.021ns  (required time - arrival time)
  Source:                 dbg_hub/inst/BSCANID.u_xsdbm_id/SWITCH_N_EXT_BSCAN.bscan_switch/portno_reg[4]/C
                            (rising edge-triggered cell FDRE clocked by dbg_hub/inst/BSCANID.u_xsdbm_id/SWITCH_N_EXT_BSCAN.bscan_inst/SERIES7_BSCAN.bscan_inst/TCK  {rise@0.000ns fall@16.500ns period=33.000ns})
  Destination:            dbg_hub/inst/BSCANID.u_xsdbm_id/CORE_XSDB.U_ICON/U_STAT/iSTAT_CNT_reg[0]/R
                            (rising edge-triggered cell FDRE clocked by dbg_hub/inst/BSCANID.u_xsdbm_id/SWITCH_N_EXT_BSCAN.bscan_inst/SERIES7_BSCAN.bscan_inst/TCK  {rise@0.000ns fall@16.500ns period=33.000ns})
  Path Group:             dbg_hub/inst/BSCANID.u_xsdbm_id/SWITCH_N_EXT_BSCAN.bscan_inst/SERIES7_BSCAN.bscan_inst/TCK
  Path Type:              Setup (Max at Slow Process Corner)
  Requirement:            33.000ns  (dbg_hub/inst/BSCANID.u_xsdbm_id/SWITCH_N_EXT_BSCAN.bscan_inst/SERIES7_BSCAN.bscan_inst/TCK rise@33.000ns - dbg_hub/inst/BSCANID.u_xsdbm_id/SWITCH_N_EXT_BSCAN.bscan_inst/SERIES7_BSCAN.bscan_inst/TCK rise@0.000ns)
  Data Path Delay:        5.454ns  (logic 0.952ns (17.455%)  route 4.502ns (82.545%))
  Logic Levels:           4  (LUT4=1 LUT5=2 LUT6=1)
  Clock Path Skew:        -0.061ns (DCD - SCD + CPR)
    Destination Clock Delay (DCD):    3.071ns = ( 36.071 - 33.000 ) 
    Source Clock Delay      (SCD):    3.507ns
    Clock Pessimism Removal (CPR):    0.375ns
  Clock Uncertainty:      0.035ns  ((TSJ^2 + TIJ^2)^1/2 + DJ) / 2 + PE
    Total System Jitter     (TSJ):    0.071ns
    Total Input Jitter      (TIJ):    0.000ns
    Discrete Jitter          (DJ):    0.000ns
    Phase Error              (PE):    0.000ns

    Location             Delay type                Incr(ns)  Path(ns)    Netlist Resource(s)
  -------------------------------------------------------------------    -------------------
                         (clock dbg_hub/inst/BSCANID.u_xsdbm_id/SWITCH_N_EXT_BSCAN.bscan_inst/SERIES7_BSCAN.bscan_inst/TCK rise edge)
                                                      0.000     0.000 r  
    BSCAN_X0Y0           BSCANE2                      0.000     0.000 r  dbg_hub/inst/BSCANID.u_xsdbm_id/SWITCH_N_EXT_BSCAN.bscan_inst/SERIES7_BSCAN.bscan_inst/TCK
                         net (fo=1, routed)           1.741     1.741    dbg_hub/inst/BSCANID.u_xsdbm_id/tck_bs
    BUFGCTRL_X0Y0        BUFG (Prop_bufg_I_O)         0.101     1.842 r  dbg_hub/inst/BSCANID.u_xsdbm_id/SWITCH_N_EXT_BSCAN.u_bufg_icon_tck/O
                         net (fo=482, routed)         1.665     3.507    dbg_hub/inst/BSCANID.u_xsdbm_id/SWITCH_N_EXT_BSCAN.bscan_switch/s_bscan_tck
    SLICE_X14Y56         FDRE                                         r  dbg_hub/inst/BSCANID.u_xsdbm_id/SWITCH_N_EXT_BSCAN.bscan_switch/portno_reg[4]/C
  -------------------------------------------------------------------    -------------------
    SLICE_X14Y56         FDRE (Prop_fdre_C_Q)         0.456     3.963 r  dbg_hub/inst/BSCANID.u_xsdbm_id/SWITCH_N_EXT_BSCAN.bscan_switch/portno_reg[4]/Q
                         net (fo=1, routed)           1.109     5.072    dbg_hub/inst/BSCANID.u_xsdbm_id/SWITCH_N_EXT_BSCAN.bscan_switch/portno[4]
    SLICE_X14Y56         LUT6 (Prop_lut6_I4_O)        0.124     5.196 r  dbg_hub/inst/BSCANID.u_xsdbm_id/SWITCH_N_EXT_BSCAN.bscan_switch/m_bscan_drck[0]_INST_0_i_1/O
                         net (fo=5, routed)           0.971     6.168    dbg_hub/inst/BSCANID.u_xsdbm_id/SWITCH_N_EXT_BSCAN.bscan_switch/m_bscan_drck[0]_INST_0_i_1_n_0
    SLICE_X13Y55         LUT5 (Prop_lut5_I3_O)        0.124     6.292 f  dbg_hub/inst/BSCANID.u_xsdbm_id/SWITCH_N_EXT_BSCAN.bscan_switch/m_bscan_shift[0]_INST_0/O
                         net (fo=4, routed)           0.839     7.130    dbg_hub/inst/BSCANID.u_xsdbm_id/CORE_XSDB.U_ICON/U_CMD/icn_cmd_en_reg[7]
    SLICE_X15Y55         LUT4 (Prop_lut4_I1_O)        0.124     7.254 f  dbg_hub/inst/BSCANID.u_xsdbm_id/CORE_XSDB.U_ICON/U_CMD/iSTAT_CNT[5]_i_4/O
                         net (fo=1, routed)           0.965     8.219    dbg_hub/inst/BSCANID.u_xsdbm_id/CORE_XSDB.U_ICON/U_CMD/iSTAT_CNT[5]_i_4_n_0
    SLICE_X16Y55         LUT5 (Prop_lut5_I4_O)        0.124     8.343 r  dbg_hub/inst/BSCANID.u_xsdbm_id/CORE_XSDB.U_ICON/U_CMD/iSTAT_CNT[5]_i_1/O
                         net (fo=6, routed)           0.618     8.961    dbg_hub/inst/BSCANID.u_xsdbm_id/CORE_XSDB.U_ICON/U_STAT/SR[0]
    SLICE_X18Y53         FDRE                                         r  dbg_hub/inst/BSCANID.u_xsdbm_id/CORE_XSDB.U_ICON/U_STAT/iSTAT_CNT_reg[0]/R
  -------------------------------------------------------------------    -------------------

                         (clock dbg_hub/inst/BSCANID.u_xsdbm_id/SWITCH_N_EXT_BSCAN.bscan_inst/SERIES7_BSCAN.bscan_inst/TCK rise edge)
                                                     33.000    33.000 r  
    BSCAN_X0Y0           BSCANE2                      0.000    33.000 r  dbg_hub/inst/BSCANID.u_xsdbm_id/SWITCH_N_EXT_BSCAN.bscan_inst/SERIES7_BSCAN.bscan_inst/TCK
                         net (fo=1, routed)           1.490    34.490    dbg_hub/inst/BSCANID.u_xsdbm_id/tck_bs
    BUFGCTRL_X0Y0        BUFG (Prop_bufg_I_O)         0.091    34.581 r  dbg_hub/inst/BSCANID.u_xsdbm_id/SWITCH_N_EXT_BSCAN.u_bufg_icon_tck/O
                         net (fo=482, routed)         1.490    36.071    dbg_hub/inst/BSCANID.u_xsdbm_id/CORE_XSDB.U_ICON/U_STAT/m_bscan_tck[0]
    SLICE_X18Y53         FDRE                                         r  dbg_hub/inst/BSCANID.u_xsdbm_id/CORE_XSDB.U_ICON/U_STAT/iSTAT_CNT_reg[0]/C
                         clock pessimism              0.375    36.446    
                         clock uncertainty           -0.035    36.411    
    SLICE_X18Y53         FDRE (Setup_fdre_C_R)       -0.429    35.982    dbg_hub/inst/BSCANID.u_xsdbm_id/CORE_XSDB.U_ICON/U_STAT/iSTAT_CNT_reg[0]
  -------------------------------------------------------------------
                         required time                         35.982    
                         arrival time                          -8.961    
  -------------------------------------------------------------------
                         slack                                 27.021    





Min Delay Paths
--------------------------------------------------------------------------------------
Slack (MET) :             0.028ns  (arrival time - required time)
  Source:                 dbg_hub/inst/BSCANID.u_xsdbm_id/CORE_XSDB.UUT_MASTER/U_ICON_INTERFACE/U_CMD4/shift_reg_in_reg[4]/C
                            (rising edge-triggered cell FDRE clocked by dbg_hub/inst/BSCANID.u_xsdbm_id/SWITCH_N_EXT_BSCAN.bscan_inst/SERIES7_BSCAN.bscan_inst/TCK  {rise@0.000ns fall@16.500ns period=33.000ns})
  Destination:            dbg_hub/inst/BSCANID.u_xsdbm_id/CORE_XSDB.UUT_MASTER/U_ICON_INTERFACE/U_CMD4/shift_reg_in_reg[3]/D
                            (rising edge-triggered cell FDRE clocked by dbg_hub/inst/BSCANID.u_xsdbm_id/SWITCH_N_EXT_BSCAN.bscan_inst/SERIES7_BSCAN.bscan_inst/TCK  {rise@0.000ns fall@16.500ns period=33.000ns})
  Path Group:             dbg_hub/inst/BSCANID.u_xsdbm_id/SWITCH_N_EXT_BSCAN.bscan_inst/SERIES7_BSCAN.bscan_inst/TCK
  Path Type:              Hold (Min at Fast Process Corner)
  Requirement:            0.000ns  (dbg_hub/inst/BSCANID.u_xsdbm_id/SWITCH_N_EXT_BSCAN.bscan_inst/SERIES7_BSCAN.bscan_inst/TCK rise@0.000ns - dbg_hub/inst/BSCANID.u_xsdbm_id/SWITCH_N_EXT_BSCAN.bscan_inst/SERIES7_BSCAN.bscan_inst/TCK rise@0.000ns)
  Data Path Delay:        0.289ns  (logic 0.128ns (44.261%)  route 0.161ns (55.739%))
  Logic Levels:           0  
  Clock Path Skew:        0.267ns (DCD - SCD - CPR)
    Destination Clock Delay (DCD):    1.674ns
    Source Clock Delay      (SCD):    1.298ns
    Clock Pessimism Removal (CPR):    0.109ns

    Location             Delay type                Incr(ns)  Path(ns)    Netlist Resource(s)
  -------------------------------------------------------------------    -------------------
                         (clock dbg_hub/inst/BSCANID.u_xsdbm_id/SWITCH_N_EXT_BSCAN.bscan_inst/SERIES7_BSCAN.bscan_inst/TCK rise edge)
                                                      0.000     0.000 r  
    BSCAN_X0Y0           BSCANE2                      0.000     0.000 r  dbg_hub/inst/BSCANID.u_xsdbm_id/SWITCH_N_EXT_BSCAN.bscan_inst/SERIES7_BSCAN.bscan_inst/TCK
                         net (fo=1, routed)           0.688     0.688    dbg_hub/inst/BSCANID.u_xsdbm_id/tck_bs
    BUFGCTRL_X0Y0        BUFG (Prop_bufg_I_O)         0.026     0.714 r  dbg_hub/inst/BSCANID.u_xsdbm_id/SWITCH_N_EXT_BSCAN.u_bufg_icon_tck/O
                         net (fo=482, routed)         0.584     1.298    dbg_hub/inst/BSCANID.u_xsdbm_id/CORE_XSDB.UUT_MASTER/U_ICON_INTERFACE/U_CMD4/m_bscan_tck[0]
    SLICE_X1Y49          FDRE                                         r  dbg_hub/inst/BSCANID.u_xsdbm_id/CORE_XSDB.UUT_MASTER/U_ICON_INTERFACE/U_CMD4/shift_reg_in_reg[4]/C
  -------------------------------------------------------------------    -------------------
    SLICE_X1Y49          FDRE (Prop_fdre_C_Q)         0.128     1.426 r  dbg_hub/inst/BSCANID.u_xsdbm_id/CORE_XSDB.UUT_MASTER/U_ICON_INTERFACE/U_CMD4/shift_reg_in_reg[4]/Q
                         net (fo=2, routed)           0.161     1.587    dbg_hub/inst/BSCANID.u_xsdbm_id/CORE_XSDB.UUT_MASTER/U_ICON_INTERFACE/U_CMD4/shift_reg_in[4]
    SLICE_X1Y50          FDRE                                         r  dbg_hub/inst/BSCANID.u_xsdbm_id/CORE_XSDB.UUT_MASTER/U_ICON_INTERFACE/U_CMD4/shift_reg_in_reg[3]/D
  -------------------------------------------------------------------    -------------------

                         (clock dbg_hub/inst/BSCANID.u_xsdbm_id/SWITCH_N_EXT_BSCAN.bscan_inst/SERIES7_BSCAN.bscan_inst/TCK rise edge)
                                                      0.000     0.000 r  
    BSCAN_X0Y0           BSCANE2                      0.000     0.000 r  dbg_hub/inst/BSCANID.u_xsdbm_id/SWITCH_N_EXT_BSCAN.bscan_inst/SERIES7_BSCAN.bscan_inst/TCK
                         net (fo=1, routed)           0.794     0.794    dbg_hub/inst/BSCANID.u_xsdbm_id/tck_bs
    BUFGCTRL_X0Y0        BUFG (Prop_bufg_I_O)         0.029     0.823 r  dbg_hub/inst/BSCANID.u_xsdbm_id/SWITCH_N_EXT_BSCAN.u_bufg_icon_tck/O
                         net (fo=482, routed)         0.851     1.674    dbg_hub/inst/BSCANID.u_xsdbm_id/CORE_XSDB.UUT_MASTER/U_ICON_INTERFACE/U_CMD4/m_bscan_tck[0]
    SLICE_X1Y50          FDRE                                         r  dbg_hub/inst/BSCANID.u_xsdbm_id/CORE_XSDB.UUT_MASTER/U_ICON_INTERFACE/U_CMD4/shift_reg_in_reg[3]/C
                         clock pessimism             -0.109     1.565    
    SLICE_X1Y50          FDRE (Hold_fdre_C_D)        -0.006     1.559    dbg_hub/inst/BSCANID.u_xsdbm_id/CORE_XSDB.UUT_MASTER/U_ICON_INTERFACE/U_CMD4/shift_reg_in_reg[3]
  -------------------------------------------------------------------
                         required time                         -1.559    
                         arrival time                           1.587    
  -------------------------------------------------------------------
                         slack                                  0.028    

Slack (MET) :             0.096ns  (arrival time - required time)
  Source:                 dbg_hub/inst/BSCANID.u_xsdbm_id/CORE_XSDB.UUT_MASTER/U_ICON_INTERFACE/U_CMD6_WR/shift_reg_in_reg[9]/C
                            (rising edge-triggered cell FDCE clocked by dbg_hub/inst/BSCANID.u_xsdbm_id/SWITCH_N_EXT_BSCAN.bscan_inst/SERIES7_BSCAN.bscan_inst/TCK  {rise@0.000ns fall@16.500ns period=33.000ns})
  Destination:            dbg_hub/inst/BSCANID.u_xsdbm_id/CORE_XSDB.UUT_MASTER/U_ICON_INTERFACE/U_CMD6_WR/U_WR_FIFO/SUBCORE_FIFO.xsdbm_v3_0_0_wrfifo_inst/inst_fifo_gen/gconvfifo.rf/grf.rf/gntv_or_sync_fifo.mem/gdm.dm_gen.dm/RAM_reg_0_15_6_11/RAMB/I
                            (rising edge-triggered cell RAMD32 clocked by dbg_hub/inst/BSCANID.u_xsdbm_id/SWITCH_N_EXT_BSCAN.bscan_inst/SERIES7_BSCAN.bscan_inst/TCK  {rise@0.000ns fall@16.500ns period=33.000ns})
  Path Group:             dbg_hub/inst/BSCANID.u_xsdbm_id/SWITCH_N_EXT_BSCAN.bscan_inst/SERIES7_BSCAN.bscan_inst/TCK
  Path Type:              Hold (Min at Fast Process Corner)
  Requirement:            0.000ns  (dbg_hub/inst/BSCANID.u_xsdbm_id/SWITCH_N_EXT_BSCAN.bscan_inst/SERIES7_BSCAN.bscan_inst/TCK rise@0.000ns - dbg_hub/inst/BSCANID.u_xsdbm_id/SWITCH_N_EXT_BSCAN.bscan_inst/SERIES7_BSCAN.bscan_inst/TCK rise@0.000ns)
  Data Path Delay:        0.202ns  (logic 0.128ns (63.220%)  route 0.074ns (36.780%))
  Logic Levels:           0  
  Clock Path Skew:        0.013ns (DCD - SCD - CPR)
    Destination Clock Delay (DCD):    1.657ns
    Source Clock Delay      (SCD):    1.280ns
    Clock Pessimism Removal (CPR):    0.364ns

    Location             Delay type                Incr(ns)  Path(ns)    Netlist Resource(s)
  -------------------------------------------------------------------    -------------------
                         (clock dbg_hub/inst/BSCANID.u_xsdbm_id/SWITCH_N_EXT_BSCAN.bscan_inst/SERIES7_BSCAN.bscan_inst/TCK rise edge)
                                                      0.000     0.000 r  
    BSCAN_X0Y0           BSCANE2                      0.000     0.000 r  dbg_hub/inst/BSCANID.u_xsdbm_id/SWITCH_N_EXT_BSCAN.bscan_inst/SERIES7_BSCAN.bscan_inst/TCK
                         net (fo=1, routed)           0.688     0.688    dbg_hub/inst/BSCANID.u_xsdbm_id/tck_bs
    BUFGCTRL_X0Y0        BUFG (Prop_bufg_I_O)         0.026     0.714 r  dbg_hub/inst/BSCANID.u_xsdbm_id/SWITCH_N_EXT_BSCAN.u_bufg_icon_tck/O
                         net (fo=482, routed)         0.566     1.280    dbg_hub/inst/BSCANID.u_xsdbm_id/CORE_XSDB.UUT_MASTER/U_ICON_INTERFACE/U_CMD6_WR/m_bscan_tck[0]
    SLICE_X9Y45          FDCE                                         r  dbg_hub/inst/BSCANID.u_xsdbm_id/CORE_XSDB.UUT_MASTER/U_ICON_INTERFACE/U_CMD6_WR/shift_reg_in_reg[9]/C
  -------------------------------------------------------------------    -------------------
    SLICE_X9Y45          FDCE (Prop_fdce_C_Q)         0.128     1.408 r  dbg_hub/inst/BSCANID.u_xsdbm_id/CORE_XSDB.UUT_MASTER/U_ICON_INTERFACE/U_CMD6_WR/shift_reg_in_reg[9]/Q
                         net (fo=2, routed)           0.074     1.482    dbg_hub/inst/BSCANID.u_xsdbm_id/CORE_XSDB.UUT_MASTER/U_ICON_INTERFACE/U_CMD6_WR/U_WR_FIFO/SUBCORE_FIFO.xsdbm_v3_0_0_wrfifo_inst/inst_fifo_gen/gconvfifo.rf/grf.rf/gntv_or_sync_fifo.mem/gdm.dm_gen.dm/RAM_reg_0_15_6_11/DIB0
    SLICE_X8Y45          RAMD32                                       r  dbg_hub/inst/BSCANID.u_xsdbm_id/CORE_XSDB.UUT_MASTER/U_ICON_INTERFACE/U_CMD6_WR/U_WR_FIFO/SUBCORE_FIFO.xsdbm_v3_0_0_wrfifo_inst/inst_fifo_gen/gconvfifo.rf/grf.rf/gntv_or_sync_fifo.mem/gdm.dm_gen.dm/RAM_reg_0_15_6_11/RAMB/I
  -------------------------------------------------------------------    -------------------

                         (clock dbg_hub/inst/BSCANID.u_xsdbm_id/SWITCH_N_EXT_BSCAN.bscan_inst/SERIES7_BSCAN.bscan_inst/TCK rise edge)
                                                      0.000     0.000 r  
    BSCAN_X0Y0           BSCANE2                      0.000     0.000 r  dbg_hub/inst/BSCANID.u_xsdbm_id/SWITCH_N_EXT_BSCAN.bscan_inst/SERIES7_BSCAN.bscan_inst/TCK
                         net (fo=1, routed)           0.794     0.794    dbg_hub/inst/BSCANID.u_xsdbm_id/tck_bs
    BUFGCTRL_X0Y0        BUFG (Prop_bufg_I_O)         0.029     0.823 r  dbg_hub/inst/BSCANID.u_xsdbm_id/SWITCH_N_EXT_BSCAN.u_bufg_icon_tck/O
                         net (fo=482, routed)         0.834     1.657    dbg_hub/inst/BSCANID.u_xsdbm_id/CORE_XSDB.UUT_MASTER/U_ICON_INTERFACE/U_CMD6_WR/U_WR_FIFO/SUBCORE_FIFO.xsdbm_v3_0_0_wrfifo_inst/inst_fifo_gen/gconvfifo.rf/grf.rf/gntv_or_sync_fifo.mem/gdm.dm_gen.dm/RAM_reg_0_15_6_11/WCLK
    SLICE_X8Y45          RAMD32                                       r  dbg_hub/inst/BSCANID.u_xsdbm_id/CORE_XSDB.UUT_MASTER/U_ICON_INTERFACE/U_CMD6_WR/U_WR_FIFO/SUBCORE_FIFO.xsdbm_v3_0_0_wrfifo_inst/inst_fifo_gen/gconvfifo.rf/grf.rf/gntv_or_sync_fifo.mem/gdm.dm_gen.dm/RAM_reg_0_15_6_11/RAMB/CLK
                         clock pessimism             -0.364     1.293    
    SLICE_X8Y45          RAMD32 (Hold_ramd32_CLK_I)
                                                      0.093     1.386    dbg_hub/inst/BSCANID.u_xsdbm_id/CORE_XSDB.UUT_MASTER/U_ICON_INTERFACE/U_CMD6_WR/U_WR_FIFO/SUBCORE_FIFO.xsdbm_v3_0_0_wrfifo_inst/inst_fifo_gen/gconvfifo.rf/grf.rf/gntv_or_sync_fifo.mem/gdm.dm_gen.dm/RAM_reg_0_15_6_11/RAMB
  -------------------------------------------------------------------
                         required time                         -1.386    
                         arrival time                           1.482    
  -------------------------------------------------------------------
                         slack                                  0.096    

Slack (MET) :             0.104ns  (arrival time - required time)
  Source:                 dbg_hub/inst/BSCANID.u_xsdbm_id/CORE_XSDB.UUT_MASTER/U_ICON_INTERFACE/U_CMD6_RD/U_RD_FIFO/SUBCORE_FIFO.xsdbm_v3_0_0_rdfifo_inst/inst_fifo_gen/gconvfifo.rf/grf.rf/gntv_or_sync_fifo.mem/goreg_dm.dout_i_reg[10]/C
                            (rising edge-triggered cell FDRE clocked by dbg_hub/inst/BSCANID.u_xsdbm_id/SWITCH_N_EXT_BSCAN.bscan_inst/SERIES7_BSCAN.bscan_inst/TCK  {rise@0.000ns fall@16.500ns period=33.000ns})
  Destination:            dbg_hub/inst/BSCANID.u_xsdbm_id/CORE_XSDB.UUT_MASTER/U_ICON_INTERFACE/U_CMD6_RD/shift_reg_in_reg[9]/D
                            (rising edge-triggered cell FDCE clocked by dbg_hub/inst/BSCANID.u_xsdbm_id/SWITCH_N_EXT_BSCAN.bscan_inst/SERIES7_BSCAN.bscan_inst/TCK  {rise@0.000ns fall@16.500ns period=33.000ns})
  Path Group:             dbg_hub/inst/BSCANID.u_xsdbm_id/SWITCH_N_EXT_BSCAN.bscan_inst/SERIES7_BSCAN.bscan_inst/TCK
  Path Type:              Hold (Min at Fast Process Corner)
  Requirement:            0.000ns  (dbg_hub/inst/BSCANID.u_xsdbm_id/SWITCH_N_EXT_BSCAN.bscan_inst/SERIES7_BSCAN.bscan_inst/TCK rise@0.000ns - dbg_hub/inst/BSCANID.u_xsdbm_id/SWITCH_N_EXT_BSCAN.bscan_inst/SERIES7_BSCAN.bscan_inst/TCK rise@0.000ns)
  Data Path Delay:        0.238ns  (logic 0.186ns (78.117%)  route 0.052ns (21.883%))
  Logic Levels:           1  (LUT5=1)
  Clock Path Skew:        0.013ns (DCD - SCD - CPR)
    Destination Clock Delay (DCD):    1.655ns
    Source Clock Delay      (SCD):    1.278ns
    Clock Pessimism Removal (CPR):    0.364ns

    Location             Delay type                Incr(ns)  Path(ns)    Netlist Resource(s)
  -------------------------------------------------------------------    -------------------
                         (clock dbg_hub/inst/BSCANID.u_xsdbm_id/SWITCH_N_EXT_BSCAN.bscan_inst/SERIES7_BSCAN.bscan_inst/TCK rise edge)
                                                      0.000     0.000 r  
    BSCAN_X0Y0           BSCANE2                      0.000     0.000 r  dbg_hub/inst/BSCANID.u_xsdbm_id/SWITCH_N_EXT_BSCAN.bscan_inst/SERIES7_BSCAN.bscan_inst/TCK
                         net (fo=1, routed)           0.688     0.688    dbg_hub/inst/BSCANID.u_xsdbm_id/tck_bs
    BUFGCTRL_X0Y0        BUFG (Prop_bufg_I_O)         0.026     0.714 r  dbg_hub/inst/BSCANID.u_xsdbm_id/SWITCH_N_EXT_BSCAN.u_bufg_icon_tck/O
                         net (fo=482, routed)         0.564     1.278    dbg_hub/inst/BSCANID.u_xsdbm_id/CORE_XSDB.UUT_MASTER/U_ICON_INTERFACE/U_CMD6_RD/U_RD_FIFO/SUBCORE_FIFO.xsdbm_v3_0_0_rdfifo_inst/inst_fifo_gen/gconvfifo.rf/grf.rf/gntv_or_sync_fifo.mem/rd_clk
    SLICE_X17Y47         FDRE                                         r  dbg_hub/inst/BSCANID.u_xsdbm_id/CORE_XSDB.UUT_MASTER/U_ICON_INTERFACE/U_CMD6_RD/U_RD_FIFO/SUBCORE_FIFO.xsdbm_v3_0_0_rdfifo_inst/inst_fifo_gen/gconvfifo.rf/grf.rf/gntv_or_sync_fifo.mem/goreg_dm.dout_i_reg[10]/C
  -------------------------------------------------------------------    -------------------
    SLICE_X17Y47         FDRE (Prop_fdre_C_Q)         0.141     1.419 r  dbg_hub/inst/BSCANID.u_xsdbm_id/CORE_XSDB.UUT_MASTER/U_ICON_INTERFACE/U_CMD6_RD/U_RD_FIFO/SUBCORE_FIFO.xsdbm_v3_0_0_rdfifo_inst/inst_fifo_gen/gconvfifo.rf/grf.rf/gntv_or_sync_fifo.mem/goreg_dm.dout_i_reg[10]/Q
                         net (fo=1, routed)           0.052     1.471    dbg_hub/inst/BSCANID.u_xsdbm_id/CORE_XSDB.UUT_MASTER/U_ICON_INTERFACE/U_CMD6_RD/U_RD_FIFO/fifo_dout[10]
    SLICE_X16Y47         LUT5 (Prop_lut5_I3_O)        0.045     1.516 r  dbg_hub/inst/BSCANID.u_xsdbm_id/CORE_XSDB.UUT_MASTER/U_ICON_INTERFACE/U_CMD6_RD/U_RD_FIFO/shift_reg_in[9]_i_1/O
                         net (fo=1, routed)           0.000     1.516    dbg_hub/inst/BSCANID.u_xsdbm_id/CORE_XSDB.UUT_MASTER/U_ICON_INTERFACE/U_CMD6_RD/U_RD_FIFO_n_6
    SLICE_X16Y47         FDCE                                         r  dbg_hub/inst/BSCANID.u_xsdbm_id/CORE_XSDB.UUT_MASTER/U_ICON_INTERFACE/U_CMD6_RD/shift_reg_in_reg[9]/D
  -------------------------------------------------------------------    -------------------

                         (clock dbg_hub/inst/BSCANID.u_xsdbm_id/SWITCH_N_EXT_BSCAN.bscan_inst/SERIES7_BSCAN.bscan_inst/TCK rise edge)
                                                      0.000     0.000 r  
    BSCAN_X0Y0           BSCANE2                      0.000     0.000 r  dbg_hub/inst/BSCANID.u_xsdbm_id/SWITCH_N_EXT_BSCAN.bscan_inst/SERIES7_BSCAN.bscan_inst/TCK
                         net (fo=1, routed)           0.794     0.794    dbg_hub/inst/BSCANID.u_xsdbm_id/tck_bs
    BUFGCTRL_X0Y0        BUFG (Prop_bufg_I_O)         0.029     0.823 r  dbg_hub/inst/BSCANID.u_xsdbm_id/SWITCH_N_EXT_BSCAN.u_bufg_icon_tck/O
                         net (fo=482, routed)         0.832     1.655    dbg_hub/inst/BSCANID.u_xsdbm_id/CORE_XSDB.UUT_MASTER/U_ICON_INTERFACE/U_CMD6_RD/m_bscan_tck[0]
    SLICE_X16Y47         FDCE                                         r  dbg_hub/inst/BSCANID.u_xsdbm_id/CORE_XSDB.UUT_MASTER/U_ICON_INTERFACE/U_CMD6_RD/shift_reg_in_reg[9]/C
                         clock pessimism             -0.364     1.291    
    SLICE_X16Y47         FDCE (Hold_fdce_C_D)         0.121     1.412    dbg_hub/inst/BSCANID.u_xsdbm_id/CORE_XSDB.UUT_MASTER/U_ICON_INTERFACE/U_CMD6_RD/shift_reg_in_reg[9]
  -------------------------------------------------------------------
                         required time                         -1.412    
                         arrival time                           1.516    
  -------------------------------------------------------------------
                         slack                                  0.104    

Slack (MET) :             0.105ns  (arrival time - required time)
  Source:                 dbg_hub/inst/BSCANID.u_xsdbm_id/CORE_XSDB.UUT_MASTER/U_ICON_INTERFACE/U_CMD6_WR/shift_reg_in_reg[13]/C
                            (rising edge-triggered cell FDCE clocked by dbg_hub/inst/BSCANID.u_xsdbm_id/SWITCH_N_EXT_BSCAN.bscan_inst/SERIES7_BSCAN.bscan_inst/TCK  {rise@0.000ns fall@16.500ns period=33.000ns})
  Destination:            dbg_hub/inst/BSCANID.u_xsdbm_id/CORE_XSDB.UUT_MASTER/U_ICON_INTERFACE/U_CMD6_WR/U_WR_FIFO/SUBCORE_FIFO.xsdbm_v3_0_0_wrfifo_inst/inst_fifo_gen/gconvfifo.rf/grf.rf/gntv_or_sync_fifo.mem/gdm.dm_gen.dm/RAM_reg_0_15_12_15/RAMA/I
                            (rising edge-triggered cell RAMD32 clocked by dbg_hub/inst/BSCANID.u_xsdbm_id/SWITCH_N_EXT_BSCAN.bscan_inst/SERIES7_BSCAN.bscan_inst/TCK  {rise@0.000ns fall@16.500ns period=33.000ns})
  Path Group:             dbg_hub/inst/BSCANID.u_xsdbm_id/SWITCH_N_EXT_BSCAN.bscan_inst/SERIES7_BSCAN.bscan_inst/TCK
  Path Type:              Hold (Min at Fast Process Corner)
  Requirement:            0.000ns  (dbg_hub/inst/BSCANID.u_xsdbm_id/SWITCH_N_EXT_BSCAN.bscan_inst/SERIES7_BSCAN.bscan_inst/TCK rise@0.000ns - dbg_hub/inst/BSCANID.u_xsdbm_id/SWITCH_N_EXT_BSCAN.bscan_inst/SERIES7_BSCAN.bscan_inst/TCK rise@0.000ns)
  Data Path Delay:        0.268ns  (logic 0.141ns (52.538%)  route 0.127ns (47.462%))
  Logic Levels:           0  
  Clock Path Skew:        0.016ns (DCD - SCD - CPR)
    Destination Clock Delay (DCD):    1.657ns
    Source Clock Delay      (SCD):    1.280ns
    Clock Pessimism Removal (CPR):    0.361ns

    Location             Delay type                Incr(ns)  Path(ns)    Netlist Resource(s)
  -------------------------------------------------------------------    -------------------
                         (clock dbg_hub/inst/BSCANID.u_xsdbm_id/SWITCH_N_EXT_BSCAN.bscan_inst/SERIES7_BSCAN.bscan_inst/TCK rise edge)
                                                      0.000     0.000 r  
    BSCAN_X0Y0           BSCANE2                      0.000     0.000 r  dbg_hub/inst/BSCANID.u_xsdbm_id/SWITCH_N_EXT_BSCAN.bscan_inst/SERIES7_BSCAN.bscan_inst/TCK
                         net (fo=1, routed)           0.688     0.688    dbg_hub/inst/BSCANID.u_xsdbm_id/tck_bs
    BUFGCTRL_X0Y0        BUFG (Prop_bufg_I_O)         0.026     0.714 r  dbg_hub/inst/BSCANID.u_xsdbm_id/SWITCH_N_EXT_BSCAN.u_bufg_icon_tck/O
                         net (fo=482, routed)         0.566     1.280    dbg_hub/inst/BSCANID.u_xsdbm_id/CORE_XSDB.UUT_MASTER/U_ICON_INTERFACE/U_CMD6_WR/m_bscan_tck[0]
    SLICE_X9Y45          FDCE                                         r  dbg_hub/inst/BSCANID.u_xsdbm_id/CORE_XSDB.UUT_MASTER/U_ICON_INTERFACE/U_CMD6_WR/shift_reg_in_reg[13]/C
  -------------------------------------------------------------------    -------------------
    SLICE_X9Y45          FDCE (Prop_fdce_C_Q)         0.141     1.421 r  dbg_hub/inst/BSCANID.u_xsdbm_id/CORE_XSDB.UUT_MASTER/U_ICON_INTERFACE/U_CMD6_WR/shift_reg_in_reg[13]/Q
                         net (fo=2, routed)           0.127     1.548    dbg_hub/inst/BSCANID.u_xsdbm_id/CORE_XSDB.UUT_MASTER/U_ICON_INTERFACE/U_CMD6_WR/U_WR_FIFO/SUBCORE_FIFO.xsdbm_v3_0_0_wrfifo_inst/inst_fifo_gen/gconvfifo.rf/grf.rf/gntv_or_sync_fifo.mem/gdm.dm_gen.dm/RAM_reg_0_15_12_15/DIA0
    SLICE_X8Y44          RAMD32                                       r  dbg_hub/inst/BSCANID.u_xsdbm_id/CORE_XSDB.UUT_MASTER/U_ICON_INTERFACE/U_CMD6_WR/U_WR_FIFO/SUBCORE_FIFO.xsdbm_v3_0_0_wrfifo_inst/inst_fifo_gen/gconvfifo.rf/grf.rf/gntv_or_sync_fifo.mem/gdm.dm_gen.dm/RAM_reg_0_15_12_15/RAMA/I
  -------------------------------------------------------------------    -------------------

                         (clock dbg_hub/inst/BSCANID.u_xsdbm_id/SWITCH_N_EXT_BSCAN.bscan_inst/SERIES7_BSCAN.bscan_inst/TCK rise edge)
                                                      0.000     0.000 r  
    BSCAN_X0Y0           BSCANE2                      0.000     0.000 r  dbg_hub/inst/BSCANID.u_xsdbm_id/SWITCH_N_EXT_BSCAN.bscan_inst/SERIES7_BSCAN.bscan_inst/TCK
                         net (fo=1, routed)           0.794     0.794    dbg_hub/inst/BSCANID.u_xsdbm_id/tck_bs
    BUFGCTRL_X0Y0        BUFG (Prop_bufg_I_O)         0.029     0.823 r  dbg_hub/inst/BSCANID.u_xsdbm_id/SWITCH_N_EXT_BSCAN.u_bufg_icon_tck/O
                         net (fo=482, routed)         0.834     1.657    dbg_hub/inst/BSCANID.u_xsdbm_id/CORE_XSDB.UUT_MASTER/U_ICON_INTERFACE/U_CMD6_WR/U_WR_FIFO/SUBCORE_FIFO.xsdbm_v3_0_0_wrfifo_inst/inst_fifo_gen/gconvfifo.rf/grf.rf/gntv_or_sync_fifo.mem/gdm.dm_gen.dm/RAM_reg_0_15_12_15/WCLK
    SLICE_X8Y44          RAMD32                                       r  dbg_hub/inst/BSCANID.u_xsdbm_id/CORE_XSDB.UUT_MASTER/U_ICON_INTERFACE/U_CMD6_WR/U_WR_FIFO/SUBCORE_FIFO.xsdbm_v3_0_0_wrfifo_inst/inst_fifo_gen/gconvfifo.rf/grf.rf/gntv_or_sync_fifo.mem/gdm.dm_gen.dm/RAM_reg_0_15_12_15/RAMA/CLK
                         clock pessimism             -0.361     1.296    
    SLICE_X8Y44          RAMD32 (Hold_ramd32_CLK_I)
                                                      0.147     1.443    dbg_hub/inst/BSCANID.u_xsdbm_id/CORE_XSDB.UUT_MASTER/U_ICON_INTERFACE/U_CMD6_WR/U_WR_FIFO/SUBCORE_FIFO.xsdbm_v3_0_0_wrfifo_inst/inst_fifo_gen/gconvfifo.rf/grf.rf/gntv_or_sync_fifo.mem/gdm.dm_gen.dm/RAM_reg_0_15_12_15/RAMA
  -------------------------------------------------------------------
                         required time                         -1.443    
                         arrival time                           1.548    
  -------------------------------------------------------------------
                         slack                                  0.105    

Slack (MET) :             0.122ns  (arrival time - required time)
  Source:                 dbg_hub/inst/BSCANID.u_xsdbm_id/CORE_XSDB.UUT_MASTER/U_ICON_INTERFACE/U_CMD6_RD/U_RD_FIFO/SUBCORE_FIFO.xsdbm_v3_0_0_rdfifo_inst/inst_fifo_gen/gconvfifo.rf/grf.rf/gntv_or_sync_fifo.gcx.clkx/gnxpm_cdc.gsync_stage[1].rd_stg_inst/Q_reg_reg[3]/C
                            (rising edge-triggered cell FDCE clocked by dbg_hub/inst/BSCANID.u_xsdbm_id/SWITCH_N_EXT_BSCAN.bscan_inst/SERIES7_BSCAN.bscan_inst/TCK  {rise@0.000ns fall@16.500ns period=33.000ns})
  Destination:            dbg_hub/inst/BSCANID.u_xsdbm_id/CORE_XSDB.UUT_MASTER/U_ICON_INTERFACE/U_CMD6_RD/U_RD_FIFO/SUBCORE_FIFO.xsdbm_v3_0_0_rdfifo_inst/inst_fifo_gen/gconvfifo.rf/grf.rf/gntv_or_sync_fifo.gcx.clkx/gnxpm_cdc.gsync_stage[2].rd_stg_inst/Q_reg_reg[3]/D
                            (rising edge-triggered cell FDCE clocked by dbg_hub/inst/BSCANID.u_xsdbm_id/SWITCH_N_EXT_BSCAN.bscan_inst/SERIES7_BSCAN.bscan_inst/TCK  {rise@0.000ns fall@16.500ns period=33.000ns})
  Path Group:             dbg_hub/inst/BSCANID.u_xsdbm_id/SWITCH_N_EXT_BSCAN.bscan_inst/SERIES7_BSCAN.bscan_inst/TCK
  Path Type:              Hold (Min at Fast Process Corner)
  Requirement:            0.000ns  (dbg_hub/inst/BSCANID.u_xsdbm_id/SWITCH_N_EXT_BSCAN.bscan_inst/SERIES7_BSCAN.bscan_inst/TCK rise@0.000ns - dbg_hub/inst/BSCANID.u_xsdbm_id/SWITCH_N_EXT_BSCAN.bscan_inst/SERIES7_BSCAN.bscan_inst/TCK rise@0.000ns)
  Data Path Delay:        0.197ns  (logic 0.141ns (71.611%)  route 0.056ns (28.389%))
  Logic Levels:           0  
  Clock Path Skew:        0.000ns (DCD - SCD - CPR)
    Destination Clock Delay (DCD):    1.655ns
    Source Clock Delay      (SCD):    1.278ns
    Clock Pessimism Removal (CPR):    0.377ns

    Location             Delay type                Incr(ns)  Path(ns)    Netlist Resource(s)
  -------------------------------------------------------------------    -------------------
                         (clock dbg_hub/inst/BSCANID.u_xsdbm_id/SWITCH_N_EXT_BSCAN.bscan_inst/SERIES7_BSCAN.bscan_inst/TCK rise edge)
                                                      0.000     0.000 r  
    BSCAN_X0Y0           BSCANE2                      0.000     0.000 r  dbg_hub/inst/BSCANID.u_xsdbm_id/SWITCH_N_EXT_BSCAN.bscan_inst/SERIES7_BSCAN.bscan_inst/TCK
                         net (fo=1, routed)           0.688     0.688    dbg_hub/inst/BSCANID.u_xsdbm_id/tck_bs
    BUFGCTRL_X0Y0        BUFG (Prop_bufg_I_O)         0.026     0.714 r  dbg_hub/inst/BSCANID.u_xsdbm_id/SWITCH_N_EXT_BSCAN.u_bufg_icon_tck/O
                         net (fo=482, routed)         0.564     1.278    dbg_hub/inst/BSCANID.u_xsdbm_id/CORE_XSDB.UUT_MASTER/U_ICON_INTERFACE/U_CMD6_RD/U_RD_FIFO/SUBCORE_FIFO.xsdbm_v3_0_0_rdfifo_inst/inst_fifo_gen/gconvfifo.rf/grf.rf/gntv_or_sync_fifo.gcx.clkx/gnxpm_cdc.gsync_stage[1].rd_stg_inst/rd_clk
    SLICE_X19Y49         FDCE                                         r  dbg_hub/inst/BSCANID.u_xsdbm_id/CORE_XSDB.UUT_MASTER/U_ICON_INTERFACE/U_CMD6_RD/U_RD_FIFO/SUBCORE_FIFO.xsdbm_v3_0_0_rdfifo_inst/inst_fifo_gen/gconvfifo.rf/grf.rf/gntv_or_sync_fifo.gcx.clkx/gnxpm_cdc.gsync_stage[1].rd_stg_inst/Q_reg_reg[3]/C
  -------------------------------------------------------------------    -------------------
    SLICE_X19Y49         FDCE (Prop_fdce_C_Q)         0.141     1.419 r  dbg_hub/inst/BSCANID.u_xsdbm_id/CORE_XSDB.UUT_MASTER/U_ICON_INTERFACE/U_CMD6_RD/U_RD_FIFO/SUBCORE_FIFO.xsdbm_v3_0_0_rdfifo_inst/inst_fifo_gen/gconvfifo.rf/grf.rf/gntv_or_sync_fifo.gcx.clkx/gnxpm_cdc.gsync_stage[1].rd_stg_inst/Q_reg_reg[3]/Q
                         net (fo=1, routed)           0.056     1.474    dbg_hub/inst/BSCANID.u_xsdbm_id/CORE_XSDB.UUT_MASTER/U_ICON_INTERFACE/U_CMD6_RD/U_RD_FIFO/SUBCORE_FIFO.xsdbm_v3_0_0_rdfifo_inst/inst_fifo_gen/gconvfifo.rf/grf.rf/gntv_or_sync_fifo.gcx.clkx/gnxpm_cdc.gsync_stage[2].rd_stg_inst/Q_reg_reg[3]_0[3]
    SLICE_X19Y49         FDCE                                         r  dbg_hub/inst/BSCANID.u_xsdbm_id/CORE_XSDB.UUT_MASTER/U_ICON_INTERFACE/U_CMD6_RD/U_RD_FIFO/SUBCORE_FIFO.xsdbm_v3_0_0_rdfifo_inst/inst_fifo_gen/gconvfifo.rf/grf.rf/gntv_or_sync_fifo.gcx.clkx/gnxpm_cdc.gsync_stage[2].rd_stg_inst/Q_reg_reg[3]/D
  -------------------------------------------------------------------    -------------------

                         (clock dbg_hub/inst/BSCANID.u_xsdbm_id/SWITCH_N_EXT_BSCAN.bscan_inst/SERIES7_BSCAN.bscan_inst/TCK rise edge)
                                                      0.000     0.000 r  
    BSCAN_X0Y0           BSCANE2                      0.000     0.000 r  dbg_hub/inst/BSCANID.u_xsdbm_id/SWITCH_N_EXT_BSCAN.bscan_inst/SERIES7_BSCAN.bscan_inst/TCK
                         net (fo=1, routed)           0.794     0.794    dbg_hub/inst/BSCANID.u_xsdbm_id/tck_bs
    BUFGCTRL_X0Y0        BUFG (Prop_bufg_I_O)         0.029     0.823 r  dbg_hub/inst/BSCANID.u_xsdbm_id/SWITCH_N_EXT_BSCAN.u_bufg_icon_tck/O
                         net (fo=482, routed)         0.832     1.655    dbg_hub/inst/BSCANID.u_xsdbm_id/CORE_XSDB.UUT_MASTER/U_ICON_INTERFACE/U_CMD6_RD/U_RD_FIFO/SUBCORE_FIFO.xsdbm_v3_0_0_rdfifo_inst/inst_fifo_gen/gconvfifo.rf/grf.rf/gntv_or_sync_fifo.gcx.clkx/gnxpm_cdc.gsync_stage[2].rd_stg_inst/rd_clk
    SLICE_X19Y49         FDCE                                         r  dbg_hub/inst/BSCANID.u_xsdbm_id/CORE_XSDB.UUT_MASTER/U_ICON_INTERFACE/U_CMD6_RD/U_RD_FIFO/SUBCORE_FIFO.xsdbm_v3_0_0_rdfifo_inst/inst_fifo_gen/gconvfifo.rf/grf.rf/gntv_or_sync_fifo.gcx.clkx/gnxpm_cdc.gsync_stage[2].rd_stg_inst/Q_reg_reg[3]/C
                         clock pessimism             -0.377     1.278    
    SLICE_X19Y49         FDCE (Hold_fdce_C_D)         0.075     1.353    dbg_hub/inst/BSCANID.u_xsdbm_id/CORE_XSDB.UUT_MASTER/U_ICON_INTERFACE/U_CMD6_RD/U_RD_FIFO/SUBCORE_FIFO.xsdbm_v3_0_0_rdfifo_inst/inst_fifo_gen/gconvfifo.rf/grf.rf/gntv_or_sync_fifo.gcx.clkx/gnxpm_cdc.gsync_stage[2].rd_stg_inst/Q_reg_reg[3]
  -------------------------------------------------------------------
                         required time                         -1.353    
                         arrival time                           1.474    
  -------------------------------------------------------------------
                         slack                                  0.122    

Slack (MET) :             0.122ns  (arrival time - required time)
  Source:                 dbg_hub/inst/BSCANID.u_xsdbm_id/CORE_XSDB.UUT_MASTER/U_ICON_INTERFACE/U_CMD6_RD/U_RD_FIFO/SUBCORE_FIFO.xsdbm_v3_0_0_rdfifo_inst/inst_fifo_gen/gconvfifo.rf/grf.rf/rstblk/ngwrdrst.grst.g7serrst.rst_rd_reg1_reg/C
                            (rising edge-triggered cell FDPE clocked by dbg_hub/inst/BSCANID.u_xsdbm_id/SWITCH_N_EXT_BSCAN.bscan_inst/SERIES7_BSCAN.bscan_inst/TCK  {rise@0.000ns fall@16.500ns period=33.000ns})
  Destination:            dbg_hub/inst/BSCANID.u_xsdbm_id/CORE_XSDB.UUT_MASTER/U_ICON_INTERFACE/U_CMD6_RD/U_RD_FIFO/SUBCORE_FIFO.xsdbm_v3_0_0_rdfifo_inst/inst_fifo_gen/gconvfifo.rf/grf.rf/rstblk/ngwrdrst.grst.g7serrst.rst_rd_reg2_reg/D
                            (rising edge-triggered cell FDPE clocked by dbg_hub/inst/BSCANID.u_xsdbm_id/SWITCH_N_EXT_BSCAN.bscan_inst/SERIES7_BSCAN.bscan_inst/TCK  {rise@0.000ns fall@16.500ns period=33.000ns})
  Path Group:             dbg_hub/inst/BSCANID.u_xsdbm_id/SWITCH_N_EXT_BSCAN.bscan_inst/SERIES7_BSCAN.bscan_inst/TCK
  Path Type:              Hold (Min at Fast Process Corner)
  Requirement:            0.000ns  (dbg_hub/inst/BSCANID.u_xsdbm_id/SWITCH_N_EXT_BSCAN.bscan_inst/SERIES7_BSCAN.bscan_inst/TCK rise@0.000ns - dbg_hub/inst/BSCANID.u_xsdbm_id/SWITCH_N_EXT_BSCAN.bscan_inst/SERIES7_BSCAN.bscan_inst/TCK rise@0.000ns)
  Data Path Delay:        0.197ns  (logic 0.141ns (71.611%)  route 0.056ns (28.389%))
  Logic Levels:           0  
  Clock Path Skew:        0.000ns (DCD - SCD - CPR)
    Destination Clock Delay (DCD):    1.655ns
    Source Clock Delay      (SCD):    1.278ns
    Clock Pessimism Removal (CPR):    0.377ns

    Location             Delay type                Incr(ns)  Path(ns)    Netlist Resource(s)
  -------------------------------------------------------------------    -------------------
                         (clock dbg_hub/inst/BSCANID.u_xsdbm_id/SWITCH_N_EXT_BSCAN.bscan_inst/SERIES7_BSCAN.bscan_inst/TCK rise edge)
                                                      0.000     0.000 r  
    BSCAN_X0Y0           BSCANE2                      0.000     0.000 r  dbg_hub/inst/BSCANID.u_xsdbm_id/SWITCH_N_EXT_BSCAN.bscan_inst/SERIES7_BSCAN.bscan_inst/TCK
                         net (fo=1, routed)           0.688     0.688    dbg_hub/inst/BSCANID.u_xsdbm_id/tck_bs
    BUFGCTRL_X0Y0        BUFG (Prop_bufg_I_O)         0.026     0.714 r  dbg_hub/inst/BSCANID.u_xsdbm_id/SWITCH_N_EXT_BSCAN.u_bufg_icon_tck/O
                         net (fo=482, routed)         0.564     1.278    dbg_hub/inst/BSCANID.u_xsdbm_id/CORE_XSDB.UUT_MASTER/U_ICON_INTERFACE/U_CMD6_RD/U_RD_FIFO/SUBCORE_FIFO.xsdbm_v3_0_0_rdfifo_inst/inst_fifo_gen/gconvfifo.rf/grf.rf/rstblk/rd_clk
    SLICE_X15Y49         FDPE                                         r  dbg_hub/inst/BSCANID.u_xsdbm_id/CORE_XSDB.UUT_MASTER/U_ICON_INTERFACE/U_CMD6_RD/U_RD_FIFO/SUBCORE_FIFO.xsdbm_v3_0_0_rdfifo_inst/inst_fifo_gen/gconvfifo.rf/grf.rf/rstblk/ngwrdrst.grst.g7serrst.rst_rd_reg1_reg/C
  -------------------------------------------------------------------    -------------------
    SLICE_X15Y49         FDPE (Prop_fdpe_C_Q)         0.141     1.419 r  dbg_hub/inst/BSCANID.u_xsdbm_id/CORE_XSDB.UUT_MASTER/U_ICON_INTERFACE/U_CMD6_RD/U_RD_FIFO/SUBCORE_FIFO.xsdbm_v3_0_0_rdfifo_inst/inst_fifo_gen/gconvfifo.rf/grf.rf/rstblk/ngwrdrst.grst.g7serrst.rst_rd_reg1_reg/Q
                         net (fo=1, routed)           0.056     1.474    dbg_hub/inst/BSCANID.u_xsdbm_id/CORE_XSDB.UUT_MASTER/U_ICON_INTERFACE/U_CMD6_RD/U_RD_FIFO/SUBCORE_FIFO.xsdbm_v3_0_0_rdfifo_inst/inst_fifo_gen/gconvfifo.rf/grf.rf/rstblk/rst_rd_reg1
    SLICE_X15Y49         FDPE                                         r  dbg_hub/inst/BSCANID.u_xsdbm_id/CORE_XSDB.UUT_MASTER/U_ICON_INTERFACE/U_CMD6_RD/U_RD_FIFO/SUBCORE_FIFO.xsdbm_v3_0_0_rdfifo_inst/inst_fifo_gen/gconvfifo.rf/grf.rf/rstblk/ngwrdrst.grst.g7serrst.rst_rd_reg2_reg/D
  -------------------------------------------------------------------    -------------------

                         (clock dbg_hub/inst/BSCANID.u_xsdbm_id/SWITCH_N_EXT_BSCAN.bscan_inst/SERIES7_BSCAN.bscan_inst/TCK rise edge)
                                                      0.000     0.000 r  
    BSCAN_X0Y0           BSCANE2                      0.000     0.000 r  dbg_hub/inst/BSCANID.u_xsdbm_id/SWITCH_N_EXT_BSCAN.bscan_inst/SERIES7_BSCAN.bscan_inst/TCK
                         net (fo=1, routed)           0.794     0.794    dbg_hub/inst/BSCANID.u_xsdbm_id/tck_bs
    BUFGCTRL_X0Y0        BUFG (Prop_bufg_I_O)         0.029     0.823 r  dbg_hub/inst/BSCANID.u_xsdbm_id/SWITCH_N_EXT_BSCAN.u_bufg_icon_tck/O
                         net (fo=482, routed)         0.832     1.655    dbg_hub/inst/BSCANID.u_xsdbm_id/CORE_XSDB.UUT_MASTER/U_ICON_INTERFACE/U_CMD6_RD/U_RD_FIFO/SUBCORE_FIFO.xsdbm_v3_0_0_rdfifo_inst/inst_fifo_gen/gconvfifo.rf/grf.rf/rstblk/rd_clk
    SLICE_X15Y49         FDPE                                         r  dbg_hub/inst/BSCANID.u_xsdbm_id/CORE_XSDB.UUT_MASTER/U_ICON_INTERFACE/U_CMD6_RD/U_RD_FIFO/SUBCORE_FIFO.xsdbm_v3_0_0_rdfifo_inst/inst_fifo_gen/gconvfifo.rf/grf.rf/rstblk/ngwrdrst.grst.g7serrst.rst_rd_reg2_reg/C
                         clock pessimism             -0.377     1.278    
    SLICE_X15Y49         FDPE (Hold_fdpe_C_D)         0.075     1.353    dbg_hub/inst/BSCANID.u_xsdbm_id/CORE_XSDB.UUT_MASTER/U_ICON_INTERFACE/U_CMD6_RD/U_RD_FIFO/SUBCORE_FIFO.xsdbm_v3_0_0_rdfifo_inst/inst_fifo_gen/gconvfifo.rf/grf.rf/rstblk/ngwrdrst.grst.g7serrst.rst_rd_reg2_reg
  -------------------------------------------------------------------
                         required time                         -1.353    
                         arrival time                           1.474    
  -------------------------------------------------------------------
                         slack                                  0.122    

Slack (MET) :             0.122ns  (arrival time - required time)
  Source:                 dbg_hub/inst/BSCANID.u_xsdbm_id/CORE_XSDB.UUT_MASTER/U_ICON_INTERFACE/U_CMD6_WR/U_WR_FIFO/SUBCORE_FIFO.xsdbm_v3_0_0_wrfifo_inst/inst_fifo_gen/gconvfifo.rf/grf.rf/gntv_or_sync_fifo.gcx.clkx/gnxpm_cdc.gsync_stage[1].wr_stg_inst/Q_reg_reg[0]/C
                            (rising edge-triggered cell FDCE clocked by dbg_hub/inst/BSCANID.u_xsdbm_id/SWITCH_N_EXT_BSCAN.bscan_inst/SERIES7_BSCAN.bscan_inst/TCK  {rise@0.000ns fall@16.500ns period=33.000ns})
  Destination:            dbg_hub/inst/BSCANID.u_xsdbm_id/CORE_XSDB.UUT_MASTER/U_ICON_INTERFACE/U_CMD6_WR/U_WR_FIFO/SUBCORE_FIFO.xsdbm_v3_0_0_wrfifo_inst/inst_fifo_gen/gconvfifo.rf/grf.rf/gntv_or_sync_fifo.gcx.clkx/gnxpm_cdc.gsync_stage[2].wr_stg_inst/Q_reg_reg[0]/D
                            (rising edge-triggered cell FDCE clocked by dbg_hub/inst/BSCANID.u_xsdbm_id/SWITCH_N_EXT_BSCAN.bscan_inst/SERIES7_BSCAN.bscan_inst/TCK  {rise@0.000ns fall@16.500ns period=33.000ns})
  Path Group:             dbg_hub/inst/BSCANID.u_xsdbm_id/SWITCH_N_EXT_BSCAN.bscan_inst/SERIES7_BSCAN.bscan_inst/TCK
  Path Type:              Hold (Min at Fast Process Corner)
  Requirement:            0.000ns  (dbg_hub/inst/BSCANID.u_xsdbm_id/SWITCH_N_EXT_BSCAN.bscan_inst/SERIES7_BSCAN.bscan_inst/TCK rise@0.000ns - dbg_hub/inst/BSCANID.u_xsdbm_id/SWITCH_N_EXT_BSCAN.bscan_inst/SERIES7_BSCAN.bscan_inst/TCK rise@0.000ns)
  Data Path Delay:        0.197ns  (logic 0.141ns (71.611%)  route 0.056ns (28.389%))
  Logic Levels:           0  
  Clock Path Skew:        0.000ns (DCD - SCD - CPR)
    Destination Clock Delay (DCD):    1.676ns
    Source Clock Delay      (SCD):    1.299ns
    Clock Pessimism Removal (CPR):    0.377ns

    Location             Delay type                Incr(ns)  Path(ns)    Netlist Resource(s)
  -------------------------------------------------------------------    -------------------
                         (clock dbg_hub/inst/BSCANID.u_xsdbm_id/SWITCH_N_EXT_BSCAN.bscan_inst/SERIES7_BSCAN.bscan_inst/TCK rise edge)
                                                      0.000     0.000 r  
    BSCAN_X0Y0           BSCANE2                      0.000     0.000 r  dbg_hub/inst/BSCANID.u_xsdbm_id/SWITCH_N_EXT_BSCAN.bscan_inst/SERIES7_BSCAN.bscan_inst/TCK
                         net (fo=1, routed)           0.688     0.688    dbg_hub/inst/BSCANID.u_xsdbm_id/tck_bs
    BUFGCTRL_X0Y0        BUFG (Prop_bufg_I_O)         0.026     0.714 r  dbg_hub/inst/BSCANID.u_xsdbm_id/SWITCH_N_EXT_BSCAN.u_bufg_icon_tck/O
                         net (fo=482, routed)         0.585     1.299    dbg_hub/inst/BSCANID.u_xsdbm_id/CORE_XSDB.UUT_MASTER/U_ICON_INTERFACE/U_CMD6_WR/U_WR_FIFO/SUBCORE_FIFO.xsdbm_v3_0_0_wrfifo_inst/inst_fifo_gen/gconvfifo.rf/grf.rf/gntv_or_sync_fifo.gcx.clkx/gnxpm_cdc.gsync_stage[1].wr_stg_inst/wr_clk
    SLICE_X3Y45          FDCE                                         r  dbg_hub/inst/BSCANID.u_xsdbm_id/CORE_XSDB.UUT_MASTER/U_ICON_INTERFACE/U_CMD6_WR/U_WR_FIFO/SUBCORE_FIFO.xsdbm_v3_0_0_wrfifo_inst/inst_fifo_gen/gconvfifo.rf/grf.rf/gntv_or_sync_fifo.gcx.clkx/gnxpm_cdc.gsync_stage[1].wr_stg_inst/Q_reg_reg[0]/C
  -------------------------------------------------------------------    -------------------
    SLICE_X3Y45          FDCE (Prop_fdce_C_Q)         0.141     1.440 r  dbg_hub/inst/BSCANID.u_xsdbm_id/CORE_XSDB.UUT_MASTER/U_ICON_INTERFACE/U_CMD6_WR/U_WR_FIFO/SUBCORE_FIFO.xsdbm_v3_0_0_wrfifo_inst/inst_fifo_gen/gconvfifo.rf/grf.rf/gntv_or_sync_fifo.gcx.clkx/gnxpm_cdc.gsync_stage[1].wr_stg_inst/Q_reg_reg[0]/Q
                         net (fo=1, routed)           0.056     1.495    dbg_hub/inst/BSCANID.u_xsdbm_id/CORE_XSDB.UUT_MASTER/U_ICON_INTERFACE/U_CMD6_WR/U_WR_FIFO/SUBCORE_FIFO.xsdbm_v3_0_0_wrfifo_inst/inst_fifo_gen/gconvfifo.rf/grf.rf/gntv_or_sync_fifo.gcx.clkx/gnxpm_cdc.gsync_stage[2].wr_stg_inst/Q_reg_reg[3]_0[0]
    SLICE_X3Y45          FDCE                                         r  dbg_hub/inst/BSCANID.u_xsdbm_id/CORE_XSDB.UUT_MASTER/U_ICON_INTERFACE/U_CMD6_WR/U_WR_FIFO/SUBCORE_FIFO.xsdbm_v3_0_0_wrfifo_inst/inst_fifo_gen/gconvfifo.rf/grf.rf/gntv_or_sync_fifo.gcx.clkx/gnxpm_cdc.gsync_stage[2].wr_stg_inst/Q_reg_reg[0]/D
  -------------------------------------------------------------------    -------------------

                         (clock dbg_hub/inst/BSCANID.u_xsdbm_id/SWITCH_N_EXT_BSCAN.bscan_inst/SERIES7_BSCAN.bscan_inst/TCK rise edge)
                                                      0.000     0.000 r  
    BSCAN_X0Y0           BSCANE2                      0.000     0.000 r  dbg_hub/inst/BSCANID.u_xsdbm_id/SWITCH_N_EXT_BSCAN.bscan_inst/SERIES7_BSCAN.bscan_inst/TCK
                         net (fo=1, routed)           0.794     0.794    dbg_hub/inst/BSCANID.u_xsdbm_id/tck_bs
    BUFGCTRL_X0Y0        BUFG (Prop_bufg_I_O)         0.029     0.823 r  dbg_hub/inst/BSCANID.u_xsdbm_id/SWITCH_N_EXT_BSCAN.u_bufg_icon_tck/O
                         net (fo=482, routed)         0.853     1.676    dbg_hub/inst/BSCANID.u_xsdbm_id/CORE_XSDB.UUT_MASTER/U_ICON_INTERFACE/U_CMD6_WR/U_WR_FIFO/SUBCORE_FIFO.xsdbm_v3_0_0_wrfifo_inst/inst_fifo_gen/gconvfifo.rf/grf.rf/gntv_or_sync_fifo.gcx.clkx/gnxpm_cdc.gsync_stage[2].wr_stg_inst/wr_clk
    SLICE_X3Y45          FDCE                                         r  dbg_hub/inst/BSCANID.u_xsdbm_id/CORE_XSDB.UUT_MASTER/U_ICON_INTERFACE/U_CMD6_WR/U_WR_FIFO/SUBCORE_FIFO.xsdbm_v3_0_0_wrfifo_inst/inst_fifo_gen/gconvfifo.rf/grf.rf/gntv_or_sync_fifo.gcx.clkx/gnxpm_cdc.gsync_stage[2].wr_stg_inst/Q_reg_reg[0]/C
                         clock pessimism             -0.377     1.299    
    SLICE_X3Y45          FDCE (Hold_fdce_C_D)         0.075     1.374    dbg_hub/inst/BSCANID.u_xsdbm_id/CORE_XSDB.UUT_MASTER/U_ICON_INTERFACE/U_CMD6_WR/U_WR_FIFO/SUBCORE_FIFO.xsdbm_v3_0_0_wrfifo_inst/inst_fifo_gen/gconvfifo.rf/grf.rf/gntv_or_sync_fifo.gcx.clkx/gnxpm_cdc.gsync_stage[2].wr_stg_inst/Q_reg_reg[0]
  -------------------------------------------------------------------
                         required time                         -1.374    
                         arrival time                           1.495    
  -------------------------------------------------------------------
                         slack                                  0.122    

Slack (MET) :             0.122ns  (arrival time - required time)
  Source:                 dbg_hub/inst/BSCANID.u_xsdbm_id/CORE_XSDB.UUT_MASTER/U_ICON_INTERFACE/U_CMD6_WR/U_WR_FIFO/SUBCORE_FIFO.xsdbm_v3_0_0_wrfifo_inst/inst_fifo_gen/gconvfifo.rf/grf.rf/gntv_or_sync_fifo.gcx.clkx/gnxpm_cdc.gsync_stage[1].wr_stg_inst/Q_reg_reg[3]/C
                            (rising edge-triggered cell FDCE clocked by dbg_hub/inst/BSCANID.u_xsdbm_id/SWITCH_N_EXT_BSCAN.bscan_inst/SERIES7_BSCAN.bscan_inst/TCK  {rise@0.000ns fall@16.500ns period=33.000ns})
  Destination:            dbg_hub/inst/BSCANID.u_xsdbm_id/CORE_XSDB.UUT_MASTER/U_ICON_INTERFACE/U_CMD6_WR/U_WR_FIFO/SUBCORE_FIFO.xsdbm_v3_0_0_wrfifo_inst/inst_fifo_gen/gconvfifo.rf/grf.rf/gntv_or_sync_fifo.gcx.clkx/gnxpm_cdc.gsync_stage[2].wr_stg_inst/Q_reg_reg[3]/D
                            (rising edge-triggered cell FDCE clocked by dbg_hub/inst/BSCANID.u_xsdbm_id/SWITCH_N_EXT_BSCAN.bscan_inst/SERIES7_BSCAN.bscan_inst/TCK  {rise@0.000ns fall@16.500ns period=33.000ns})
  Path Group:             dbg_hub/inst/BSCANID.u_xsdbm_id/SWITCH_N_EXT_BSCAN.bscan_inst/SERIES7_BSCAN.bscan_inst/TCK
  Path Type:              Hold (Min at Fast Process Corner)
  Requirement:            0.000ns  (dbg_hub/inst/BSCANID.u_xsdbm_id/SWITCH_N_EXT_BSCAN.bscan_inst/SERIES7_BSCAN.bscan_inst/TCK rise@0.000ns - dbg_hub/inst/BSCANID.u_xsdbm_id/SWITCH_N_EXT_BSCAN.bscan_inst/SERIES7_BSCAN.bscan_inst/TCK rise@0.000ns)
  Data Path Delay:        0.197ns  (logic 0.141ns (71.611%)  route 0.056ns (28.389%))
  Logic Levels:           0  
  Clock Path Skew:        0.000ns (DCD - SCD - CPR)
    Destination Clock Delay (DCD):    1.676ns
    Source Clock Delay      (SCD):    1.299ns
    Clock Pessimism Removal (CPR):    0.377ns

    Location             Delay type                Incr(ns)  Path(ns)    Netlist Resource(s)
  -------------------------------------------------------------------    -------------------
                         (clock dbg_hub/inst/BSCANID.u_xsdbm_id/SWITCH_N_EXT_BSCAN.bscan_inst/SERIES7_BSCAN.bscan_inst/TCK rise edge)
                                                      0.000     0.000 r  
    BSCAN_X0Y0           BSCANE2                      0.000     0.000 r  dbg_hub/inst/BSCANID.u_xsdbm_id/SWITCH_N_EXT_BSCAN.bscan_inst/SERIES7_BSCAN.bscan_inst/TCK
                         net (fo=1, routed)           0.688     0.688    dbg_hub/inst/BSCANID.u_xsdbm_id/tck_bs
    BUFGCTRL_X0Y0        BUFG (Prop_bufg_I_O)         0.026     0.714 r  dbg_hub/inst/BSCANID.u_xsdbm_id/SWITCH_N_EXT_BSCAN.u_bufg_icon_tck/O
                         net (fo=482, routed)         0.585     1.299    dbg_hub/inst/BSCANID.u_xsdbm_id/CORE_XSDB.UUT_MASTER/U_ICON_INTERFACE/U_CMD6_WR/U_WR_FIFO/SUBCORE_FIFO.xsdbm_v3_0_0_wrfifo_inst/inst_fifo_gen/gconvfifo.rf/grf.rf/gntv_or_sync_fifo.gcx.clkx/gnxpm_cdc.gsync_stage[1].wr_stg_inst/wr_clk
    SLICE_X5Y45          FDCE                                         r  dbg_hub/inst/BSCANID.u_xsdbm_id/CORE_XSDB.UUT_MASTER/U_ICON_INTERFACE/U_CMD6_WR/U_WR_FIFO/SUBCORE_FIFO.xsdbm_v3_0_0_wrfifo_inst/inst_fifo_gen/gconvfifo.rf/grf.rf/gntv_or_sync_fifo.gcx.clkx/gnxpm_cdc.gsync_stage[1].wr_stg_inst/Q_reg_reg[3]/C
  -------------------------------------------------------------------    -------------------
    SLICE_X5Y45          FDCE (Prop_fdce_C_Q)         0.141     1.440 r  dbg_hub/inst/BSCANID.u_xsdbm_id/CORE_XSDB.UUT_MASTER/U_ICON_INTERFACE/U_CMD6_WR/U_WR_FIFO/SUBCORE_FIFO.xsdbm_v3_0_0_wrfifo_inst/inst_fifo_gen/gconvfifo.rf/grf.rf/gntv_or_sync_fifo.gcx.clkx/gnxpm_cdc.gsync_stage[1].wr_stg_inst/Q_reg_reg[3]/Q
                         net (fo=1, routed)           0.056     1.495    dbg_hub/inst/BSCANID.u_xsdbm_id/CORE_XSDB.UUT_MASTER/U_ICON_INTERFACE/U_CMD6_WR/U_WR_FIFO/SUBCORE_FIFO.xsdbm_v3_0_0_wrfifo_inst/inst_fifo_gen/gconvfifo.rf/grf.rf/gntv_or_sync_fifo.gcx.clkx/gnxpm_cdc.gsync_stage[2].wr_stg_inst/Q_reg_reg[3]_0[3]
    SLICE_X5Y45          FDCE                                         r  dbg_hub/inst/BSCANID.u_xsdbm_id/CORE_XSDB.UUT_MASTER/U_ICON_INTERFACE/U_CMD6_WR/U_WR_FIFO/SUBCORE_FIFO.xsdbm_v3_0_0_wrfifo_inst/inst_fifo_gen/gconvfifo.rf/grf.rf/gntv_or_sync_fifo.gcx.clkx/gnxpm_cdc.gsync_stage[2].wr_stg_inst/Q_reg_reg[3]/D
  -------------------------------------------------------------------    -------------------

                         (clock dbg_hub/inst/BSCANID.u_xsdbm_id/SWITCH_N_EXT_BSCAN.bscan_inst/SERIES7_BSCAN.bscan_inst/TCK rise edge)
                                                      0.000     0.000 r  
    BSCAN_X0Y0           BSCANE2                      0.000     0.000 r  dbg_hub/inst/BSCANID.u_xsdbm_id/SWITCH_N_EXT_BSCAN.bscan_inst/SERIES7_BSCAN.bscan_inst/TCK
                         net (fo=1, routed)           0.794     0.794    dbg_hub/inst/BSCANID.u_xsdbm_id/tck_bs
    BUFGCTRL_X0Y0        BUFG (Prop_bufg_I_O)         0.029     0.823 r  dbg_hub/inst/BSCANID.u_xsdbm_id/SWITCH_N_EXT_BSCAN.u_bufg_icon_tck/O
                         net (fo=482, routed)         0.853     1.676    dbg_hub/inst/BSCANID.u_xsdbm_id/CORE_XSDB.UUT_MASTER/U_ICON_INTERFACE/U_CMD6_WR/U_WR_FIFO/SUBCORE_FIFO.xsdbm_v3_0_0_wrfifo_inst/inst_fifo_gen/gconvfifo.rf/grf.rf/gntv_or_sync_fifo.gcx.clkx/gnxpm_cdc.gsync_stage[2].wr_stg_inst/wr_clk
    SLICE_X5Y45          FDCE                                         r  dbg_hub/inst/BSCANID.u_xsdbm_id/CORE_XSDB.UUT_MASTER/U_ICON_INTERFACE/U_CMD6_WR/U_WR_FIFO/SUBCORE_FIFO.xsdbm_v3_0_0_wrfifo_inst/inst_fifo_gen/gconvfifo.rf/grf.rf/gntv_or_sync_fifo.gcx.clkx/gnxpm_cdc.gsync_stage[2].wr_stg_inst/Q_reg_reg[3]/C
                         clock pessimism             -0.377     1.299    
    SLICE_X5Y45          FDCE (Hold_fdce_C_D)         0.075     1.374    dbg_hub/inst/BSCANID.u_xsdbm_id/CORE_XSDB.UUT_MASTER/U_ICON_INTERFACE/U_CMD6_WR/U_WR_FIFO/SUBCORE_FIFO.xsdbm_v3_0_0_wrfifo_inst/inst_fifo_gen/gconvfifo.rf/grf.rf/gntv_or_sync_fifo.gcx.clkx/gnxpm_cdc.gsync_stage[2].wr_stg_inst/Q_reg_reg[3]
  -------------------------------------------------------------------
                         required time                         -1.374    
                         arrival time                           1.495    
  -------------------------------------------------------------------
                         slack                                  0.122    

Slack (MET) :             0.122ns  (arrival time - required time)
  Source:                 dbg_hub/inst/BSCANID.u_xsdbm_id/SWITCH_N_EXT_BSCAN.bscan_switch/state_temp_reg[2]/C
                            (rising edge-triggered cell FDRE clocked by dbg_hub/inst/BSCANID.u_xsdbm_id/SWITCH_N_EXT_BSCAN.bscan_inst/SERIES7_BSCAN.bscan_inst/TCK  {rise@0.000ns fall@16.500ns period=33.000ns})
  Destination:            dbg_hub/inst/BSCANID.u_xsdbm_id/SWITCH_N_EXT_BSCAN.bscan_switch/state_reg[2]/D
                            (rising edge-triggered cell FDRE clocked by dbg_hub/inst/BSCANID.u_xsdbm_id/SWITCH_N_EXT_BSCAN.bscan_inst/SERIES7_BSCAN.bscan_inst/TCK  {rise@0.000ns fall@16.500ns period=33.000ns})
  Path Group:             dbg_hub/inst/BSCANID.u_xsdbm_id/SWITCH_N_EXT_BSCAN.bscan_inst/SERIES7_BSCAN.bscan_inst/TCK
  Path Type:              Hold (Min at Fast Process Corner)
  Requirement:            0.000ns  (dbg_hub/inst/BSCANID.u_xsdbm_id/SWITCH_N_EXT_BSCAN.bscan_inst/SERIES7_BSCAN.bscan_inst/TCK rise@0.000ns - dbg_hub/inst/BSCANID.u_xsdbm_id/SWITCH_N_EXT_BSCAN.bscan_inst/SERIES7_BSCAN.bscan_inst/TCK rise@0.000ns)
  Data Path Delay:        0.197ns  (logic 0.141ns (71.611%)  route 0.056ns (28.389%))
  Logic Levels:           0  
  Clock Path Skew:        0.000ns (DCD - SCD - CPR)
    Destination Clock Delay (DCD):    1.655ns
    Source Clock Delay      (SCD):    1.277ns
    Clock Pessimism Removal (CPR):    0.378ns

    Location             Delay type                Incr(ns)  Path(ns)    Netlist Resource(s)
  -------------------------------------------------------------------    -------------------
                         (clock dbg_hub/inst/BSCANID.u_xsdbm_id/SWITCH_N_EXT_BSCAN.bscan_inst/SERIES7_BSCAN.bscan_inst/TCK rise edge)
                                                      0.000     0.000 r  
    BSCAN_X0Y0           BSCANE2                      0.000     0.000 r  dbg_hub/inst/BSCANID.u_xsdbm_id/SWITCH_N_EXT_BSCAN.bscan_inst/SERIES7_BSCAN.bscan_inst/TCK
                         net (fo=1, routed)           0.688     0.688    dbg_hub/inst/BSCANID.u_xsdbm_id/tck_bs
    BUFGCTRL_X0Y0        BUFG (Prop_bufg_I_O)         0.026     0.714 r  dbg_hub/inst/BSCANID.u_xsdbm_id/SWITCH_N_EXT_BSCAN.u_bufg_icon_tck/O
                         net (fo=482, routed)         0.563     1.277    dbg_hub/inst/BSCANID.u_xsdbm_id/SWITCH_N_EXT_BSCAN.bscan_switch/s_bscan_tck
    SLICE_X13Y57         FDRE                                         r  dbg_hub/inst/BSCANID.u_xsdbm_id/SWITCH_N_EXT_BSCAN.bscan_switch/state_temp_reg[2]/C
  -------------------------------------------------------------------    -------------------
    SLICE_X13Y57         FDRE (Prop_fdre_C_Q)         0.141     1.418 r  dbg_hub/inst/BSCANID.u_xsdbm_id/SWITCH_N_EXT_BSCAN.bscan_switch/state_temp_reg[2]/Q
                         net (fo=2, routed)           0.056     1.474    dbg_hub/inst/BSCANID.u_xsdbm_id/SWITCH_N_EXT_BSCAN.bscan_switch/state_temp[2]
    SLICE_X13Y57         FDRE                                         r  dbg_hub/inst/BSCANID.u_xsdbm_id/SWITCH_N_EXT_BSCAN.bscan_switch/state_reg[2]/D
  -------------------------------------------------------------------    -------------------

                         (clock dbg_hub/inst/BSCANID.u_xsdbm_id/SWITCH_N_EXT_BSCAN.bscan_inst/SERIES7_BSCAN.bscan_inst/TCK rise edge)
                                                      0.000     0.000 r  
    BSCAN_X0Y0           BSCANE2                      0.000     0.000 r  dbg_hub/inst/BSCANID.u_xsdbm_id/SWITCH_N_EXT_BSCAN.bscan_inst/SERIES7_BSCAN.bscan_inst/TCK
                         net (fo=1, routed)           0.794     0.794    dbg_hub/inst/BSCANID.u_xsdbm_id/tck_bs
    BUFGCTRL_X0Y0        BUFG (Prop_bufg_I_O)         0.029     0.823 r  dbg_hub/inst/BSCANID.u_xsdbm_id/SWITCH_N_EXT_BSCAN.u_bufg_icon_tck/O
                         net (fo=482, routed)         0.832     1.655    dbg_hub/inst/BSCANID.u_xsdbm_id/SWITCH_N_EXT_BSCAN.bscan_switch/s_bscan_tck
    SLICE_X13Y57         FDRE                                         r  dbg_hub/inst/BSCANID.u_xsdbm_id/SWITCH_N_EXT_BSCAN.bscan_switch/state_reg[2]/C
                         clock pessimism             -0.378     1.277    
    SLICE_X13Y57         FDRE (Hold_fdre_C_D)         0.075     1.352    dbg_hub/inst/BSCANID.u_xsdbm_id/SWITCH_N_EXT_BSCAN.bscan_switch/state_reg[2]
  -------------------------------------------------------------------
                         required time                         -1.352    
                         arrival time                           1.474    
  -------------------------------------------------------------------
                         slack                                  0.122    

Slack (MET) :             0.123ns  (arrival time - required time)
  Source:                 dbg_hub/inst/BSCANID.u_xsdbm_id/CORE_XSDB.UUT_MASTER/U_ICON_INTERFACE/U_CMD6_WR/shift_reg_in_reg[8]/C
                            (rising edge-triggered cell FDCE clocked by dbg_hub/inst/BSCANID.u_xsdbm_id/SWITCH_N_EXT_BSCAN.bscan_inst/SERIES7_BSCAN.bscan_inst/TCK  {rise@0.000ns fall@16.500ns period=33.000ns})
  Destination:            dbg_hub/inst/BSCANID.u_xsdbm_id/CORE_XSDB.UUT_MASTER/U_ICON_INTERFACE/U_CMD6_WR/U_WR_FIFO/SUBCORE_FIFO.xsdbm_v3_0_0_wrfifo_inst/inst_fifo_gen/gconvfifo.rf/grf.rf/gntv_or_sync_fifo.mem/gdm.dm_gen.dm/RAM_reg_0_15_6_11/RAMA_D1/I
                            (rising edge-triggered cell RAMD32 clocked by dbg_hub/inst/BSCANID.u_xsdbm_id/SWITCH_N_EXT_BSCAN.bscan_inst/SERIES7_BSCAN.bscan_inst/TCK  {rise@0.000ns fall@16.500ns period=33.000ns})
  Path Group:             dbg_hub/inst/BSCANID.u_xsdbm_id/SWITCH_N_EXT_BSCAN.bscan_inst/SERIES7_BSCAN.bscan_inst/TCK
  Path Type:              Hold (Min at Fast Process Corner)
  Requirement:            0.000ns  (dbg_hub/inst/BSCANID.u_xsdbm_id/SWITCH_N_EXT_BSCAN.bscan_inst/SERIES7_BSCAN.bscan_inst/TCK rise@0.000ns - dbg_hub/inst/BSCANID.u_xsdbm_id/SWITCH_N_EXT_BSCAN.bscan_inst/SERIES7_BSCAN.bscan_inst/TCK rise@0.000ns)
  Data Path Delay:        0.203ns  (logic 0.128ns (63.195%)  route 0.075ns (36.805%))
  Logic Levels:           0  
  Clock Path Skew:        0.013ns (DCD - SCD - CPR)
    Destination Clock Delay (DCD):    1.657ns
    Source Clock Delay      (SCD):    1.280ns
    Clock Pessimism Removal (CPR):    0.364ns

    Location             Delay type                Incr(ns)  Path(ns)    Netlist Resource(s)
  -------------------------------------------------------------------    -------------------
                         (clock dbg_hub/inst/BSCANID.u_xsdbm_id/SWITCH_N_EXT_BSCAN.bscan_inst/SERIES7_BSCAN.bscan_inst/TCK rise edge)
                                                      0.000     0.000 r  
    BSCAN_X0Y0           BSCANE2                      0.000     0.000 r  dbg_hub/inst/BSCANID.u_xsdbm_id/SWITCH_N_EXT_BSCAN.bscan_inst/SERIES7_BSCAN.bscan_inst/TCK
                         net (fo=1, routed)           0.688     0.688    dbg_hub/inst/BSCANID.u_xsdbm_id/tck_bs
    BUFGCTRL_X0Y0        BUFG (Prop_bufg_I_O)         0.026     0.714 r  dbg_hub/inst/BSCANID.u_xsdbm_id/SWITCH_N_EXT_BSCAN.u_bufg_icon_tck/O
                         net (fo=482, routed)         0.566     1.280    dbg_hub/inst/BSCANID.u_xsdbm_id/CORE_XSDB.UUT_MASTER/U_ICON_INTERFACE/U_CMD6_WR/m_bscan_tck[0]
    SLICE_X9Y45          FDCE                                         r  dbg_hub/inst/BSCANID.u_xsdbm_id/CORE_XSDB.UUT_MASTER/U_ICON_INTERFACE/U_CMD6_WR/shift_reg_in_reg[8]/C
  -------------------------------------------------------------------    -------------------
    SLICE_X9Y45          FDCE (Prop_fdce_C_Q)         0.128     1.408 r  dbg_hub/inst/BSCANID.u_xsdbm_id/CORE_XSDB.UUT_MASTER/U_ICON_INTERFACE/U_CMD6_WR/shift_reg_in_reg[8]/Q
                         net (fo=2, routed)           0.075     1.482    dbg_hub/inst/BSCANID.u_xsdbm_id/CORE_XSDB.UUT_MASTER/U_ICON_INTERFACE/U_CMD6_WR/U_WR_FIFO/SUBCORE_FIFO.xsdbm_v3_0_0_wrfifo_inst/inst_fifo_gen/gconvfifo.rf/grf.rf/gntv_or_sync_fifo.mem/gdm.dm_gen.dm/RAM_reg_0_15_6_11/DIA1
    SLICE_X8Y45          RAMD32                                       r  dbg_hub/inst/BSCANID.u_xsdbm_id/CORE_XSDB.UUT_MASTER/U_ICON_INTERFACE/U_CMD6_WR/U_WR_FIFO/SUBCORE_FIFO.xsdbm_v3_0_0_wrfifo_inst/inst_fifo_gen/gconvfifo.rf/grf.rf/gntv_or_sync_fifo.mem/gdm.dm_gen.dm/RAM_reg_0_15_6_11/RAMA_D1/I
  -------------------------------------------------------------------    -------------------

                         (clock dbg_hub/inst/BSCANID.u_xsdbm_id/SWITCH_N_EXT_BSCAN.bscan_inst/SERIES7_BSCAN.bscan_inst/TCK rise edge)
                                                      0.000     0.000 r  
    BSCAN_X0Y0           BSCANE2                      0.000     0.000 r  dbg_hub/inst/BSCANID.u_xsdbm_id/SWITCH_N_EXT_BSCAN.bscan_inst/SERIES7_BSCAN.bscan_inst/TCK
                         net (fo=1, routed)           0.794     0.794    dbg_hub/inst/BSCANID.u_xsdbm_id/tck_bs
    BUFGCTRL_X0Y0        BUFG (Prop_bufg_I_O)         0.029     0.823 r  dbg_hub/inst/BSCANID.u_xsdbm_id/SWITCH_N_EXT_BSCAN.u_bufg_icon_tck/O
                         net (fo=482, routed)         0.834     1.657    dbg_hub/inst/BSCANID.u_xsdbm_id/CORE_XSDB.UUT_MASTER/U_ICON_INTERFACE/U_CMD6_WR/U_WR_FIFO/SUBCORE_FIFO.xsdbm_v3_0_0_wrfifo_inst/inst_fifo_gen/gconvfifo.rf/grf.rf/gntv_or_sync_fifo.mem/gdm.dm_gen.dm/RAM_reg_0_15_6_11/WCLK
    SLICE_X8Y45          RAMD32                                       r  dbg_hub/inst/BSCANID.u_xsdbm_id/CORE_XSDB.UUT_MASTER/U_ICON_INTERFACE/U_CMD6_WR/U_WR_FIFO/SUBCORE_FIFO.xsdbm_v3_0_0_wrfifo_inst/inst_fifo_gen/gconvfifo.rf/grf.rf/gntv_or_sync_fifo.mem/gdm.dm_gen.dm/RAM_reg_0_15_6_11/RAMA_D1/CLK
                         clock pessimism             -0.364     1.293    
    SLICE_X8Y45          RAMD32 (Hold_ramd32_CLK_I)
                                                      0.067     1.360    dbg_hub/inst/BSCANID.u_xsdbm_id/CORE_XSDB.UUT_MASTER/U_ICON_INTERFACE/U_CMD6_WR/U_WR_FIFO/SUBCORE_FIFO.xsdbm_v3_0_0_wrfifo_inst/inst_fifo_gen/gconvfifo.rf/grf.rf/gntv_or_sync_fifo.mem/gdm.dm_gen.dm/RAM_reg_0_15_6_11/RAMA_D1
  -------------------------------------------------------------------
                         required time                         -1.360    
                         arrival time                           1.482    
  -------------------------------------------------------------------
                         slack                                  0.123    





Pulse Width Checks
--------------------------------------------------------------------------------------
Clock Name:         dbg_hub/inst/BSCANID.u_xsdbm_id/SWITCH_N_EXT_BSCAN.bscan_inst/SERIES7_BSCAN.bscan_inst/TCK
Waveform(ns):       { 0.000 16.500 }
Period(ns):         33.000
Sources:            { dbg_hub/inst/BSCANID.u_xsdbm_id/SWITCH_N_EXT_BSCAN.bscan_inst/SERIES7_BSCAN.bscan_inst/TCK }

Check Type        Corner  Lib Pin     Reference Pin  Required(ns)  Actual(ns)  Slack(ns)  Location       Pin
Min Period        n/a     BUFG/I      n/a            2.155         33.000      30.845     BUFGCTRL_X0Y0  dbg_hub/inst/BSCANID.u_xsdbm_id/SWITCH_N_EXT_BSCAN.u_bufg_icon_tck/I
Min Period        n/a     FDRE/C      n/a            1.000         33.000      32.000     SLICE_X13Y43   dbg_hub/inst/BSCANID.u_xsdbm_id/CORE_XSDB.UUT_MASTER/U_ICON_INTERFACE/U_CMD5/icn_cmd_din_temp_reg/C
Min Period        n/a     FDRE/C      n/a            1.000         33.000      32.000     SLICE_X13Y47   dbg_hub/inst/BSCANID.u_xsdbm_id/CORE_XSDB.UUT_MASTER/U_ICON_INTERFACE/U_CMD5/icn_cmd_en_temp_reg/C
Min Period        n/a     FDPE/C      n/a            1.000         33.000      32.000     SLICE_X14Y47   dbg_hub/inst/BSCANID.u_xsdbm_id/CORE_XSDB.UUT_MASTER/U_ICON_INTERFACE/U_CMD6_RD/U_RD_FIFO/SUBCORE_FIFO.xsdbm_v3_0_0_rdfifo_inst/inst_fifo_gen/gconvfifo.rf/grf.rf/rstblk/ngwrdrst.grst.g7serrst.rd_rst_asreg_reg/C
Min Period        n/a     FDPE/C      n/a            1.000         33.000      32.000     SLICE_X16Y50   dbg_hub/inst/BSCANID.u_xsdbm_id/CORE_XSDB.UUT_MASTER/U_ICON_INTERFACE/U_CMD6_RD/U_RD_FIFO/SUBCORE_FIFO.xsdbm_v3_0_0_rdfifo_inst/inst_fifo_gen/gconvfifo.rf/grf.rf/rstblk/ngwrdrst.grst.g7serrst.rd_rst_reg_reg[0]/C
Min Period        n/a     FDPE/C      n/a            1.000         33.000      32.000     SLICE_X16Y50   dbg_hub/inst/BSCANID.u_xsdbm_id/CORE_XSDB.UUT_MASTER/U_ICON_INTERFACE/U_CMD6_RD/U_RD_FIFO/SUBCORE_FIFO.xsdbm_v3_0_0_rdfifo_inst/inst_fifo_gen/gconvfifo.rf/grf.rf/rstblk/ngwrdrst.grst.g7serrst.rd_rst_reg_reg[1]/C
Min Period        n/a     FDPE/C      n/a            1.000         33.000      32.000     SLICE_X16Y50   dbg_hub/inst/BSCANID.u_xsdbm_id/CORE_XSDB.UUT_MASTER/U_ICON_INTERFACE/U_CMD6_RD/U_RD_FIFO/SUBCORE_FIFO.xsdbm_v3_0_0_rdfifo_inst/inst_fifo_gen/gconvfifo.rf/grf.rf/rstblk/ngwrdrst.grst.g7serrst.rd_rst_reg_reg[2]/C
Min Period        n/a     FDPE/C      n/a            1.000         33.000      32.000     SLICE_X15Y49   dbg_hub/inst/BSCANID.u_xsdbm_id/CORE_XSDB.UUT_MASTER/U_ICON_INTERFACE/U_CMD6_RD/U_RD_FIFO/SUBCORE_FIFO.xsdbm_v3_0_0_rdfifo_inst/inst_fifo_gen/gconvfifo.rf/grf.rf/rstblk/ngwrdrst.grst.g7serrst.rst_rd_reg1_reg/C
Min Period        n/a     FDPE/C      n/a            1.000         33.000      32.000     SLICE_X15Y49   dbg_hub/inst/BSCANID.u_xsdbm_id/CORE_XSDB.UUT_MASTER/U_ICON_INTERFACE/U_CMD6_RD/U_RD_FIFO/SUBCORE_FIFO.xsdbm_v3_0_0_rdfifo_inst/inst_fifo_gen/gconvfifo.rf/grf.rf/rstblk/ngwrdrst.grst.g7serrst.rst_rd_reg2_reg/C
Min Period        n/a     FDRE/C      n/a            1.000         33.000      32.000     SLICE_X11Y46   dbg_hub/inst/BSCANID.u_xsdbm_id/CORE_XSDB.UUT_MASTER/U_ICON_INTERFACE/U_CMD6_WR/shift_bit_count_reg[0]/C
Low Pulse Width   Slow    RAMD32/CLK  n/a            1.250         16.500      15.250     SLICE_X10Y45   dbg_hub/inst/BSCANID.u_xsdbm_id/CORE_XSDB.UUT_MASTER/U_ICON_INTERFACE/U_CMD6_WR/U_WR_FIFO/SUBCORE_FIFO.xsdbm_v3_0_0_wrfifo_inst/inst_fifo_gen/gconvfifo.rf/grf.rf/gntv_or_sync_fifo.mem/gdm.dm_gen.dm/RAM_reg_0_15_0_5/RAMA/CLK
Low Pulse Width   Fast    RAMD32/CLK  n/a            1.250         16.500      15.250     SLICE_X10Y45   dbg_hub/inst/BSCANID.u_xsdbm_id/CORE_XSDB.UUT_MASTER/U_ICON_INTERFACE/U_CMD6_WR/U_WR_FIFO/SUBCORE_FIFO.xsdbm_v3_0_0_wrfifo_inst/inst_fifo_gen/gconvfifo.rf/grf.rf/gntv_or_sync_fifo.mem/gdm.dm_gen.dm/RAM_reg_0_15_0_5/RAMA/CLK
Low Pulse Width   Slow    RAMD32/CLK  n/a            1.250         16.500      15.250     SLICE_X10Y45   dbg_hub/inst/BSCANID.u_xsdbm_id/CORE_XSDB.UUT_MASTER/U_ICON_INTERFACE/U_CMD6_WR/U_WR_FIFO/SUBCORE_FIFO.xsdbm_v3_0_0_wrfifo_inst/inst_fifo_gen/gconvfifo.rf/grf.rf/gntv_or_sync_fifo.mem/gdm.dm_gen.dm/RAM_reg_0_15_0_5/RAMA_D1/CLK
Low Pulse Width   Fast    RAMD32/CLK  n/a            1.250         16.500      15.250     SLICE_X10Y45   dbg_hub/inst/BSCANID.u_xsdbm_id/CORE_XSDB.UUT_MASTER/U_ICON_INTERFACE/U_CMD6_WR/U_WR_FIFO/SUBCORE_FIFO.xsdbm_v3_0_0_wrfifo_inst/inst_fifo_gen/gconvfifo.rf/grf.rf/gntv_or_sync_fifo.mem/gdm.dm_gen.dm/RAM_reg_0_15_0_5/RAMA_D1/CLK
Low Pulse Width   Slow    RAMD32/CLK  n/a            1.250         16.500      15.250     SLICE_X10Y45   dbg_hub/inst/BSCANID.u_xsdbm_id/CORE_XSDB.UUT_MASTER/U_ICON_INTERFACE/U_CMD6_WR/U_WR_FIFO/SUBCORE_FIFO.xsdbm_v3_0_0_wrfifo_inst/inst_fifo_gen/gconvfifo.rf/grf.rf/gntv_or_sync_fifo.mem/gdm.dm_gen.dm/RAM_reg_0_15_0_5/RAMB/CLK
Low Pulse Width   Fast    RAMD32/CLK  n/a            1.250         16.500      15.250     SLICE_X10Y45   dbg_hub/inst/BSCANID.u_xsdbm_id/CORE_XSDB.UUT_MASTER/U_ICON_INTERFACE/U_CMD6_WR/U_WR_FIFO/SUBCORE_FIFO.xsdbm_v3_0_0_wrfifo_inst/inst_fifo_gen/gconvfifo.rf/grf.rf/gntv_or_sync_fifo.mem/gdm.dm_gen.dm/RAM_reg_0_15_0_5/RAMB/CLK
Low Pulse Width   Slow    RAMD32/CLK  n/a            1.250         16.500      15.250     SLICE_X10Y45   dbg_hub/inst/BSCANID.u_xsdbm_id/CORE_XSDB.UUT_MASTER/U_ICON_INTERFACE/U_CMD6_WR/U_WR_FIFO/SUBCORE_FIFO.xsdbm_v3_0_0_wrfifo_inst/inst_fifo_gen/gconvfifo.rf/grf.rf/gntv_or_sync_fifo.mem/gdm.dm_gen.dm/RAM_reg_0_15_0_5/RAMB_D1/CLK
Low Pulse Width   Fast    RAMD32/CLK  n/a            1.250         16.500      15.250     SLICE_X10Y45   dbg_hub/inst/BSCANID.u_xsdbm_id/CORE_XSDB.UUT_MASTER/U_ICON_INTERFACE/U_CMD6_WR/U_WR_FIFO/SUBCORE_FIFO.xsdbm_v3_0_0_wrfifo_inst/inst_fifo_gen/gconvfifo.rf/grf.rf/gntv_or_sync_fifo.mem/gdm.dm_gen.dm/RAM_reg_0_15_0_5/RAMB_D1/CLK
Low Pulse Width   Slow    RAMD32/CLK  n/a            1.250         16.500      15.250     SLICE_X10Y45   dbg_hub/inst/BSCANID.u_xsdbm_id/CORE_XSDB.UUT_MASTER/U_ICON_INTERFACE/U_CMD6_WR/U_WR_FIFO/SUBCORE_FIFO.xsdbm_v3_0_0_wrfifo_inst/inst_fifo_gen/gconvfifo.rf/grf.rf/gntv_or_sync_fifo.mem/gdm.dm_gen.dm/RAM_reg_0_15_0_5/RAMC/CLK
Low Pulse Width   Fast    RAMD32/CLK  n/a            1.250         16.500      15.250     SLICE_X10Y45   dbg_hub/inst/BSCANID.u_xsdbm_id/CORE_XSDB.UUT_MASTER/U_ICON_INTERFACE/U_CMD6_WR/U_WR_FIFO/SUBCORE_FIFO.xsdbm_v3_0_0_wrfifo_inst/inst_fifo_gen/gconvfifo.rf/grf.rf/gntv_or_sync_fifo.mem/gdm.dm_gen.dm/RAM_reg_0_15_0_5/RAMC/CLK
High Pulse Width  Slow    RAMD32/CLK  n/a            1.250         16.500      15.250     SLICE_X10Y45   dbg_hub/inst/BSCANID.u_xsdbm_id/CORE_XSDB.UUT_MASTER/U_ICON_INTERFACE/U_CMD6_WR/U_WR_FIFO/SUBCORE_FIFO.xsdbm_v3_0_0_wrfifo_inst/inst_fifo_gen/gconvfifo.rf/grf.rf/gntv_or_sync_fifo.mem/gdm.dm_gen.dm/RAM_reg_0_15_0_5/RAMA/CLK
High Pulse Width  Fast    RAMD32/CLK  n/a            1.250         16.500      15.250     SLICE_X10Y45   dbg_hub/inst/BSCANID.u_xsdbm_id/CORE_XSDB.UUT_MASTER/U_ICON_INTERFACE/U_CMD6_WR/U_WR_FIFO/SUBCORE_FIFO.xsdbm_v3_0_0_wrfifo_inst/inst_fifo_gen/gconvfifo.rf/grf.rf/gntv_or_sync_fifo.mem/gdm.dm_gen.dm/RAM_reg_0_15_0_5/RAMA/CLK
High Pulse Width  Slow    RAMD32/CLK  n/a            1.250         16.500      15.250     SLICE_X10Y45   dbg_hub/inst/BSCANID.u_xsdbm_id/CORE_XSDB.UUT_MASTER/U_ICON_INTERFACE/U_CMD6_WR/U_WR_FIFO/SUBCORE_FIFO.xsdbm_v3_0_0_wrfifo_inst/inst_fifo_gen/gconvfifo.rf/grf.rf/gntv_or_sync_fifo.mem/gdm.dm_gen.dm/RAM_reg_0_15_0_5/RAMA_D1/CLK
High Pulse Width  Fast    RAMD32/CLK  n/a            1.250         16.500      15.250     SLICE_X10Y45   dbg_hub/inst/BSCANID.u_xsdbm_id/CORE_XSDB.UUT_MASTER/U_ICON_INTERFACE/U_CMD6_WR/U_WR_FIFO/SUBCORE_FIFO.xsdbm_v3_0_0_wrfifo_inst/inst_fifo_gen/gconvfifo.rf/grf.rf/gntv_or_sync_fifo.mem/gdm.dm_gen.dm/RAM_reg_0_15_0_5/RAMA_D1/CLK
High Pulse Width  Slow    RAMD32/CLK  n/a            1.250         16.500      15.250     SLICE_X10Y45   dbg_hub/inst/BSCANID.u_xsdbm_id/CORE_XSDB.UUT_MASTER/U_ICON_INTERFACE/U_CMD6_WR/U_WR_FIFO/SUBCORE_FIFO.xsdbm_v3_0_0_wrfifo_inst/inst_fifo_gen/gconvfifo.rf/grf.rf/gntv_or_sync_fifo.mem/gdm.dm_gen.dm/RAM_reg_0_15_0_5/RAMB/CLK
High Pulse Width  Fast    RAMD32/CLK  n/a            1.250         16.500      15.250     SLICE_X10Y45   dbg_hub/inst/BSCANID.u_xsdbm_id/CORE_XSDB.UUT_MASTER/U_ICON_INTERFACE/U_CMD6_WR/U_WR_FIFO/SUBCORE_FIFO.xsdbm_v3_0_0_wrfifo_inst/inst_fifo_gen/gconvfifo.rf/grf.rf/gntv_or_sync_fifo.mem/gdm.dm_gen.dm/RAM_reg_0_15_0_5/RAMB/CLK
High Pulse Width  Slow    RAMD32/CLK  n/a            1.250         16.500      15.250     SLICE_X10Y45   dbg_hub/inst/BSCANID.u_xsdbm_id/CORE_XSDB.UUT_MASTER/U_ICON_INTERFACE/U_CMD6_WR/U_WR_FIFO/SUBCORE_FIFO.xsdbm_v3_0_0_wrfifo_inst/inst_fifo_gen/gconvfifo.rf/grf.rf/gntv_or_sync_fifo.mem/gdm.dm_gen.dm/RAM_reg_0_15_0_5/RAMB_D1/CLK
High Pulse Width  Fast    RAMD32/CLK  n/a            1.250         16.500      15.250     SLICE_X10Y45   dbg_hub/inst/BSCANID.u_xsdbm_id/CORE_XSDB.UUT_MASTER/U_ICON_INTERFACE/U_CMD6_WR/U_WR_FIFO/SUBCORE_FIFO.xsdbm_v3_0_0_wrfifo_inst/inst_fifo_gen/gconvfifo.rf/grf.rf/gntv_or_sync_fifo.mem/gdm.dm_gen.dm/RAM_reg_0_15_0_5/RAMB_D1/CLK
High Pulse Width  Slow    RAMD32/CLK  n/a            1.250         16.500      15.250     SLICE_X10Y45   dbg_hub/inst/BSCANID.u_xsdbm_id/CORE_XSDB.UUT_MASTER/U_ICON_INTERFACE/U_CMD6_WR/U_WR_FIFO/SUBCORE_FIFO.xsdbm_v3_0_0_wrfifo_inst/inst_fifo_gen/gconvfifo.rf/grf.rf/gntv_or_sync_fifo.mem/gdm.dm_gen.dm/RAM_reg_0_15_0_5/RAMC/CLK
High Pulse Width  Fast    RAMD32/CLK  n/a            1.250         16.500      15.250     SLICE_X10Y45   dbg_hub/inst/BSCANID.u_xsdbm_id/CORE_XSDB.UUT_MASTER/U_ICON_INTERFACE/U_CMD6_WR/U_WR_FIFO/SUBCORE_FIFO.xsdbm_v3_0_0_wrfifo_inst/inst_fifo_gen/gconvfifo.rf/grf.rf/gntv_or_sync_fifo.mem/gdm.dm_gen.dm/RAM_reg_0_15_0_5/RAMC/CLK



---------------------------------------------------------------------------------------------------
From Clock:  sys_clk_pin
  To Clock:  sys_clk_pin

Setup :            0  Failing Endpoints,  Worst Slack        3.645ns,  Total Violation        0.000ns
Hold  :            0  Failing Endpoints,  Worst Slack        0.039ns,  Total Violation        0.000ns
PW    :            0  Failing Endpoints,  Worst Slack        3.750ns,  Total Violation        0.000ns
---------------------------------------------------------------------------------------------------


Max Delay Paths
--------------------------------------------------------------------------------------
Slack (MET) :             3.645ns  (required time - arrival time)
  Source:                 <hidden>
                            (rising edge-triggered cell FDRE clocked by sys_clk_pin  {rise@0.000ns fall@5.000ns period=10.000ns})
  Destination:            <hidden>
                            (rising edge-triggered cell FDRE clocked by sys_clk_pin  {rise@0.000ns fall@5.000ns period=10.000ns})
  Path Group:             sys_clk_pin
  Path Type:              Setup (Max at Slow Process Corner)
  Requirement:            10.000ns  (sys_clk_pin rise@10.000ns - sys_clk_pin rise@0.000ns)
  Data Path Delay:        5.732ns  (logic 0.642ns (11.201%)  route 5.090ns (88.799%))
  Logic Levels:           1  (LUT1=1)
  Clock Path Skew:        -0.159ns (DCD - SCD + CPR)
    Destination Clock Delay (DCD):    4.861ns = ( 14.861 - 10.000 ) 
    Source Clock Delay      (SCD):    5.310ns
    Clock Pessimism Removal (CPR):    0.290ns
  Clock Uncertainty:      0.035ns  ((TSJ^2 + TIJ^2)^1/2 + DJ) / 2 + PE
    Total System Jitter     (TSJ):    0.071ns
    Total Input Jitter      (TIJ):    0.000ns
    Discrete Jitter          (DJ):    0.000ns
    Phase Error              (PE):    0.000ns

    Location             Delay type                Incr(ns)  Path(ns)    Netlist Resource(s)
  -------------------------------------------------------------------    -------------------
                         (clock sys_clk_pin rise edge)
                                                      0.000     0.000 r  
    H16                                               0.000     0.000 r  clk (IN)
                         net (fo=0)                   0.000     0.000    clk
    H16                  IBUF (Prop_ibuf_I_O)         1.457     1.457 r  clk_IBUF_inst/O
                         net (fo=1, routed)           2.076     3.533    clk_IBUF
    BUFGCTRL_X0Y16       BUFG (Prop_bufg_I_O)         0.101     3.634 r  clk_IBUF_BUFG_inst/O
                         net (fo=1805, routed)        1.676     5.310    <hidden>
    SLICE_X16Y41         FDRE                                         r  <hidden>
  -------------------------------------------------------------------    -------------------
    SLICE_X16Y41         FDRE (Prop_fdre_C_Q)         0.518     5.828 f  <hidden>
                         net (fo=17, routed)          2.687     8.515    <hidden>
    SLICE_X28Y38         LUT1 (Prop_lut1_I0_O)        0.124     8.639 r  <hidden>
                         net (fo=9, routed)           2.403    11.042    <hidden>
    SLICE_X29Y49         FDRE                                         r  <hidden>
  -------------------------------------------------------------------    -------------------

                         (clock sys_clk_pin rise edge)
                                                     10.000    10.000 r  
    H16                                               0.000    10.000 r  clk (IN)
                         net (fo=0)                   0.000    10.000    clk
    H16                  IBUF (Prop_ibuf_I_O)         1.387    11.387 r  clk_IBUF_inst/O
                         net (fo=1, routed)           1.880    13.267    clk_IBUF
    BUFGCTRL_X0Y16       BUFG (Prop_bufg_I_O)         0.091    13.358 r  clk_IBUF_BUFG_inst/O
                         net (fo=1805, routed)        1.503    14.861    <hidden>
    SLICE_X29Y49         FDRE                                         r  <hidden>
                         clock pessimism              0.290    15.152    
                         clock uncertainty           -0.035    15.116    
    SLICE_X29Y49         FDRE (Setup_fdre_C_R)       -0.429    14.687    <hidden>
  -------------------------------------------------------------------
                         required time                         14.687    
                         arrival time                         -11.042    
  -------------------------------------------------------------------
                         slack                                  3.645    

Slack (MET) :             4.079ns  (required time - arrival time)
  Source:                 <hidden>
                            (rising edge-triggered cell FDRE clocked by sys_clk_pin  {rise@0.000ns fall@5.000ns period=10.000ns})
  Destination:            <hidden>
                            (rising edge-triggered cell FDRE clocked by sys_clk_pin  {rise@0.000ns fall@5.000ns period=10.000ns})
  Path Group:             sys_clk_pin
  Path Type:              Setup (Max at Slow Process Corner)
  Requirement:            10.000ns  (sys_clk_pin rise@10.000ns - sys_clk_pin rise@0.000ns)
  Data Path Delay:        5.295ns  (logic 1.416ns (26.744%)  route 3.879ns (73.256%))
  Logic Levels:           4  (LUT3=2 LUT6=2)
  Clock Path Skew:        -0.162ns (DCD - SCD + CPR)
    Destination Clock Delay (DCD):    4.855ns = ( 14.855 - 10.000 ) 
    Source Clock Delay      (SCD):    5.307ns
    Clock Pessimism Removal (CPR):    0.290ns
  Clock Uncertainty:      0.035ns  ((TSJ^2 + TIJ^2)^1/2 + DJ) / 2 + PE
    Total System Jitter     (TSJ):    0.071ns
    Total Input Jitter      (TIJ):    0.000ns
    Discrete Jitter          (DJ):    0.000ns
    Phase Error              (PE):    0.000ns

    Location             Delay type                Incr(ns)  Path(ns)    Netlist Resource(s)
  -------------------------------------------------------------------    -------------------
                         (clock sys_clk_pin rise edge)
                                                      0.000     0.000 r  
    H16                                               0.000     0.000 r  clk (IN)
                         net (fo=0)                   0.000     0.000    clk
    H16                  IBUF (Prop_ibuf_I_O)         1.457     1.457 r  clk_IBUF_inst/O
                         net (fo=1, routed)           2.076     3.533    clk_IBUF
    BUFGCTRL_X0Y16       BUFG (Prop_bufg_I_O)         0.101     3.634 r  clk_IBUF_BUFG_inst/O
                         net (fo=1805, routed)        1.673     5.307    <hidden>
    SLICE_X18Y37         FDRE                                         r  <hidden>
  -------------------------------------------------------------------    -------------------
    SLICE_X18Y37         FDRE (Prop_fdre_C_Q)         0.456     5.763 f  <hidden>
                         net (fo=149, routed)         0.912     6.675    <hidden>
    SLICE_X20Y35         LUT3 (Prop_lut3_I0_O)        0.148     6.823 r  <hidden>
                         net (fo=7, routed)           1.052     7.875    <hidden>
    SLICE_X23Y39         LUT6 (Prop_lut6_I5_O)        0.328     8.203 f  <hidden>
                         net (fo=1, routed)           0.667     8.870    <hidden>
    SLICE_X23Y39         LUT3 (Prop_lut3_I0_O)        0.152     9.022 r  <hidden>
                         net (fo=8, routed)           0.453     9.475    <hidden>
    SLICE_X23Y38         LUT6 (Prop_lut6_I5_O)        0.332     9.807 r  <hidden>
                         net (fo=12, routed)          0.795    10.602    <hidden>
    SLICE_X25Y42         FDRE                                         r  <hidden>
  -------------------------------------------------------------------    -------------------

                         (clock sys_clk_pin rise edge)
                                                     10.000    10.000 r  
    H16                                               0.000    10.000 r  clk (IN)
                         net (fo=0)                   0.000    10.000    clk
    H16                  IBUF (Prop_ibuf_I_O)         1.387    11.387 r  clk_IBUF_inst/O
                         net (fo=1, routed)           1.880    13.267    clk_IBUF
    BUFGCTRL_X0Y16       BUFG (Prop_bufg_I_O)         0.091    13.358 r  clk_IBUF_BUFG_inst/O
                         net (fo=1805, routed)        1.497    14.855    <hidden>
    SLICE_X25Y42         FDRE                                         r  <hidden>
                         clock pessimism              0.290    15.146    
                         clock uncertainty           -0.035    15.110    
    SLICE_X25Y42         FDRE (Setup_fdre_C_R)       -0.429    14.681    <hidden>
  -------------------------------------------------------------------
                         required time                         14.681    
                         arrival time                         -10.602    
  -------------------------------------------------------------------
                         slack                                  4.079    

Slack (MET) :             4.079ns  (required time - arrival time)
  Source:                 <hidden>
                            (rising edge-triggered cell FDRE clocked by sys_clk_pin  {rise@0.000ns fall@5.000ns period=10.000ns})
  Destination:            <hidden>
                            (rising edge-triggered cell FDRE clocked by sys_clk_pin  {rise@0.000ns fall@5.000ns period=10.000ns})
  Path Group:             sys_clk_pin
  Path Type:              Setup (Max at Slow Process Corner)
  Requirement:            10.000ns  (sys_clk_pin rise@10.000ns - sys_clk_pin rise@0.000ns)
  Data Path Delay:        5.295ns  (logic 1.416ns (26.744%)  route 3.879ns (73.256%))
  Logic Levels:           4  (LUT3=2 LUT6=2)
  Clock Path Skew:        -0.162ns (DCD - SCD + CPR)
    Destination Clock Delay (DCD):    4.855ns = ( 14.855 - 10.000 ) 
    Source Clock Delay      (SCD):    5.307ns
    Clock Pessimism Removal (CPR):    0.290ns
  Clock Uncertainty:      0.035ns  ((TSJ^2 + TIJ^2)^1/2 + DJ) / 2 + PE
    Total System Jitter     (TSJ):    0.071ns
    Total Input Jitter      (TIJ):    0.000ns
    Discrete Jitter          (DJ):    0.000ns
    Phase Error              (PE):    0.000ns

    Location             Delay type                Incr(ns)  Path(ns)    Netlist Resource(s)
  -------------------------------------------------------------------    -------------------
                         (clock sys_clk_pin rise edge)
                                                      0.000     0.000 r  
    H16                                               0.000     0.000 r  clk (IN)
                         net (fo=0)                   0.000     0.000    clk
    H16                  IBUF (Prop_ibuf_I_O)         1.457     1.457 r  clk_IBUF_inst/O
                         net (fo=1, routed)           2.076     3.533    clk_IBUF
    BUFGCTRL_X0Y16       BUFG (Prop_bufg_I_O)         0.101     3.634 r  clk_IBUF_BUFG_inst/O
                         net (fo=1805, routed)        1.673     5.307    <hidden>
    SLICE_X18Y37         FDRE                                         r  <hidden>
  -------------------------------------------------------------------    -------------------
    SLICE_X18Y37         FDRE (Prop_fdre_C_Q)         0.456     5.763 f  <hidden>
                         net (fo=149, routed)         0.912     6.675    <hidden>
    SLICE_X20Y35         LUT3 (Prop_lut3_I0_O)        0.148     6.823 r  <hidden>
                         net (fo=7, routed)           1.052     7.875    <hidden>
    SLICE_X23Y39         LUT6 (Prop_lut6_I5_O)        0.328     8.203 f  <hidden>
                         net (fo=1, routed)           0.667     8.870    <hidden>
    SLICE_X23Y39         LUT3 (Prop_lut3_I0_O)        0.152     9.022 r  <hidden>
                         net (fo=8, routed)           0.453     9.475    <hidden>
    SLICE_X23Y38         LUT6 (Prop_lut6_I5_O)        0.332     9.807 r  <hidden>
                         net (fo=12, routed)          0.795    10.602    <hidden>
    SLICE_X25Y42         FDRE                                         r  <hidden>
  -------------------------------------------------------------------    -------------------

                         (clock sys_clk_pin rise edge)
                                                     10.000    10.000 r  
    H16                                               0.000    10.000 r  clk (IN)
                         net (fo=0)                   0.000    10.000    clk
    H16                  IBUF (Prop_ibuf_I_O)         1.387    11.387 r  clk_IBUF_inst/O
                         net (fo=1, routed)           1.880    13.267    clk_IBUF
    BUFGCTRL_X0Y16       BUFG (Prop_bufg_I_O)         0.091    13.358 r  clk_IBUF_BUFG_inst/O
                         net (fo=1805, routed)        1.497    14.855    <hidden>
    SLICE_X25Y42         FDRE                                         r  <hidden>
                         clock pessimism              0.290    15.146    
                         clock uncertainty           -0.035    15.110    
    SLICE_X25Y42         FDRE (Setup_fdre_C_R)       -0.429    14.681    <hidden>
  -------------------------------------------------------------------
                         required time                         14.681    
                         arrival time                         -10.602    
  -------------------------------------------------------------------
                         slack                                  4.079    

Slack (MET) :             4.079ns  (required time - arrival time)
  Source:                 <hidden>
                            (rising edge-triggered cell FDRE clocked by sys_clk_pin  {rise@0.000ns fall@5.000ns period=10.000ns})
  Destination:            <hidden>
                            (rising edge-triggered cell FDRE clocked by sys_clk_pin  {rise@0.000ns fall@5.000ns period=10.000ns})
  Path Group:             sys_clk_pin
  Path Type:              Setup (Max at Slow Process Corner)
  Requirement:            10.000ns  (sys_clk_pin rise@10.000ns - sys_clk_pin rise@0.000ns)
  Data Path Delay:        5.295ns  (logic 1.416ns (26.744%)  route 3.879ns (73.256%))
  Logic Levels:           4  (LUT3=2 LUT6=2)
  Clock Path Skew:        -0.162ns (DCD - SCD + CPR)
    Destination Clock Delay (DCD):    4.855ns = ( 14.855 - 10.000 ) 
    Source Clock Delay      (SCD):    5.307ns
    Clock Pessimism Removal (CPR):    0.290ns
  Clock Uncertainty:      0.035ns  ((TSJ^2 + TIJ^2)^1/2 + DJ) / 2 + PE
    Total System Jitter     (TSJ):    0.071ns
    Total Input Jitter      (TIJ):    0.000ns
    Discrete Jitter          (DJ):    0.000ns
    Phase Error              (PE):    0.000ns

    Location             Delay type                Incr(ns)  Path(ns)    Netlist Resource(s)
  -------------------------------------------------------------------    -------------------
                         (clock sys_clk_pin rise edge)
                                                      0.000     0.000 r  
    H16                                               0.000     0.000 r  clk (IN)
                         net (fo=0)                   0.000     0.000    clk
    H16                  IBUF (Prop_ibuf_I_O)         1.457     1.457 r  clk_IBUF_inst/O
                         net (fo=1, routed)           2.076     3.533    clk_IBUF
    BUFGCTRL_X0Y16       BUFG (Prop_bufg_I_O)         0.101     3.634 r  clk_IBUF_BUFG_inst/O
                         net (fo=1805, routed)        1.673     5.307    <hidden>
    SLICE_X18Y37         FDRE                                         r  <hidden>
  -------------------------------------------------------------------    -------------------
    SLICE_X18Y37         FDRE (Prop_fdre_C_Q)         0.456     5.763 f  <hidden>
                         net (fo=149, routed)         0.912     6.675    <hidden>
    SLICE_X20Y35         LUT3 (Prop_lut3_I0_O)        0.148     6.823 r  <hidden>
                         net (fo=7, routed)           1.052     7.875    <hidden>
    SLICE_X23Y39         LUT6 (Prop_lut6_I5_O)        0.328     8.203 f  <hidden>
                         net (fo=1, routed)           0.667     8.870    <hidden>
    SLICE_X23Y39         LUT3 (Prop_lut3_I0_O)        0.152     9.022 r  <hidden>
                         net (fo=8, routed)           0.453     9.475    <hidden>
    SLICE_X23Y38         LUT6 (Prop_lut6_I5_O)        0.332     9.807 r  <hidden>
                         net (fo=12, routed)          0.795    10.602    <hidden>
    SLICE_X25Y42         FDRE                                         r  <hidden>
  -------------------------------------------------------------------    -------------------

                         (clock sys_clk_pin rise edge)
                                                     10.000    10.000 r  
    H16                                               0.000    10.000 r  clk (IN)
                         net (fo=0)                   0.000    10.000    clk
    H16                  IBUF (Prop_ibuf_I_O)         1.387    11.387 r  clk_IBUF_inst/O
                         net (fo=1, routed)           1.880    13.267    clk_IBUF
    BUFGCTRL_X0Y16       BUFG (Prop_bufg_I_O)         0.091    13.358 r  clk_IBUF_BUFG_inst/O
                         net (fo=1805, routed)        1.497    14.855    <hidden>
    SLICE_X25Y42         FDRE                                         r  <hidden>
                         clock pessimism              0.290    15.146    
                         clock uncertainty           -0.035    15.110    
    SLICE_X25Y42         FDRE (Setup_fdre_C_R)       -0.429    14.681    <hidden>
  -------------------------------------------------------------------
                         required time                         14.681    
                         arrival time                         -10.602    
  -------------------------------------------------------------------
                         slack                                  4.079    

Slack (MET) :             4.218ns  (required time - arrival time)
  Source:                 <hidden>
                            (rising edge-triggered cell FDRE clocked by sys_clk_pin  {rise@0.000ns fall@5.000ns period=10.000ns})
  Destination:            <hidden>
                            (rising edge-triggered cell FDRE clocked by sys_clk_pin  {rise@0.000ns fall@5.000ns period=10.000ns})
  Path Group:             sys_clk_pin
  Path Type:              Setup (Max at Slow Process Corner)
  Requirement:            10.000ns  (sys_clk_pin rise@10.000ns - sys_clk_pin rise@0.000ns)
  Data Path Delay:        5.156ns  (logic 1.416ns (27.462%)  route 3.740ns (72.538%))
  Logic Levels:           4  (LUT3=2 LUT6=2)
  Clock Path Skew:        -0.162ns (DCD - SCD + CPR)
    Destination Clock Delay (DCD):    4.855ns = ( 14.855 - 10.000 ) 
    Source Clock Delay      (SCD):    5.307ns
    Clock Pessimism Removal (CPR):    0.290ns
  Clock Uncertainty:      0.035ns  ((TSJ^2 + TIJ^2)^1/2 + DJ) / 2 + PE
    Total System Jitter     (TSJ):    0.071ns
    Total Input Jitter      (TIJ):    0.000ns
    Discrete Jitter          (DJ):    0.000ns
    Phase Error              (PE):    0.000ns

    Location             Delay type                Incr(ns)  Path(ns)    Netlist Resource(s)
  -------------------------------------------------------------------    -------------------
                         (clock sys_clk_pin rise edge)
                                                      0.000     0.000 r  
    H16                                               0.000     0.000 r  clk (IN)
                         net (fo=0)                   0.000     0.000    clk
    H16                  IBUF (Prop_ibuf_I_O)         1.457     1.457 r  clk_IBUF_inst/O
                         net (fo=1, routed)           2.076     3.533    clk_IBUF
    BUFGCTRL_X0Y16       BUFG (Prop_bufg_I_O)         0.101     3.634 r  clk_IBUF_BUFG_inst/O
                         net (fo=1805, routed)        1.673     5.307    <hidden>
    SLICE_X18Y37         FDRE                                         r  <hidden>
  -------------------------------------------------------------------    -------------------
    SLICE_X18Y37         FDRE (Prop_fdre_C_Q)         0.456     5.763 f  <hidden>
                         net (fo=149, routed)         0.912     6.675    <hidden>
    SLICE_X20Y35         LUT3 (Prop_lut3_I0_O)        0.148     6.823 r  <hidden>
                         net (fo=7, routed)           1.052     7.875    <hidden>
    SLICE_X23Y39         LUT6 (Prop_lut6_I5_O)        0.328     8.203 f  <hidden>
                         net (fo=1, routed)           0.667     8.870    <hidden>
    SLICE_X23Y39         LUT3 (Prop_lut3_I0_O)        0.152     9.022 r  <hidden>
                         net (fo=8, routed)           0.453     9.475    <hidden>
    SLICE_X23Y38         LUT6 (Prop_lut6_I5_O)        0.332     9.807 r  <hidden>
                         net (fo=12, routed)          0.657    10.464    <hidden>
    SLICE_X25Y41         FDRE                                         r  <hidden>
  -------------------------------------------------------------------    -------------------

                         (clock sys_clk_pin rise edge)
                                                     10.000    10.000 r  
    H16                                               0.000    10.000 r  clk (IN)
                         net (fo=0)                   0.000    10.000    clk
    H16                  IBUF (Prop_ibuf_I_O)         1.387    11.387 r  clk_IBUF_inst/O
                         net (fo=1, routed)           1.880    13.267    clk_IBUF
    BUFGCTRL_X0Y16       BUFG (Prop_bufg_I_O)         0.091    13.358 r  clk_IBUF_BUFG_inst/O
                         net (fo=1805, routed)        1.497    14.855    <hidden>
    SLICE_X25Y41         FDRE                                         r  <hidden>
                         clock pessimism              0.290    15.146    
                         clock uncertainty           -0.035    15.110    
    SLICE_X25Y41         FDRE (Setup_fdre_C_R)       -0.429    14.681    <hidden>
  -------------------------------------------------------------------
                         required time                         14.681    
                         arrival time                         -10.464    
  -------------------------------------------------------------------
                         slack                                  4.218    

Slack (MET) :             4.285ns  (required time - arrival time)
  Source:                 <hidden>
                            (rising edge-triggered cell FDRE clocked by sys_clk_pin  {rise@0.000ns fall@5.000ns period=10.000ns})
  Destination:            <hidden>
                            (rising edge-triggered cell FDRE clocked by sys_clk_pin  {rise@0.000ns fall@5.000ns period=10.000ns})
  Path Group:             sys_clk_pin
  Path Type:              Setup (Max at Slow Process Corner)
  Requirement:            10.000ns  (sys_clk_pin rise@10.000ns - sys_clk_pin rise@0.000ns)
  Data Path Delay:        5.136ns  (logic 1.236ns (24.064%)  route 3.900ns (75.936%))
  Logic Levels:           4  (LUT3=1 LUT4=1 LUT5=1 LUT6=1)
  Clock Path Skew:        -0.173ns (DCD - SCD + CPR)
    Destination Clock Delay (DCD):    4.846ns = ( 14.846 - 10.000 ) 
    Source Clock Delay      (SCD):    5.309ns
    Clock Pessimism Removal (CPR):    0.290ns
  Clock Uncertainty:      0.035ns  ((TSJ^2 + TIJ^2)^1/2 + DJ) / 2 + PE
    Total System Jitter     (TSJ):    0.071ns
    Total Input Jitter      (TIJ):    0.000ns
    Discrete Jitter          (DJ):    0.000ns
    Phase Error              (PE):    0.000ns

    Location             Delay type                Incr(ns)  Path(ns)    Netlist Resource(s)
  -------------------------------------------------------------------    -------------------
                         (clock sys_clk_pin rise edge)
                                                      0.000     0.000 r  
    H16                                               0.000     0.000 r  clk (IN)
                         net (fo=0)                   0.000     0.000    clk
    H16                  IBUF (Prop_ibuf_I_O)         1.457     1.457 r  clk_IBUF_inst/O
                         net (fo=1, routed)           2.076     3.533    clk_IBUF
    BUFGCTRL_X0Y16       BUFG (Prop_bufg_I_O)         0.101     3.634 r  clk_IBUF_BUFG_inst/O
                         net (fo=1805, routed)        1.675     5.309    <hidden>
    SLICE_X20Y41         FDRE                                         r  <hidden>
  -------------------------------------------------------------------    -------------------
    SLICE_X20Y41         FDRE (Prop_fdre_C_Q)         0.518     5.827 f  <hidden>
                         net (fo=10, routed)          0.838     6.665    <hidden>
    SLICE_X23Y41         LUT3 (Prop_lut3_I1_O)        0.124     6.789 f  <hidden>
                         net (fo=4, routed)           0.622     7.411    <hidden>
    SLICE_X24Y38         LUT6 (Prop_lut6_I3_O)        0.124     7.535 r  <hidden>
                         net (fo=2, routed)           0.650     8.185    <hidden>
    SLICE_X26Y38         LUT4 (Prop_lut4_I0_O)        0.118     8.303 r  <hidden>
                         net (fo=4, routed)           1.021     9.323    <hidden>
    SLICE_X26Y34         LUT5 (Prop_lut5_I0_O)        0.352     9.675 r  <hidden>
                         net (fo=16, routed)          0.770    10.445    <hidden>
    SLICE_X24Y31         FDRE                                         r  <hidden>
  -------------------------------------------------------------------    -------------------

                         (clock sys_clk_pin rise edge)
                                                     10.000    10.000 r  
    H16                                               0.000    10.000 r  clk (IN)
                         net (fo=0)                   0.000    10.000    clk
    H16                  IBUF (Prop_ibuf_I_O)         1.387    11.387 r  clk_IBUF_inst/O
                         net (fo=1, routed)           1.880    13.267    clk_IBUF
    BUFGCTRL_X0Y16       BUFG (Prop_bufg_I_O)         0.091    13.358 r  clk_IBUF_BUFG_inst/O
                         net (fo=1805, routed)        1.488    14.846    <hidden>
    SLICE_X24Y31         FDRE                                         r  <hidden>
                         clock pessimism              0.290    15.137    
                         clock uncertainty           -0.035    15.101    
    SLICE_X24Y31         FDRE (Setup_fdre_C_CE)      -0.371    14.730    <hidden>
  -------------------------------------------------------------------
                         required time                         14.730    
                         arrival time                         -10.445    
  -------------------------------------------------------------------
                         slack                                  4.285    

Slack (MET) :             4.285ns  (required time - arrival time)
  Source:                 <hidden>
                            (rising edge-triggered cell FDRE clocked by sys_clk_pin  {rise@0.000ns fall@5.000ns period=10.000ns})
  Destination:            <hidden>
                            (rising edge-triggered cell FDRE clocked by sys_clk_pin  {rise@0.000ns fall@5.000ns period=10.000ns})
  Path Group:             sys_clk_pin
  Path Type:              Setup (Max at Slow Process Corner)
  Requirement:            10.000ns  (sys_clk_pin rise@10.000ns - sys_clk_pin rise@0.000ns)
  Data Path Delay:        5.136ns  (logic 1.236ns (24.064%)  route 3.900ns (75.936%))
  Logic Levels:           4  (LUT3=1 LUT4=1 LUT5=1 LUT6=1)
  Clock Path Skew:        -0.173ns (DCD - SCD + CPR)
    Destination Clock Delay (DCD):    4.846ns = ( 14.846 - 10.000 ) 
    Source Clock Delay      (SCD):    5.309ns
    Clock Pessimism Removal (CPR):    0.290ns
  Clock Uncertainty:      0.035ns  ((TSJ^2 + TIJ^2)^1/2 + DJ) / 2 + PE
    Total System Jitter     (TSJ):    0.071ns
    Total Input Jitter      (TIJ):    0.000ns
    Discrete Jitter          (DJ):    0.000ns
    Phase Error              (PE):    0.000ns

    Location             Delay type                Incr(ns)  Path(ns)    Netlist Resource(s)
  -------------------------------------------------------------------    -------------------
                         (clock sys_clk_pin rise edge)
                                                      0.000     0.000 r  
    H16                                               0.000     0.000 r  clk (IN)
                         net (fo=0)                   0.000     0.000    clk
    H16                  IBUF (Prop_ibuf_I_O)         1.457     1.457 r  clk_IBUF_inst/O
                         net (fo=1, routed)           2.076     3.533    clk_IBUF
    BUFGCTRL_X0Y16       BUFG (Prop_bufg_I_O)         0.101     3.634 r  clk_IBUF_BUFG_inst/O
                         net (fo=1805, routed)        1.675     5.309    <hidden>
    SLICE_X20Y41         FDRE                                         r  <hidden>
  -------------------------------------------------------------------    -------------------
    SLICE_X20Y41         FDRE (Prop_fdre_C_Q)         0.518     5.827 f  <hidden>
                         net (fo=10, routed)          0.838     6.665    <hidden>
    SLICE_X23Y41         LUT3 (Prop_lut3_I1_O)        0.124     6.789 f  <hidden>
                         net (fo=4, routed)           0.622     7.411    <hidden>
    SLICE_X24Y38         LUT6 (Prop_lut6_I3_O)        0.124     7.535 r  <hidden>
                         net (fo=2, routed)           0.650     8.185    <hidden>
    SLICE_X26Y38         LUT4 (Prop_lut4_I0_O)        0.118     8.303 r  <hidden>
                         net (fo=4, routed)           1.021     9.323    <hidden>
    SLICE_X26Y34         LUT5 (Prop_lut5_I0_O)        0.352     9.675 r  <hidden>
                         net (fo=16, routed)          0.770    10.445    <hidden>
    SLICE_X24Y31         FDRE                                         r  <hidden>
  -------------------------------------------------------------------    -------------------

                         (clock sys_clk_pin rise edge)
                                                     10.000    10.000 r  
    H16                                               0.000    10.000 r  clk (IN)
                         net (fo=0)                   0.000    10.000    clk
    H16                  IBUF (Prop_ibuf_I_O)         1.387    11.387 r  clk_IBUF_inst/O
                         net (fo=1, routed)           1.880    13.267    clk_IBUF
    BUFGCTRL_X0Y16       BUFG (Prop_bufg_I_O)         0.091    13.358 r  clk_IBUF_BUFG_inst/O
                         net (fo=1805, routed)        1.488    14.846    <hidden>
    SLICE_X24Y31         FDRE                                         r  <hidden>
                         clock pessimism              0.290    15.137    
                         clock uncertainty           -0.035    15.101    
    SLICE_X24Y31         FDRE (Setup_fdre_C_CE)      -0.371    14.730    <hidden>
  -------------------------------------------------------------------
                         required time                         14.730    
                         arrival time                         -10.445    
  -------------------------------------------------------------------
                         slack                                  4.285    

Slack (MET) :             4.285ns  (required time - arrival time)
  Source:                 <hidden>
                            (rising edge-triggered cell FDRE clocked by sys_clk_pin  {rise@0.000ns fall@5.000ns period=10.000ns})
  Destination:            <hidden>
                            (rising edge-triggered cell FDRE clocked by sys_clk_pin  {rise@0.000ns fall@5.000ns period=10.000ns})
  Path Group:             sys_clk_pin
  Path Type:              Setup (Max at Slow Process Corner)
  Requirement:            10.000ns  (sys_clk_pin rise@10.000ns - sys_clk_pin rise@0.000ns)
  Data Path Delay:        5.136ns  (logic 1.236ns (24.064%)  route 3.900ns (75.936%))
  Logic Levels:           4  (LUT3=1 LUT4=1 LUT5=1 LUT6=1)
  Clock Path Skew:        -0.173ns (DCD - SCD + CPR)
    Destination Clock Delay (DCD):    4.846ns = ( 14.846 - 10.000 ) 
    Source Clock Delay      (SCD):    5.309ns
    Clock Pessimism Removal (CPR):    0.290ns
  Clock Uncertainty:      0.035ns  ((TSJ^2 + TIJ^2)^1/2 + DJ) / 2 + PE
    Total System Jitter     (TSJ):    0.071ns
    Total Input Jitter      (TIJ):    0.000ns
    Discrete Jitter          (DJ):    0.000ns
    Phase Error              (PE):    0.000ns

    Location             Delay type                Incr(ns)  Path(ns)    Netlist Resource(s)
  -------------------------------------------------------------------    -------------------
                         (clock sys_clk_pin rise edge)
                                                      0.000     0.000 r  
    H16                                               0.000     0.000 r  clk (IN)
                         net (fo=0)                   0.000     0.000    clk
    H16                  IBUF (Prop_ibuf_I_O)         1.457     1.457 r  clk_IBUF_inst/O
                         net (fo=1, routed)           2.076     3.533    clk_IBUF
    BUFGCTRL_X0Y16       BUFG (Prop_bufg_I_O)         0.101     3.634 r  clk_IBUF_BUFG_inst/O
                         net (fo=1805, routed)        1.675     5.309    <hidden>
    SLICE_X20Y41         FDRE                                         r  <hidden>
  -------------------------------------------------------------------    -------------------
    SLICE_X20Y41         FDRE (Prop_fdre_C_Q)         0.518     5.827 f  <hidden>
                         net (fo=10, routed)          0.838     6.665    <hidden>
    SLICE_X23Y41         LUT3 (Prop_lut3_I1_O)        0.124     6.789 f  <hidden>
                         net (fo=4, routed)           0.622     7.411    <hidden>
    SLICE_X24Y38         LUT6 (Prop_lut6_I3_O)        0.124     7.535 r  <hidden>
                         net (fo=2, routed)           0.650     8.185    <hidden>
    SLICE_X26Y38         LUT4 (Prop_lut4_I0_O)        0.118     8.303 r  <hidden>
                         net (fo=4, routed)           1.021     9.323    <hidden>
    SLICE_X26Y34         LUT5 (Prop_lut5_I0_O)        0.352     9.675 r  <hidden>
                         net (fo=16, routed)          0.770    10.445    <hidden>
    SLICE_X24Y31         FDRE                                         r  <hidden>
  -------------------------------------------------------------------    -------------------

                         (clock sys_clk_pin rise edge)
                                                     10.000    10.000 r  
    H16                                               0.000    10.000 r  clk (IN)
                         net (fo=0)                   0.000    10.000    clk
    H16                  IBUF (Prop_ibuf_I_O)         1.387    11.387 r  clk_IBUF_inst/O
                         net (fo=1, routed)           1.880    13.267    clk_IBUF
    BUFGCTRL_X0Y16       BUFG (Prop_bufg_I_O)         0.091    13.358 r  clk_IBUF_BUFG_inst/O
                         net (fo=1805, routed)        1.488    14.846    <hidden>
    SLICE_X24Y31         FDRE                                         r  <hidden>
                         clock pessimism              0.290    15.137    
                         clock uncertainty           -0.035    15.101    
    SLICE_X24Y31         FDRE (Setup_fdre_C_CE)      -0.371    14.730    <hidden>
  -------------------------------------------------------------------
                         required time                         14.730    
                         arrival time                         -10.445    
  -------------------------------------------------------------------
                         slack                                  4.285    

Slack (MET) :             4.285ns  (required time - arrival time)
  Source:                 <hidden>
                            (rising edge-triggered cell FDRE clocked by sys_clk_pin  {rise@0.000ns fall@5.000ns period=10.000ns})
  Destination:            <hidden>
                            (rising edge-triggered cell FDRE clocked by sys_clk_pin  {rise@0.000ns fall@5.000ns period=10.000ns})
  Path Group:             sys_clk_pin
  Path Type:              Setup (Max at Slow Process Corner)
  Requirement:            10.000ns  (sys_clk_pin rise@10.000ns - sys_clk_pin rise@0.000ns)
  Data Path Delay:        5.136ns  (logic 1.236ns (24.064%)  route 3.900ns (75.936%))
  Logic Levels:           4  (LUT3=1 LUT4=1 LUT5=1 LUT6=1)
  Clock Path Skew:        -0.173ns (DCD - SCD + CPR)
    Destination Clock Delay (DCD):    4.846ns = ( 14.846 - 10.000 ) 
    Source Clock Delay      (SCD):    5.309ns
    Clock Pessimism Removal (CPR):    0.290ns
  Clock Uncertainty:      0.035ns  ((TSJ^2 + TIJ^2)^1/2 + DJ) / 2 + PE
    Total System Jitter     (TSJ):    0.071ns
    Total Input Jitter      (TIJ):    0.000ns
    Discrete Jitter          (DJ):    0.000ns
    Phase Error              (PE):    0.000ns

    Location             Delay type                Incr(ns)  Path(ns)    Netlist Resource(s)
  -------------------------------------------------------------------    -------------------
                         (clock sys_clk_pin rise edge)
                                                      0.000     0.000 r  
    H16                                               0.000     0.000 r  clk (IN)
                         net (fo=0)                   0.000     0.000    clk
    H16                  IBUF (Prop_ibuf_I_O)         1.457     1.457 r  clk_IBUF_inst/O
                         net (fo=1, routed)           2.076     3.533    clk_IBUF
    BUFGCTRL_X0Y16       BUFG (Prop_bufg_I_O)         0.101     3.634 r  clk_IBUF_BUFG_inst/O
                         net (fo=1805, routed)        1.675     5.309    <hidden>
    SLICE_X20Y41         FDRE                                         r  <hidden>
  -------------------------------------------------------------------    -------------------
    SLICE_X20Y41         FDRE (Prop_fdre_C_Q)         0.518     5.827 f  <hidden>
                         net (fo=10, routed)          0.838     6.665    <hidden>
    SLICE_X23Y41         LUT3 (Prop_lut3_I1_O)        0.124     6.789 f  <hidden>
                         net (fo=4, routed)           0.622     7.411    <hidden>
    SLICE_X24Y38         LUT6 (Prop_lut6_I3_O)        0.124     7.535 r  <hidden>
                         net (fo=2, routed)           0.650     8.185    <hidden>
    SLICE_X26Y38         LUT4 (Prop_lut4_I0_O)        0.118     8.303 r  <hidden>
                         net (fo=4, routed)           1.021     9.323    <hidden>
    SLICE_X26Y34         LUT5 (Prop_lut5_I0_O)        0.352     9.675 r  <hidden>
                         net (fo=16, routed)          0.770    10.445    <hidden>
    SLICE_X24Y31         FDRE                                         r  <hidden>
  -------------------------------------------------------------------    -------------------

                         (clock sys_clk_pin rise edge)
                                                     10.000    10.000 r  
    H16                                               0.000    10.000 r  clk (IN)
                         net (fo=0)                   0.000    10.000    clk
    H16                  IBUF (Prop_ibuf_I_O)         1.387    11.387 r  clk_IBUF_inst/O
                         net (fo=1, routed)           1.880    13.267    clk_IBUF
    BUFGCTRL_X0Y16       BUFG (Prop_bufg_I_O)         0.091    13.358 r  clk_IBUF_BUFG_inst/O
                         net (fo=1805, routed)        1.488    14.846    <hidden>
    SLICE_X24Y31         FDRE                                         r  <hidden>
                         clock pessimism              0.290    15.137    
                         clock uncertainty           -0.035    15.101    
    SLICE_X24Y31         FDRE (Setup_fdre_C_CE)      -0.371    14.730    <hidden>
  -------------------------------------------------------------------
                         required time                         14.730    
                         arrival time                         -10.445    
  -------------------------------------------------------------------
                         slack                                  4.285    

Slack (MET) :             4.285ns  (required time - arrival time)
  Source:                 <hidden>
                            (rising edge-triggered cell FDRE clocked by sys_clk_pin  {rise@0.000ns fall@5.000ns period=10.000ns})
  Destination:            <hidden>
                            (rising edge-triggered cell FDRE clocked by sys_clk_pin  {rise@0.000ns fall@5.000ns period=10.000ns})
  Path Group:             sys_clk_pin
  Path Type:              Setup (Max at Slow Process Corner)
  Requirement:            10.000ns  (sys_clk_pin rise@10.000ns - sys_clk_pin rise@0.000ns)
  Data Path Delay:        5.136ns  (logic 1.236ns (24.064%)  route 3.900ns (75.936%))
  Logic Levels:           4  (LUT3=1 LUT4=1 LUT5=1 LUT6=1)
  Clock Path Skew:        -0.173ns (DCD - SCD + CPR)
    Destination Clock Delay (DCD):    4.846ns = ( 14.846 - 10.000 ) 
    Source Clock Delay      (SCD):    5.309ns
    Clock Pessimism Removal (CPR):    0.290ns
  Clock Uncertainty:      0.035ns  ((TSJ^2 + TIJ^2)^1/2 + DJ) / 2 + PE
    Total System Jitter     (TSJ):    0.071ns
    Total Input Jitter      (TIJ):    0.000ns
    Discrete Jitter          (DJ):    0.000ns
    Phase Error              (PE):    0.000ns

    Location             Delay type                Incr(ns)  Path(ns)    Netlist Resource(s)
  -------------------------------------------------------------------    -------------------
                         (clock sys_clk_pin rise edge)
                                                      0.000     0.000 r  
    H16                                               0.000     0.000 r  clk (IN)
                         net (fo=0)                   0.000     0.000    clk
    H16                  IBUF (Prop_ibuf_I_O)         1.457     1.457 r  clk_IBUF_inst/O
                         net (fo=1, routed)           2.076     3.533    clk_IBUF
    BUFGCTRL_X0Y16       BUFG (Prop_bufg_I_O)         0.101     3.634 r  clk_IBUF_BUFG_inst/O
                         net (fo=1805, routed)        1.675     5.309    <hidden>
    SLICE_X20Y41         FDRE                                         r  <hidden>
  -------------------------------------------------------------------    -------------------
    SLICE_X20Y41         FDRE (Prop_fdre_C_Q)         0.518     5.827 f  <hidden>
                         net (fo=10, routed)          0.838     6.665    <hidden>
    SLICE_X23Y41         LUT3 (Prop_lut3_I1_O)        0.124     6.789 f  <hidden>
                         net (fo=4, routed)           0.622     7.411    <hidden>
    SLICE_X24Y38         LUT6 (Prop_lut6_I3_O)        0.124     7.535 r  <hidden>
                         net (fo=2, routed)           0.650     8.185    <hidden>
    SLICE_X26Y38         LUT4 (Prop_lut4_I0_O)        0.118     8.303 r  <hidden>
                         net (fo=4, routed)           1.021     9.323    <hidden>
    SLICE_X26Y34         LUT5 (Prop_lut5_I0_O)        0.352     9.675 r  <hidden>
                         net (fo=16, routed)          0.770    10.445    <hidden>
    SLICE_X24Y31         FDRE                                         r  <hidden>
  -------------------------------------------------------------------    -------------------

                         (clock sys_clk_pin rise edge)
                                                     10.000    10.000 r  
    H16                                               0.000    10.000 r  clk (IN)
                         net (fo=0)                   0.000    10.000    clk
    H16                  IBUF (Prop_ibuf_I_O)         1.387    11.387 r  clk_IBUF_inst/O
                         net (fo=1, routed)           1.880    13.267    clk_IBUF
    BUFGCTRL_X0Y16       BUFG (Prop_bufg_I_O)         0.091    13.358 r  clk_IBUF_BUFG_inst/O
                         net (fo=1805, routed)        1.488    14.846    <hidden>
    SLICE_X24Y31         FDRE                                         r  <hidden>
                         clock pessimism              0.290    15.137    
                         clock uncertainty           -0.035    15.101    
    SLICE_X24Y31         FDRE (Setup_fdre_C_CE)      -0.371    14.730    <hidden>
  -------------------------------------------------------------------
                         required time                         14.730    
                         arrival time                         -10.445    
  -------------------------------------------------------------------
                         slack                                  4.285    





Min Delay Paths
--------------------------------------------------------------------------------------
Slack (MET) :             0.039ns  (arrival time - required time)
  Source:                 <hidden>
                            (rising edge-triggered cell FDRE clocked by sys_clk_pin  {rise@0.000ns fall@5.000ns period=10.000ns})
  Destination:            <hidden>
                            (rising edge-triggered cell FDRE clocked by sys_clk_pin  {rise@0.000ns fall@5.000ns period=10.000ns})
  Path Group:             sys_clk_pin
  Path Type:              Hold (Min at Fast Process Corner)
  Requirement:            0.000ns  (sys_clk_pin rise@0.000ns - sys_clk_pin rise@0.000ns)
  Data Path Delay:        0.316ns  (logic 0.148ns (46.907%)  route 0.168ns (53.093%))
  Logic Levels:           0  
  Clock Path Skew:        0.260ns (DCD - SCD - CPR)
    Destination Clock Delay (DCD):    1.943ns
    Source Clock Delay      (SCD):    1.431ns
    Clock Pessimism Removal (CPR):    0.252ns

    Location             Delay type                Incr(ns)  Path(ns)    Netlist Resource(s)
  -------------------------------------------------------------------    -------------------
                         (clock sys_clk_pin rise edge)
                                                      0.000     0.000 r  
    H16                                               0.000     0.000 r  clk (IN)
                         net (fo=0)                   0.000     0.000    clk
    H16                  IBUF (Prop_ibuf_I_O)         0.225     0.225 r  clk_IBUF_inst/O
                         net (fo=1, routed)           0.627     0.852    clk_IBUF
    BUFGCTRL_X0Y16       BUFG (Prop_bufg_I_O)         0.026     0.878 r  clk_IBUF_BUFG_inst/O
                         net (fo=1805, routed)        0.553     1.431    <hidden>
    SLICE_X20Y29         FDRE                                         r  <hidden>
  -------------------------------------------------------------------    -------------------
    SLICE_X20Y29         FDRE (Prop_fdre_C_Q)         0.148     1.579 r  <hidden>
                         net (fo=2, routed)           0.168     1.746    <hidden>
    SLICE_X23Y28         FDRE                                         r  <hidden>
  -------------------------------------------------------------------    -------------------

                         (clock sys_clk_pin rise edge)
                                                      0.000     0.000 r  
    H16                                               0.000     0.000 r  clk (IN)
                         net (fo=0)                   0.000     0.000    clk
    H16                  IBUF (Prop_ibuf_I_O)         0.413     0.413 r  clk_IBUF_inst/O
                         net (fo=1, routed)           0.683     1.096    clk_IBUF
    BUFGCTRL_X0Y16       BUFG (Prop_bufg_I_O)         0.029     1.125 r  clk_IBUF_BUFG_inst/O
                         net (fo=1805, routed)        0.818     1.943    <hidden>
    SLICE_X23Y28         FDRE                                         r  <hidden>
                         clock pessimism             -0.252     1.691    
    SLICE_X23Y28         FDRE (Hold_fdre_C_D)         0.016     1.707    <hidden>
  -------------------------------------------------------------------
                         required time                         -1.707    
                         arrival time                           1.746    
  -------------------------------------------------------------------
                         slack                                  0.039    

Slack (MET) :             0.050ns  (arrival time - required time)
  Source:                 <hidden>
                            (rising edge-triggered cell FDRE clocked by sys_clk_pin  {rise@0.000ns fall@5.000ns period=10.000ns})
  Destination:            <hidden>
                            (rising edge-triggered cell RAMB18E1 clocked by sys_clk_pin  {rise@0.000ns fall@5.000ns period=10.000ns})
  Path Group:             sys_clk_pin
  Path Type:              Hold (Min at Fast Process Corner)
  Requirement:            0.000ns  (sys_clk_pin rise@0.000ns - sys_clk_pin rise@0.000ns)
  Data Path Delay:        0.290ns  (logic 0.141ns (48.635%)  route 0.149ns (51.365%))
  Logic Levels:           0  
  Clock Path Skew:        0.056ns (DCD - SCD - CPR)
    Destination Clock Delay (DCD):    1.988ns
    Source Clock Delay      (SCD):    1.433ns
    Clock Pessimism Removal (CPR):    0.499ns

    Location             Delay type                Incr(ns)  Path(ns)    Netlist Resource(s)
  -------------------------------------------------------------------    -------------------
                         (clock sys_clk_pin rise edge)
                                                      0.000     0.000 r  
    H16                                               0.000     0.000 r  clk (IN)
                         net (fo=0)                   0.000     0.000    clk
    H16                  IBUF (Prop_ibuf_I_O)         0.225     0.225 r  clk_IBUF_inst/O
                         net (fo=1, routed)           0.627     0.852    clk_IBUF
    BUFGCTRL_X0Y16       BUFG (Prop_bufg_I_O)         0.026     0.878 r  clk_IBUF_BUFG_inst/O
                         net (fo=1805, routed)        0.555     1.433    <hidden>
    SLICE_X27Y27         FDRE                                         r  <hidden>
  -------------------------------------------------------------------    -------------------
    SLICE_X27Y27         FDRE (Prop_fdre_C_Q)         0.141     1.574 r  <hidden>
                         net (fo=1, routed)           0.149     1.723    <hidden>
    RAMB18_X1Y10         RAMB18E1                                     r  <hidden>
  -------------------------------------------------------------------    -------------------

                         (clock sys_clk_pin rise edge)
                                                      0.000     0.000 r  
    H16                                               0.000     0.000 r  clk (IN)
                         net (fo=0)                   0.000     0.000    clk
    H16                  IBUF (Prop_ibuf_I_O)         0.413     0.413 r  clk_IBUF_inst/O
                         net (fo=1, routed)           0.683     1.096    clk_IBUF
    BUFGCTRL_X0Y16       BUFG (Prop_bufg_I_O)         0.029     1.125 r  clk_IBUF_BUFG_inst/O
                         net (fo=1805, routed)        0.863     1.988    <hidden>
    RAMB18_X1Y10         RAMB18E1                                     r  <hidden>
                         clock pessimism             -0.499     1.489    
    RAMB18_X1Y10         RAMB18E1 (Hold_ramb18e1_CLKARDCLK_ADDRARDADDR[13])
                                                      0.183     1.672    <hidden>
  -------------------------------------------------------------------
                         required time                         -1.672    
                         arrival time                           1.723    
  -------------------------------------------------------------------
                         slack                                  0.050    

Slack (MET) :             0.054ns  (arrival time - required time)
  Source:                 <hidden>
                            (rising edge-triggered cell FDRE clocked by sys_clk_pin  {rise@0.000ns fall@5.000ns period=10.000ns})
  Destination:            <hidden>
                            (rising edge-triggered cell RAMB18E1 clocked by sys_clk_pin  {rise@0.000ns fall@5.000ns period=10.000ns})
  Path Group:             sys_clk_pin
  Path Type:              Hold (Min at Fast Process Corner)
  Requirement:            0.000ns  (sys_clk_pin rise@0.000ns - sys_clk_pin rise@0.000ns)
  Data Path Delay:        0.293ns  (logic 0.141ns (48.114%)  route 0.152ns (51.886%))
  Logic Levels:           0  
  Clock Path Skew:        0.056ns (DCD - SCD - CPR)
    Destination Clock Delay (DCD):    1.988ns
    Source Clock Delay      (SCD):    1.433ns
    Clock Pessimism Removal (CPR):    0.499ns

    Location             Delay type                Incr(ns)  Path(ns)    Netlist Resource(s)
  -------------------------------------------------------------------    -------------------
                         (clock sys_clk_pin rise edge)
                                                      0.000     0.000 r  
    H16                                               0.000     0.000 r  clk (IN)
                         net (fo=0)                   0.000     0.000    clk
    H16                  IBUF (Prop_ibuf_I_O)         0.225     0.225 r  clk_IBUF_inst/O
                         net (fo=1, routed)           0.627     0.852    clk_IBUF
    BUFGCTRL_X0Y16       BUFG (Prop_bufg_I_O)         0.026     0.878 r  clk_IBUF_BUFG_inst/O
                         net (fo=1805, routed)        0.555     1.433    <hidden>
    SLICE_X26Y27         FDRE                                         r  <hidden>
  -------------------------------------------------------------------    -------------------
    SLICE_X26Y27         FDRE (Prop_fdre_C_Q)         0.141     1.574 r  <hidden>
                         net (fo=1, routed)           0.152     1.726    <hidden>
    RAMB18_X1Y10         RAMB18E1                                     r  <hidden>
  -------------------------------------------------------------------    -------------------

                         (clock sys_clk_pin rise edge)
                                                      0.000     0.000 r  
    H16                                               0.000     0.000 r  clk (IN)
                         net (fo=0)                   0.000     0.000    clk
    H16                  IBUF (Prop_ibuf_I_O)         0.413     0.413 r  clk_IBUF_inst/O
                         net (fo=1, routed)           0.683     1.096    clk_IBUF
    BUFGCTRL_X0Y16       BUFG (Prop_bufg_I_O)         0.029     1.125 r  clk_IBUF_BUFG_inst/O
                         net (fo=1805, routed)        0.863     1.988    <hidden>
    RAMB18_X1Y10         RAMB18E1                                     r  <hidden>
                         clock pessimism             -0.499     1.489    
    RAMB18_X1Y10         RAMB18E1 (Hold_ramb18e1_CLKARDCLK_ADDRARDADDR[5])
                                                      0.183     1.672    <hidden>
  -------------------------------------------------------------------
                         required time                         -1.672    
                         arrival time                           1.726    
  -------------------------------------------------------------------
                         slack                                  0.054    

Slack (MET) :             0.055ns  (arrival time - required time)
  Source:                 <hidden>
                            (rising edge-triggered cell FDRE clocked by sys_clk_pin  {rise@0.000ns fall@5.000ns period=10.000ns})
  Destination:            <hidden>
                            (rising edge-triggered cell FDRE clocked by sys_clk_pin  {rise@0.000ns fall@5.000ns period=10.000ns})
  Path Group:             sys_clk_pin
  Path Type:              Hold (Min at Fast Process Corner)
  Requirement:            0.000ns  (sys_clk_pin rise@0.000ns - sys_clk_pin rise@0.000ns)
  Data Path Delay:        0.364ns  (logic 0.141ns (38.704%)  route 0.223ns (61.296%))
  Logic Levels:           0  
  Clock Path Skew:        0.263ns (DCD - SCD - CPR)
    Destination Clock Delay (DCD):    1.951ns
    Source Clock Delay      (SCD):    1.441ns
    Clock Pessimism Removal (CPR):    0.247ns

    Location             Delay type                Incr(ns)  Path(ns)    Netlist Resource(s)
  -------------------------------------------------------------------    -------------------
                         (clock sys_clk_pin rise edge)
                                                      0.000     0.000 r  
    H16                                               0.000     0.000 r  clk (IN)
                         net (fo=0)                   0.000     0.000    clk
    H16                  IBUF (Prop_ibuf_I_O)         0.225     0.225 r  clk_IBUF_inst/O
                         net (fo=1, routed)           0.627     0.852    clk_IBUF
    BUFGCTRL_X0Y16       BUFG (Prop_bufg_I_O)         0.026     0.878 r  clk_IBUF_BUFG_inst/O
                         net (fo=1805, routed)        0.563     1.441    <hidden>
    SLICE_X22Y48         FDRE                                         r  <hidden>
  -------------------------------------------------------------------    -------------------
    SLICE_X22Y48         FDRE (Prop_fdre_C_Q)         0.141     1.582 r  <hidden>
                         net (fo=2, routed)           0.223     1.805    <hidden>
    SLICE_X25Y51         FDRE                                         r  <hidden>
  -------------------------------------------------------------------    -------------------

                         (clock sys_clk_pin rise edge)
                                                      0.000     0.000 r  
    H16                                               0.000     0.000 r  clk (IN)
                         net (fo=0)                   0.000     0.000    clk
    H16                  IBUF (Prop_ibuf_I_O)         0.413     0.413 r  clk_IBUF_inst/O
                         net (fo=1, routed)           0.683     1.096    clk_IBUF
    BUFGCTRL_X0Y16       BUFG (Prop_bufg_I_O)         0.029     1.125 r  clk_IBUF_BUFG_inst/O
                         net (fo=1805, routed)        0.826     1.951    <hidden>
    SLICE_X25Y51         FDRE                                         r  <hidden>
                         clock pessimism             -0.247     1.704    
    SLICE_X25Y51         FDRE (Hold_fdre_C_D)         0.046     1.750    <hidden>
  -------------------------------------------------------------------
                         required time                         -1.750    
                         arrival time                           1.805    
  -------------------------------------------------------------------
                         slack                                  0.055    

Slack (MET) :             0.058ns  (arrival time - required time)
  Source:                 <hidden>
                            (rising edge-triggered cell FDRE clocked by sys_clk_pin  {rise@0.000ns fall@5.000ns period=10.000ns})
  Destination:            <hidden>
                            (rising edge-triggered cell FDRE clocked by sys_clk_pin  {rise@0.000ns fall@5.000ns period=10.000ns})
  Path Group:             sys_clk_pin
  Path Type:              Hold (Min at Fast Process Corner)
  Requirement:            0.000ns  (sys_clk_pin rise@0.000ns - sys_clk_pin rise@0.000ns)
  Data Path Delay:        0.380ns  (logic 0.141ns (37.078%)  route 0.239ns (62.922%))
  Logic Levels:           0  
  Clock Path Skew:        0.263ns (DCD - SCD - CPR)
    Destination Clock Delay (DCD):    1.951ns
    Source Clock Delay      (SCD):    1.441ns
    Clock Pessimism Removal (CPR):    0.247ns

    Location             Delay type                Incr(ns)  Path(ns)    Netlist Resource(s)
  -------------------------------------------------------------------    -------------------
                         (clock sys_clk_pin rise edge)
                                                      0.000     0.000 r  
    H16                                               0.000     0.000 r  clk (IN)
                         net (fo=0)                   0.000     0.000    clk
    H16                  IBUF (Prop_ibuf_I_O)         0.225     0.225 r  clk_IBUF_inst/O
                         net (fo=1, routed)           0.627     0.852    clk_IBUF
    BUFGCTRL_X0Y16       BUFG (Prop_bufg_I_O)         0.026     0.878 r  clk_IBUF_BUFG_inst/O
                         net (fo=1805, routed)        0.563     1.441    <hidden>
    SLICE_X25Y49         FDRE                                         r  <hidden>
  -------------------------------------------------------------------    -------------------
    SLICE_X25Y49         FDRE (Prop_fdre_C_Q)         0.141     1.582 r  <hidden>
                         net (fo=2, routed)           0.239     1.821    <hidden>
    SLICE_X24Y50         FDRE                                         r  <hidden>
  -------------------------------------------------------------------    -------------------

                         (clock sys_clk_pin rise edge)
                                                      0.000     0.000 r  
    H16                                               0.000     0.000 r  clk (IN)
                         net (fo=0)                   0.000     0.000    clk
    H16                  IBUF (Prop_ibuf_I_O)         0.413     0.413 r  clk_IBUF_inst/O
                         net (fo=1, routed)           0.683     1.096    clk_IBUF
    BUFGCTRL_X0Y16       BUFG (Prop_bufg_I_O)         0.029     1.125 r  clk_IBUF_BUFG_inst/O
                         net (fo=1805, routed)        0.826     1.951    <hidden>
    SLICE_X24Y50         FDRE                                         r  <hidden>
                         clock pessimism             -0.247     1.704    
    SLICE_X24Y50         FDRE (Hold_fdre_C_D)         0.059     1.763    <hidden>
  -------------------------------------------------------------------
                         required time                         -1.763    
                         arrival time                           1.821    
  -------------------------------------------------------------------
                         slack                                  0.058    

Slack (MET) :             0.063ns  (arrival time - required time)
  Source:                 <hidden>
                            (rising edge-triggered cell FDRE clocked by sys_clk_pin  {rise@0.000ns fall@5.000ns period=10.000ns})
  Destination:            <hidden>
                            (rising edge-triggered cell FDRE clocked by sys_clk_pin  {rise@0.000ns fall@5.000ns period=10.000ns})
  Path Group:             sys_clk_pin
  Path Type:              Hold (Min at Fast Process Corner)
  Requirement:            0.000ns  (sys_clk_pin rise@0.000ns - sys_clk_pin rise@0.000ns)
  Data Path Delay:        0.419ns  (logic 0.186ns (44.379%)  route 0.233ns (55.621%))
  Logic Levels:           1  (LUT3=1)
  Clock Path Skew:        0.265ns (DCD - SCD - CPR)
    Destination Clock Delay (DCD):    1.957ns
    Source Clock Delay      (SCD):    1.440ns
    Clock Pessimism Removal (CPR):    0.252ns

    Location             Delay type                Incr(ns)  Path(ns)    Netlist Resource(s)
  -------------------------------------------------------------------    -------------------
                         (clock sys_clk_pin rise edge)
                                                      0.000     0.000 r  
    H16                                               0.000     0.000 r  clk (IN)
                         net (fo=0)                   0.000     0.000    clk
    H16                  IBUF (Prop_ibuf_I_O)         0.225     0.225 r  clk_IBUF_inst/O
                         net (fo=1, routed)           0.627     0.852    clk_IBUF
    BUFGCTRL_X0Y16       BUFG (Prop_bufg_I_O)         0.026     0.878 r  clk_IBUF_BUFG_inst/O
                         net (fo=1805, routed)        0.562     1.440    <hidden>
    SLICE_X23Y43         FDRE                                         r  <hidden>
  -------------------------------------------------------------------    -------------------
    SLICE_X23Y43         FDRE (Prop_fdre_C_Q)         0.141     1.581 r  <hidden>
                         net (fo=1, routed)           0.233     1.814    <hidden>
    SLICE_X21Y44         LUT3 (Prop_lut3_I1_O)        0.045     1.859 r  <hidden>
                         net (fo=1, routed)           0.000     1.859    <hidden>
    SLICE_X21Y44         FDRE                                         r  <hidden>
  -------------------------------------------------------------------    -------------------

                         (clock sys_clk_pin rise edge)
                                                      0.000     0.000 r  
    H16                                               0.000     0.000 r  clk (IN)
                         net (fo=0)                   0.000     0.000    clk
    H16                  IBUF (Prop_ibuf_I_O)         0.413     0.413 r  clk_IBUF_inst/O
                         net (fo=1, routed)           0.683     1.096    clk_IBUF
    BUFGCTRL_X0Y16       BUFG (Prop_bufg_I_O)         0.029     1.125 r  clk_IBUF_BUFG_inst/O
                         net (fo=1805, routed)        0.832     1.957    <hidden>
    SLICE_X21Y44         FDRE                                         r  <hidden>
                         clock pessimism             -0.252     1.705    
    SLICE_X21Y44         FDRE (Hold_fdre_C_D)         0.091     1.796    <hidden>
  -------------------------------------------------------------------
                         required time                         -1.796    
                         arrival time                           1.859    
  -------------------------------------------------------------------
                         slack                                  0.063    

Slack (MET) :             0.075ns  (arrival time - required time)
  Source:                 <hidden>
                            (rising edge-triggered cell FDRE clocked by sys_clk_pin  {rise@0.000ns fall@5.000ns period=10.000ns})
  Destination:            <hidden>
                            (rising edge-triggered cell FDRE clocked by sys_clk_pin  {rise@0.000ns fall@5.000ns period=10.000ns})
  Path Group:             sys_clk_pin
  Path Type:              Hold (Min at Fast Process Corner)
  Requirement:            0.000ns  (sys_clk_pin rise@0.000ns - sys_clk_pin rise@0.000ns)
  Data Path Delay:        0.449ns  (logic 0.186ns (41.449%)  route 0.263ns (58.551%))
  Logic Levels:           1  (LUT3=1)
  Clock Path Skew:        0.266ns (DCD - SCD - CPR)
    Destination Clock Delay (DCD):    1.958ns
    Source Clock Delay      (SCD):    1.440ns
    Clock Pessimism Removal (CPR):    0.252ns

    Location             Delay type                Incr(ns)  Path(ns)    Netlist Resource(s)
  -------------------------------------------------------------------    -------------------
                         (clock sys_clk_pin rise edge)
                                                      0.000     0.000 r  
    H16                                               0.000     0.000 r  clk (IN)
                         net (fo=0)                   0.000     0.000    clk
    H16                  IBUF (Prop_ibuf_I_O)         0.225     0.225 r  clk_IBUF_inst/O
                         net (fo=1, routed)           0.627     0.852    clk_IBUF
    BUFGCTRL_X0Y16       BUFG (Prop_bufg_I_O)         0.026     0.878 r  clk_IBUF_BUFG_inst/O
                         net (fo=1805, routed)        0.562     1.440    <hidden>
    SLICE_X23Y44         FDRE                                         r  <hidden>
  -------------------------------------------------------------------    -------------------
    SLICE_X23Y44         FDRE (Prop_fdre_C_Q)         0.141     1.581 r  <hidden>
                         net (fo=1, routed)           0.263     1.844    <hidden>
    SLICE_X18Y44         LUT3 (Prop_lut3_I1_O)        0.045     1.889 r  <hidden>
                         net (fo=1, routed)           0.000     1.889    <hidden>
    SLICE_X18Y44         FDRE                                         r  <hidden>
  -------------------------------------------------------------------    -------------------

                         (clock sys_clk_pin rise edge)
                                                      0.000     0.000 r  
    H16                                               0.000     0.000 r  clk (IN)
                         net (fo=0)                   0.000     0.000    clk
    H16                  IBUF (Prop_ibuf_I_O)         0.413     0.413 r  clk_IBUF_inst/O
                         net (fo=1, routed)           0.683     1.096    clk_IBUF
    BUFGCTRL_X0Y16       BUFG (Prop_bufg_I_O)         0.029     1.125 r  clk_IBUF_BUFG_inst/O
                         net (fo=1805, routed)        0.833     1.958    <hidden>
    SLICE_X18Y44         FDRE                                         r  <hidden>
                         clock pessimism             -0.252     1.706    
    SLICE_X18Y44         FDRE (Hold_fdre_C_D)         0.107     1.813    <hidden>
  -------------------------------------------------------------------
                         required time                         -1.813    
                         arrival time                           1.889    
  -------------------------------------------------------------------
                         slack                                  0.075    

Slack (MET) :             0.077ns  (arrival time - required time)
  Source:                 <hidden>
                            (rising edge-triggered cell FDRE clocked by sys_clk_pin  {rise@0.000ns fall@5.000ns period=10.000ns})
  Destination:            <hidden>
                            (rising edge-triggered cell FDRE clocked by sys_clk_pin  {rise@0.000ns fall@5.000ns period=10.000ns})
  Path Group:             sys_clk_pin
  Path Type:              Hold (Min at Fast Process Corner)
  Requirement:            0.000ns  (sys_clk_pin rise@0.000ns - sys_clk_pin rise@0.000ns)
  Data Path Delay:        0.450ns  (logic 0.186ns (41.310%)  route 0.264ns (58.690%))
  Logic Levels:           1  (LUT3=1)
  Clock Path Skew:        0.266ns (DCD - SCD - CPR)
    Destination Clock Delay (DCD):    1.958ns
    Source Clock Delay      (SCD):    1.440ns
    Clock Pessimism Removal (CPR):    0.252ns

    Location             Delay type                Incr(ns)  Path(ns)    Netlist Resource(s)
  -------------------------------------------------------------------    -------------------
                         (clock sys_clk_pin rise edge)
                                                      0.000     0.000 r  
    H16                                               0.000     0.000 r  clk (IN)
                         net (fo=0)                   0.000     0.000    clk
    H16                  IBUF (Prop_ibuf_I_O)         0.225     0.225 r  clk_IBUF_inst/O
                         net (fo=1, routed)           0.627     0.852    clk_IBUF
    BUFGCTRL_X0Y16       BUFG (Prop_bufg_I_O)         0.026     0.878 r  clk_IBUF_BUFG_inst/O
                         net (fo=1805, routed)        0.562     1.440    <hidden>
    SLICE_X22Y44         FDRE                                         r  <hidden>
  -------------------------------------------------------------------    -------------------
    SLICE_X22Y44         FDRE (Prop_fdre_C_Q)         0.141     1.581 r  <hidden>
                         net (fo=1, routed)           0.264     1.845    <hidden>
    SLICE_X18Y43         LUT3 (Prop_lut3_I1_O)        0.045     1.890 r  <hidden>
                         net (fo=1, routed)           0.000     1.890    <hidden>
    SLICE_X18Y43         FDRE                                         r  <hidden>
  -------------------------------------------------------------------    -------------------

                         (clock sys_clk_pin rise edge)
                                                      0.000     0.000 r  
    H16                                               0.000     0.000 r  clk (IN)
                         net (fo=0)                   0.000     0.000    clk
    H16                  IBUF (Prop_ibuf_I_O)         0.413     0.413 r  clk_IBUF_inst/O
                         net (fo=1, routed)           0.683     1.096    clk_IBUF
    BUFGCTRL_X0Y16       BUFG (Prop_bufg_I_O)         0.029     1.125 r  clk_IBUF_BUFG_inst/O
                         net (fo=1805, routed)        0.833     1.958    <hidden>
    SLICE_X18Y43         FDRE                                         r  <hidden>
                         clock pessimism             -0.252     1.706    
    SLICE_X18Y43         FDRE (Hold_fdre_C_D)         0.107     1.813    <hidden>
  -------------------------------------------------------------------
                         required time                         -1.813    
                         arrival time                           1.890    
  -------------------------------------------------------------------
                         slack                                  0.077    

Slack (MET) :             0.078ns  (arrival time - required time)
  Source:                 <hidden>
                            (rising edge-triggered cell FDRE clocked by sys_clk_pin  {rise@0.000ns fall@5.000ns period=10.000ns})
  Destination:            <hidden>
                            (rising edge-triggered cell FDRE clocked by sys_clk_pin  {rise@0.000ns fall@5.000ns period=10.000ns})
  Path Group:             sys_clk_pin
  Path Type:              Hold (Min at Fast Process Corner)
  Requirement:            0.000ns  (sys_clk_pin rise@0.000ns - sys_clk_pin rise@0.000ns)
  Data Path Delay:        0.451ns  (logic 0.187ns (41.464%)  route 0.264ns (58.536%))
  Logic Levels:           1  (LUT3=1)
  Clock Path Skew:        0.266ns (DCD - SCD - CPR)
    Destination Clock Delay (DCD):    1.958ns
    Source Clock Delay      (SCD):    1.440ns
    Clock Pessimism Removal (CPR):    0.252ns

    Location             Delay type                Incr(ns)  Path(ns)    Netlist Resource(s)
  -------------------------------------------------------------------    -------------------
                         (clock sys_clk_pin rise edge)
                                                      0.000     0.000 r  
    H16                                               0.000     0.000 r  clk (IN)
                         net (fo=0)                   0.000     0.000    clk
    H16                  IBUF (Prop_ibuf_I_O)         0.225     0.225 r  clk_IBUF_inst/O
                         net (fo=1, routed)           0.627     0.852    clk_IBUF
    BUFGCTRL_X0Y16       BUFG (Prop_bufg_I_O)         0.026     0.878 r  clk_IBUF_BUFG_inst/O
                         net (fo=1805, routed)        0.562     1.440    <hidden>
    SLICE_X23Y43         FDRE                                         r  <hidden>
  -------------------------------------------------------------------    -------------------
    SLICE_X23Y43         FDRE (Prop_fdre_C_Q)         0.141     1.581 r  <hidden>
                         net (fo=1, routed)           0.264     1.845    <hidden>
    SLICE_X18Y43         LUT3 (Prop_lut3_I1_O)        0.046     1.891 r  <hidden>
                         net (fo=1, routed)           0.000     1.891    <hidden>
    SLICE_X18Y43         FDRE                                         r  <hidden>
  -------------------------------------------------------------------    -------------------

                         (clock sys_clk_pin rise edge)
                                                      0.000     0.000 r  
    H16                                               0.000     0.000 r  clk (IN)
                         net (fo=0)                   0.000     0.000    clk
    H16                  IBUF (Prop_ibuf_I_O)         0.413     0.413 r  clk_IBUF_inst/O
                         net (fo=1, routed)           0.683     1.096    clk_IBUF
    BUFGCTRL_X0Y16       BUFG (Prop_bufg_I_O)         0.029     1.125 r  clk_IBUF_BUFG_inst/O
                         net (fo=1805, routed)        0.833     1.958    <hidden>
    SLICE_X18Y43         FDRE                                         r  <hidden>
                         clock pessimism             -0.252     1.706    
    SLICE_X18Y43         FDRE (Hold_fdre_C_D)         0.107     1.813    <hidden>
  -------------------------------------------------------------------
                         required time                         -1.813    
                         arrival time                           1.891    
  -------------------------------------------------------------------
                         slack                                  0.078    

Slack (MET) :             0.080ns  (arrival time - required time)
  Source:                 <hidden>
                            (rising edge-triggered cell FDRE clocked by sys_clk_pin  {rise@0.000ns fall@5.000ns period=10.000ns})
  Destination:            <hidden>
                            (rising edge-triggered cell FDRE clocked by sys_clk_pin  {rise@0.000ns fall@5.000ns period=10.000ns})
  Path Group:             sys_clk_pin
  Path Type:              Hold (Min at Fast Process Corner)
  Requirement:            0.000ns  (sys_clk_pin rise@0.000ns - sys_clk_pin rise@0.000ns)
  Data Path Delay:        0.454ns  (logic 0.187ns (41.204%)  route 0.267ns (58.796%))
  Logic Levels:           1  (LUT3=1)
  Clock Path Skew:        0.266ns (DCD - SCD - CPR)
    Destination Clock Delay (DCD):    1.958ns
    Source Clock Delay      (SCD):    1.440ns
    Clock Pessimism Removal (CPR):    0.252ns

    Location             Delay type                Incr(ns)  Path(ns)    Netlist Resource(s)
  -------------------------------------------------------------------    -------------------
                         (clock sys_clk_pin rise edge)
                                                      0.000     0.000 r  
    H16                                               0.000     0.000 r  clk (IN)
                         net (fo=0)                   0.000     0.000    clk
    H16                  IBUF (Prop_ibuf_I_O)         0.225     0.225 r  clk_IBUF_inst/O
                         net (fo=1, routed)           0.627     0.852    clk_IBUF
    BUFGCTRL_X0Y16       BUFG (Prop_bufg_I_O)         0.026     0.878 r  clk_IBUF_BUFG_inst/O
                         net (fo=1805, routed)        0.562     1.440    <hidden>
    SLICE_X22Y44         FDRE                                         r  <hidden>
  -------------------------------------------------------------------    -------------------
    SLICE_X22Y44         FDRE (Prop_fdre_C_Q)         0.141     1.581 r  <hidden>
                         net (fo=1, routed)           0.267     1.848    <hidden>
    SLICE_X18Y44         LUT3 (Prop_lut3_I1_O)        0.046     1.894 r  <hidden>
                         net (fo=1, routed)           0.000     1.894    <hidden>
    SLICE_X18Y44         FDRE                                         r  <hidden>
  -------------------------------------------------------------------    -------------------

                         (clock sys_clk_pin rise edge)
                                                      0.000     0.000 r  
    H16                                               0.000     0.000 r  clk (IN)
                         net (fo=0)                   0.000     0.000    clk
    H16                  IBUF (Prop_ibuf_I_O)         0.413     0.413 r  clk_IBUF_inst/O
                         net (fo=1, routed)           0.683     1.096    clk_IBUF
    BUFGCTRL_X0Y16       BUFG (Prop_bufg_I_O)         0.029     1.125 r  clk_IBUF_BUFG_inst/O
                         net (fo=1805, routed)        0.833     1.958    <hidden>
    SLICE_X18Y44         FDRE                                         r  <hidden>
                         clock pessimism             -0.252     1.706    
    SLICE_X18Y44         FDRE (Hold_fdre_C_D)         0.107     1.813    <hidden>
  -------------------------------------------------------------------
                         required time                         -1.813    
                         arrival time                           1.894    
  -------------------------------------------------------------------
                         slack                                  0.080    





Pulse Width Checks
--------------------------------------------------------------------------------------
Clock Name:         sys_clk_pin
Waveform(ns):       { 0.000 5.000 }
Period(ns):         10.000
Sources:            { clk }

Check Type        Corner  Lib Pin             Reference Pin  Required(ns)  Actual(ns)  Slack(ns)  Location        Pin
Min Period        n/a     RAMB18E1/CLKARDCLK  n/a            2.944         10.000      7.056      RAMB18_X1Y10    <hidden>
Min Period        n/a     RAMB18E1/CLKBWRCLK  n/a            2.944         10.000      7.056      RAMB18_X1Y10    <hidden>
Min Period        n/a     BUFG/I              n/a            2.155         10.000      7.845      BUFGCTRL_X0Y16  clk_IBUF_BUFG_inst/I
Min Period        n/a     FDRE/C              n/a            1.000         10.000      9.000      SLICE_X15Y44    dbg_hub/inst/BSCANID.u_xsdbm_id/CORE_XSDB.UUT_MASTER/U_ICON_INTERFACE/U_CMD5/ctl_reg_reg[13]/C
Min Period        n/a     FDRE/C              n/a            1.000         10.000      9.000      SLICE_X12Y45    dbg_hub/inst/BSCANID.u_xsdbm_id/CORE_XSDB.UUT_MASTER/U_ICON_INTERFACE/U_CMD5/ctl_reg_reg[14]/C
Min Period        n/a     FDRE/C              n/a            1.000         10.000      9.000      SLICE_X12Y45    dbg_hub/inst/BSCANID.u_xsdbm_id/CORE_XSDB.UUT_MASTER/U_ICON_INTERFACE/U_CMD5/ctl_reg_reg[15]/C
Min Period        n/a     FDRE/C              n/a            1.000         10.000      9.000      SLICE_X12Y45    dbg_hub/inst/BSCANID.u_xsdbm_id/CORE_XSDB.UUT_MASTER/U_ICON_INTERFACE/U_CMD5/ctl_reg_reg[16]/C
Min Period        n/a     FDRE/C              n/a            1.000         10.000      9.000      SLICE_X12Y46    dbg_hub/inst/BSCANID.u_xsdbm_id/CORE_XSDB.UUT_MASTER/U_ICON_INTERFACE/U_CMD5/ctl_reg_reg[17]/C
Min Period        n/a     FDRE/C              n/a            1.000         10.000      9.000      SLICE_X12Y45    dbg_hub/inst/BSCANID.u_xsdbm_id/CORE_XSDB.UUT_MASTER/U_ICON_INTERFACE/U_CMD5/ctl_reg_reg[1]/C
Min Period        n/a     FDRE/C              n/a            1.000         10.000      9.000      SLICE_X15Y44    dbg_hub/inst/BSCANID.u_xsdbm_id/CORE_XSDB.UUT_MASTER/U_ICON_INTERFACE/U_CMD5/ctl_reg_reg[2]/C
Low Pulse Width   Slow    RAMD32/CLK          n/a            1.250         5.000       3.750      SLICE_X20Y47    dbg_hub/inst/BSCANID.u_xsdbm_id/CORE_XSDB.UUT_MASTER/U_ICON_INTERFACE/U_CMD6_RD/U_RD_FIFO/SUBCORE_FIFO.xsdbm_v3_0_0_rdfifo_inst/inst_fifo_gen/gconvfifo.rf/grf.rf/gntv_or_sync_fifo.mem/gdm.dm_gen.dm/RAM_reg_0_15_0_5/RAMA/CLK
Low Pulse Width   Fast    RAMD32/CLK          n/a            1.250         5.000       3.750      SLICE_X20Y47    dbg_hub/inst/BSCANID.u_xsdbm_id/CORE_XSDB.UUT_MASTER/U_ICON_INTERFACE/U_CMD6_RD/U_RD_FIFO/SUBCORE_FIFO.xsdbm_v3_0_0_rdfifo_inst/inst_fifo_gen/gconvfifo.rf/grf.rf/gntv_or_sync_fifo.mem/gdm.dm_gen.dm/RAM_reg_0_15_0_5/RAMA/CLK
Low Pulse Width   Slow    RAMD32/CLK          n/a            1.250         5.000       3.750      SLICE_X20Y47    dbg_hub/inst/BSCANID.u_xsdbm_id/CORE_XSDB.UUT_MASTER/U_ICON_INTERFACE/U_CMD6_RD/U_RD_FIFO/SUBCORE_FIFO.xsdbm_v3_0_0_rdfifo_inst/inst_fifo_gen/gconvfifo.rf/grf.rf/gntv_or_sync_fifo.mem/gdm.dm_gen.dm/RAM_reg_0_15_0_5/RAMA_D1/CLK
Low Pulse Width   Fast    RAMD32/CLK          n/a            1.250         5.000       3.750      SLICE_X20Y47    dbg_hub/inst/BSCANID.u_xsdbm_id/CORE_XSDB.UUT_MASTER/U_ICON_INTERFACE/U_CMD6_RD/U_RD_FIFO/SUBCORE_FIFO.xsdbm_v3_0_0_rdfifo_inst/inst_fifo_gen/gconvfifo.rf/grf.rf/gntv_or_sync_fifo.mem/gdm.dm_gen.dm/RAM_reg_0_15_0_5/RAMA_D1/CLK
Low Pulse Width   Slow    RAMD32/CLK          n/a            1.250         5.000       3.750      SLICE_X20Y47    dbg_hub/inst/BSCANID.u_xsdbm_id/CORE_XSDB.UUT_MASTER/U_ICON_INTERFACE/U_CMD6_RD/U_RD_FIFO/SUBCORE_FIFO.xsdbm_v3_0_0_rdfifo_inst/inst_fifo_gen/gconvfifo.rf/grf.rf/gntv_or_sync_fifo.mem/gdm.dm_gen.dm/RAM_reg_0_15_0_5/RAMB/CLK
Low Pulse Width   Fast    RAMD32/CLK          n/a            1.250         5.000       3.750      SLICE_X20Y47    dbg_hub/inst/BSCANID.u_xsdbm_id/CORE_XSDB.UUT_MASTER/U_ICON_INTERFACE/U_CMD6_RD/U_RD_FIFO/SUBCORE_FIFO.xsdbm_v3_0_0_rdfifo_inst/inst_fifo_gen/gconvfifo.rf/grf.rf/gntv_or_sync_fifo.mem/gdm.dm_gen.dm/RAM_reg_0_15_0_5/RAMB/CLK
Low Pulse Width   Slow    RAMD32/CLK          n/a            1.250         5.000       3.750      SLICE_X20Y47    dbg_hub/inst/BSCANID.u_xsdbm_id/CORE_XSDB.UUT_MASTER/U_ICON_INTERFACE/U_CMD6_RD/U_RD_FIFO/SUBCORE_FIFO.xsdbm_v3_0_0_rdfifo_inst/inst_fifo_gen/gconvfifo.rf/grf.rf/gntv_or_sync_fifo.mem/gdm.dm_gen.dm/RAM_reg_0_15_0_5/RAMB_D1/CLK
Low Pulse Width   Fast    RAMD32/CLK          n/a            1.250         5.000       3.750      SLICE_X20Y47    dbg_hub/inst/BSCANID.u_xsdbm_id/CORE_XSDB.UUT_MASTER/U_ICON_INTERFACE/U_CMD6_RD/U_RD_FIFO/SUBCORE_FIFO.xsdbm_v3_0_0_rdfifo_inst/inst_fifo_gen/gconvfifo.rf/grf.rf/gntv_or_sync_fifo.mem/gdm.dm_gen.dm/RAM_reg_0_15_0_5/RAMB_D1/CLK
Low Pulse Width   Slow    RAMD32/CLK          n/a            1.250         5.000       3.750      SLICE_X20Y47    dbg_hub/inst/BSCANID.u_xsdbm_id/CORE_XSDB.UUT_MASTER/U_ICON_INTERFACE/U_CMD6_RD/U_RD_FIFO/SUBCORE_FIFO.xsdbm_v3_0_0_rdfifo_inst/inst_fifo_gen/gconvfifo.rf/grf.rf/gntv_or_sync_fifo.mem/gdm.dm_gen.dm/RAM_reg_0_15_0_5/RAMC/CLK
Low Pulse Width   Fast    RAMD32/CLK          n/a            1.250         5.000       3.750      SLICE_X20Y47    dbg_hub/inst/BSCANID.u_xsdbm_id/CORE_XSDB.UUT_MASTER/U_ICON_INTERFACE/U_CMD6_RD/U_RD_FIFO/SUBCORE_FIFO.xsdbm_v3_0_0_rdfifo_inst/inst_fifo_gen/gconvfifo.rf/grf.rf/gntv_or_sync_fifo.mem/gdm.dm_gen.dm/RAM_reg_0_15_0_5/RAMC/CLK
High Pulse Width  Fast    RAMD32/CLK          n/a            1.250         5.000       3.750      SLICE_X20Y47    dbg_hub/inst/BSCANID.u_xsdbm_id/CORE_XSDB.UUT_MASTER/U_ICON_INTERFACE/U_CMD6_RD/U_RD_FIFO/SUBCORE_FIFO.xsdbm_v3_0_0_rdfifo_inst/inst_fifo_gen/gconvfifo.rf/grf.rf/gntv_or_sync_fifo.mem/gdm.dm_gen.dm/RAM_reg_0_15_0_5/RAMA/CLK
High Pulse Width  Fast    RAMD32/CLK          n/a            1.250         5.000       3.750      SLICE_X20Y47    dbg_hub/inst/BSCANID.u_xsdbm_id/CORE_XSDB.UUT_MASTER/U_ICON_INTERFACE/U_CMD6_RD/U_RD_FIFO/SUBCORE_FIFO.xsdbm_v3_0_0_rdfifo_inst/inst_fifo_gen/gconvfifo.rf/grf.rf/gntv_or_sync_fifo.mem/gdm.dm_gen.dm/RAM_reg_0_15_0_5/RAMA_D1/CLK
High Pulse Width  Fast    RAMD32/CLK          n/a            1.250         5.000       3.750      SLICE_X20Y47    dbg_hub/inst/BSCANID.u_xsdbm_id/CORE_XSDB.UUT_MASTER/U_ICON_INTERFACE/U_CMD6_RD/U_RD_FIFO/SUBCORE_FIFO.xsdbm_v3_0_0_rdfifo_inst/inst_fifo_gen/gconvfifo.rf/grf.rf/gntv_or_sync_fifo.mem/gdm.dm_gen.dm/RAM_reg_0_15_0_5/RAMB/CLK
High Pulse Width  Fast    RAMD32/CLK          n/a            1.250         5.000       3.750      SLICE_X20Y47    dbg_hub/inst/BSCANID.u_xsdbm_id/CORE_XSDB.UUT_MASTER/U_ICON_INTERFACE/U_CMD6_RD/U_RD_FIFO/SUBCORE_FIFO.xsdbm_v3_0_0_rdfifo_inst/inst_fifo_gen/gconvfifo.rf/grf.rf/gntv_or_sync_fifo.mem/gdm.dm_gen.dm/RAM_reg_0_15_0_5/RAMB_D1/CLK
High Pulse Width  Fast    RAMD32/CLK          n/a            1.250         5.000       3.750      SLICE_X20Y47    dbg_hub/inst/BSCANID.u_xsdbm_id/CORE_XSDB.UUT_MASTER/U_ICON_INTERFACE/U_CMD6_RD/U_RD_FIFO/SUBCORE_FIFO.xsdbm_v3_0_0_rdfifo_inst/inst_fifo_gen/gconvfifo.rf/grf.rf/gntv_or_sync_fifo.mem/gdm.dm_gen.dm/RAM_reg_0_15_0_5/RAMC/CLK
High Pulse Width  Fast    RAMD32/CLK          n/a            1.250         5.000       3.750      SLICE_X20Y47    dbg_hub/inst/BSCANID.u_xsdbm_id/CORE_XSDB.UUT_MASTER/U_ICON_INTERFACE/U_CMD6_RD/U_RD_FIFO/SUBCORE_FIFO.xsdbm_v3_0_0_rdfifo_inst/inst_fifo_gen/gconvfifo.rf/grf.rf/gntv_or_sync_fifo.mem/gdm.dm_gen.dm/RAM_reg_0_15_0_5/RAMC_D1/CLK
High Pulse Width  Fast    RAMS32/CLK          n/a            1.250         5.000       3.750      SLICE_X20Y47    dbg_hub/inst/BSCANID.u_xsdbm_id/CORE_XSDB.UUT_MASTER/U_ICON_INTERFACE/U_CMD6_RD/U_RD_FIFO/SUBCORE_FIFO.xsdbm_v3_0_0_rdfifo_inst/inst_fifo_gen/gconvfifo.rf/grf.rf/gntv_or_sync_fifo.mem/gdm.dm_gen.dm/RAM_reg_0_15_0_5/RAMD/CLK
High Pulse Width  Fast    RAMS32/CLK          n/a            1.250         5.000       3.750      SLICE_X20Y47    dbg_hub/inst/BSCANID.u_xsdbm_id/CORE_XSDB.UUT_MASTER/U_ICON_INTERFACE/U_CMD6_RD/U_RD_FIFO/SUBCORE_FIFO.xsdbm_v3_0_0_rdfifo_inst/inst_fifo_gen/gconvfifo.rf/grf.rf/gntv_or_sync_fifo.mem/gdm.dm_gen.dm/RAM_reg_0_15_0_5/RAMD_D1/CLK
High Pulse Width  Fast    RAMD32/CLK          n/a            1.250         5.000       3.750      SLICE_X20Y46    dbg_hub/inst/BSCANID.u_xsdbm_id/CORE_XSDB.UUT_MASTER/U_ICON_INTERFACE/U_CMD6_RD/U_RD_FIFO/SUBCORE_FIFO.xsdbm_v3_0_0_rdfifo_inst/inst_fifo_gen/gconvfifo.rf/grf.rf/gntv_or_sync_fifo.mem/gdm.dm_gen.dm/RAM_reg_0_15_6_11/RAMA/CLK
High Pulse Width  Fast    RAMD32/CLK          n/a            1.250         5.000       3.750      SLICE_X20Y46    dbg_hub/inst/BSCANID.u_xsdbm_id/CORE_XSDB.UUT_MASTER/U_ICON_INTERFACE/U_CMD6_RD/U_RD_FIFO/SUBCORE_FIFO.xsdbm_v3_0_0_rdfifo_inst/inst_fifo_gen/gconvfifo.rf/grf.rf/gntv_or_sync_fifo.mem/gdm.dm_gen.dm/RAM_reg_0_15_6_11/RAMA_D1/CLK



---------------------------------------------------------------------------------------------------
From Clock:  sys_clk_pin
  To Clock:  dbg_hub/inst/BSCANID.u_xsdbm_id/SWITCH_N_EXT_BSCAN.bscan_inst/SERIES7_BSCAN.bscan_inst/TCK

Setup :            0  Failing Endpoints,  Worst Slack        8.513ns,  Total Violation        0.000ns
Hold  :           NA  Failing Endpoints,  Worst Slack           NA  ,  Total Violation           NA
---------------------------------------------------------------------------------------------------


Max Delay Paths
--------------------------------------------------------------------------------------
Slack (MET) :             8.513ns  (required time - arrival time)
  Source:                 dbg_hub/inst/BSCANID.u_xsdbm_id/CORE_XSDB.UUT_MASTER/U_ICON_INTERFACE/U_CMD6_WR/U_WR_FIFO/SUBCORE_FIFO.xsdbm_v3_0_0_wrfifo_inst/inst_fifo_gen/gconvfifo.rf/grf.rf/gntv_or_sync_fifo.gcx.clkx/gnxpm_cdc.rd_pntr_gc_reg[0]/C
                            (rising edge-triggered cell FDCE clocked by sys_clk_pin  {rise@0.000ns fall@5.000ns period=10.000ns})
  Destination:            dbg_hub/inst/BSCANID.u_xsdbm_id/CORE_XSDB.UUT_MASTER/U_ICON_INTERFACE/U_CMD6_WR/U_WR_FIFO/SUBCORE_FIFO.xsdbm_v3_0_0_wrfifo_inst/inst_fifo_gen/gconvfifo.rf/grf.rf/gntv_or_sync_fifo.gcx.clkx/gnxpm_cdc.gsync_stage[1].wr_stg_inst/Q_reg_reg[0]/D
                            (rising edge-triggered cell FDCE clocked by dbg_hub/inst/BSCANID.u_xsdbm_id/SWITCH_N_EXT_BSCAN.bscan_inst/SERIES7_BSCAN.bscan_inst/TCK  {rise@0.000ns fall@16.500ns period=33.000ns})
  Path Group:             dbg_hub/inst/BSCANID.u_xsdbm_id/SWITCH_N_EXT_BSCAN.bscan_inst/SERIES7_BSCAN.bscan_inst/TCK
  Path Type:              Setup (Max at Slow Process Corner)
  Requirement:            10.000ns  (MaxDelay Path 10.000ns)
  Data Path Delay:        1.239ns  (logic 0.478ns (38.587%)  route 0.761ns (61.413%))
  Logic Levels:           0  
  Timing Exception:       MaxDelay Path 10.000ns -datapath_only

    Location             Delay type                Incr(ns)  Path(ns)    Netlist Resource(s)
  -------------------------------------------------------------------    -------------------
    SLICE_X6Y45                                       0.000     0.000 r  dbg_hub/inst/BSCANID.u_xsdbm_id/CORE_XSDB.UUT_MASTER/U_ICON_INTERFACE/U_CMD6_WR/U_WR_FIFO/SUBCORE_FIFO.xsdbm_v3_0_0_wrfifo_inst/inst_fifo_gen/gconvfifo.rf/grf.rf/gntv_or_sync_fifo.gcx.clkx/gnxpm_cdc.rd_pntr_gc_reg[0]/C
    SLICE_X6Y45          FDCE (Prop_fdce_C_Q)         0.478     0.478 r  dbg_hub/inst/BSCANID.u_xsdbm_id/CORE_XSDB.UUT_MASTER/U_ICON_INTERFACE/U_CMD6_WR/U_WR_FIFO/SUBCORE_FIFO.xsdbm_v3_0_0_wrfifo_inst/inst_fifo_gen/gconvfifo.rf/grf.rf/gntv_or_sync_fifo.gcx.clkx/gnxpm_cdc.rd_pntr_gc_reg[0]/Q
                         net (fo=1, routed)           0.761     1.239    dbg_hub/inst/BSCANID.u_xsdbm_id/CORE_XSDB.UUT_MASTER/U_ICON_INTERFACE/U_CMD6_WR/U_WR_FIFO/SUBCORE_FIFO.xsdbm_v3_0_0_wrfifo_inst/inst_fifo_gen/gconvfifo.rf/grf.rf/gntv_or_sync_fifo.gcx.clkx/gnxpm_cdc.gsync_stage[1].wr_stg_inst/Q[0]
    SLICE_X3Y45          FDCE                                         r  dbg_hub/inst/BSCANID.u_xsdbm_id/CORE_XSDB.UUT_MASTER/U_ICON_INTERFACE/U_CMD6_WR/U_WR_FIFO/SUBCORE_FIFO.xsdbm_v3_0_0_wrfifo_inst/inst_fifo_gen/gconvfifo.rf/grf.rf/gntv_or_sync_fifo.gcx.clkx/gnxpm_cdc.gsync_stage[1].wr_stg_inst/Q_reg_reg[0]/D
  -------------------------------------------------------------------    -------------------

                         max delay                   10.000    10.000    
    SLICE_X3Y45          FDCE (Setup_fdce_C_D)       -0.248     9.752    dbg_hub/inst/BSCANID.u_xsdbm_id/CORE_XSDB.UUT_MASTER/U_ICON_INTERFACE/U_CMD6_WR/U_WR_FIFO/SUBCORE_FIFO.xsdbm_v3_0_0_wrfifo_inst/inst_fifo_gen/gconvfifo.rf/grf.rf/gntv_or_sync_fifo.gcx.clkx/gnxpm_cdc.gsync_stage[1].wr_stg_inst/Q_reg_reg[0]
  -------------------------------------------------------------------
                         required time                          9.752    
                         arrival time                          -1.239    
  -------------------------------------------------------------------
                         slack                                  8.513    

Slack (MET) :             8.678ns  (required time - arrival time)
  Source:                 dbg_hub/inst/BSCANID.u_xsdbm_id/CORE_XSDB.UUT_MASTER/U_ICON_INTERFACE/U_CMD6_RD/U_RD_FIFO/SUBCORE_FIFO.xsdbm_v3_0_0_rdfifo_inst/inst_fifo_gen/gconvfifo.rf/grf.rf/gntv_or_sync_fifo.gcx.clkx/gnxpm_cdc.wr_pntr_gc_reg[1]/C
                            (rising edge-triggered cell FDCE clocked by sys_clk_pin  {rise@0.000ns fall@5.000ns period=10.000ns})
  Destination:            dbg_hub/inst/BSCANID.u_xsdbm_id/CORE_XSDB.UUT_MASTER/U_ICON_INTERFACE/U_CMD6_RD/U_RD_FIFO/SUBCORE_FIFO.xsdbm_v3_0_0_rdfifo_inst/inst_fifo_gen/gconvfifo.rf/grf.rf/gntv_or_sync_fifo.gcx.clkx/gnxpm_cdc.gsync_stage[1].rd_stg_inst/Q_reg_reg[1]/D
                            (rising edge-triggered cell FDCE clocked by dbg_hub/inst/BSCANID.u_xsdbm_id/SWITCH_N_EXT_BSCAN.bscan_inst/SERIES7_BSCAN.bscan_inst/TCK  {rise@0.000ns fall@16.500ns period=33.000ns})
  Path Group:             dbg_hub/inst/BSCANID.u_xsdbm_id/SWITCH_N_EXT_BSCAN.bscan_inst/SERIES7_BSCAN.bscan_inst/TCK
  Path Type:              Setup (Max at Slow Process Corner)
  Requirement:            10.000ns  (MaxDelay Path 10.000ns)
  Data Path Delay:        1.054ns  (logic 0.419ns (39.737%)  route 0.635ns (60.263%))
  Logic Levels:           0  
  Timing Exception:       MaxDelay Path 10.000ns -datapath_only

    Location             Delay type                Incr(ns)  Path(ns)    Netlist Resource(s)
  -------------------------------------------------------------------    -------------------
    SLICE_X19Y48                                      0.000     0.000 r  dbg_hub/inst/BSCANID.u_xsdbm_id/CORE_XSDB.UUT_MASTER/U_ICON_INTERFACE/U_CMD6_RD/U_RD_FIFO/SUBCORE_FIFO.xsdbm_v3_0_0_rdfifo_inst/inst_fifo_gen/gconvfifo.rf/grf.rf/gntv_or_sync_fifo.gcx.clkx/gnxpm_cdc.wr_pntr_gc_reg[1]/C
    SLICE_X19Y48         FDCE (Prop_fdce_C_Q)         0.419     0.419 r  dbg_hub/inst/BSCANID.u_xsdbm_id/CORE_XSDB.UUT_MASTER/U_ICON_INTERFACE/U_CMD6_RD/U_RD_FIFO/SUBCORE_FIFO.xsdbm_v3_0_0_rdfifo_inst/inst_fifo_gen/gconvfifo.rf/grf.rf/gntv_or_sync_fifo.gcx.clkx/gnxpm_cdc.wr_pntr_gc_reg[1]/Q
                         net (fo=1, routed)           0.635     1.054    dbg_hub/inst/BSCANID.u_xsdbm_id/CORE_XSDB.UUT_MASTER/U_ICON_INTERFACE/U_CMD6_RD/U_RD_FIFO/SUBCORE_FIFO.xsdbm_v3_0_0_rdfifo_inst/inst_fifo_gen/gconvfifo.rf/grf.rf/gntv_or_sync_fifo.gcx.clkx/gnxpm_cdc.gsync_stage[1].rd_stg_inst/Q[1]
    SLICE_X18Y49         FDCE                                         r  dbg_hub/inst/BSCANID.u_xsdbm_id/CORE_XSDB.UUT_MASTER/U_ICON_INTERFACE/U_CMD6_RD/U_RD_FIFO/SUBCORE_FIFO.xsdbm_v3_0_0_rdfifo_inst/inst_fifo_gen/gconvfifo.rf/grf.rf/gntv_or_sync_fifo.gcx.clkx/gnxpm_cdc.gsync_stage[1].rd_stg_inst/Q_reg_reg[1]/D
  -------------------------------------------------------------------    -------------------

                         max delay                   10.000    10.000    
    SLICE_X18Y49         FDCE (Setup_fdce_C_D)       -0.268     9.732    dbg_hub/inst/BSCANID.u_xsdbm_id/CORE_XSDB.UUT_MASTER/U_ICON_INTERFACE/U_CMD6_RD/U_RD_FIFO/SUBCORE_FIFO.xsdbm_v3_0_0_rdfifo_inst/inst_fifo_gen/gconvfifo.rf/grf.rf/gntv_or_sync_fifo.gcx.clkx/gnxpm_cdc.gsync_stage[1].rd_stg_inst/Q_reg_reg[1]
  -------------------------------------------------------------------
                         required time                          9.732    
                         arrival time                          -1.054    
  -------------------------------------------------------------------
                         slack                                  8.678    

Slack (MET) :             8.683ns  (required time - arrival time)
  Source:                 dbg_hub/inst/BSCANID.u_xsdbm_id/CORE_XSDB.UUT_MASTER/U_ICON_INTERFACE/U_CMD6_RD/U_RD_FIFO/SUBCORE_FIFO.xsdbm_v3_0_0_rdfifo_inst/inst_fifo_gen/gconvfifo.rf/grf.rf/gntv_or_sync_fifo.gcx.clkx/gnxpm_cdc.wr_pntr_gc_reg[3]/C
                            (rising edge-triggered cell FDCE clocked by sys_clk_pin  {rise@0.000ns fall@5.000ns period=10.000ns})
  Destination:            dbg_hub/inst/BSCANID.u_xsdbm_id/CORE_XSDB.UUT_MASTER/U_ICON_INTERFACE/U_CMD6_RD/U_RD_FIFO/SUBCORE_FIFO.xsdbm_v3_0_0_rdfifo_inst/inst_fifo_gen/gconvfifo.rf/grf.rf/gntv_or_sync_fifo.gcx.clkx/gnxpm_cdc.gsync_stage[1].rd_stg_inst/Q_reg_reg[3]/D
                            (rising edge-triggered cell FDCE clocked by dbg_hub/inst/BSCANID.u_xsdbm_id/SWITCH_N_EXT_BSCAN.bscan_inst/SERIES7_BSCAN.bscan_inst/TCK  {rise@0.000ns fall@16.500ns period=33.000ns})
  Path Group:             dbg_hub/inst/BSCANID.u_xsdbm_id/SWITCH_N_EXT_BSCAN.bscan_inst/SERIES7_BSCAN.bscan_inst/TCK
  Path Type:              Setup (Max at Slow Process Corner)
  Requirement:            10.000ns  (MaxDelay Path 10.000ns)
  Data Path Delay:        1.050ns  (logic 0.419ns (39.898%)  route 0.631ns (60.102%))
  Logic Levels:           0  
  Timing Exception:       MaxDelay Path 10.000ns -datapath_only

    Location             Delay type                Incr(ns)  Path(ns)    Netlist Resource(s)
  -------------------------------------------------------------------    -------------------
    SLICE_X19Y48                                      0.000     0.000 r  dbg_hub/inst/BSCANID.u_xsdbm_id/CORE_XSDB.UUT_MASTER/U_ICON_INTERFACE/U_CMD6_RD/U_RD_FIFO/SUBCORE_FIFO.xsdbm_v3_0_0_rdfifo_inst/inst_fifo_gen/gconvfifo.rf/grf.rf/gntv_or_sync_fifo.gcx.clkx/gnxpm_cdc.wr_pntr_gc_reg[3]/C
    SLICE_X19Y48         FDCE (Prop_fdce_C_Q)         0.419     0.419 r  dbg_hub/inst/BSCANID.u_xsdbm_id/CORE_XSDB.UUT_MASTER/U_ICON_INTERFACE/U_CMD6_RD/U_RD_FIFO/SUBCORE_FIFO.xsdbm_v3_0_0_rdfifo_inst/inst_fifo_gen/gconvfifo.rf/grf.rf/gntv_or_sync_fifo.gcx.clkx/gnxpm_cdc.wr_pntr_gc_reg[3]/Q
                         net (fo=1, routed)           0.631     1.050    dbg_hub/inst/BSCANID.u_xsdbm_id/CORE_XSDB.UUT_MASTER/U_ICON_INTERFACE/U_CMD6_RD/U_RD_FIFO/SUBCORE_FIFO.xsdbm_v3_0_0_rdfifo_inst/inst_fifo_gen/gconvfifo.rf/grf.rf/gntv_or_sync_fifo.gcx.clkx/gnxpm_cdc.gsync_stage[1].rd_stg_inst/Q[3]
    SLICE_X19Y49         FDCE                                         r  dbg_hub/inst/BSCANID.u_xsdbm_id/CORE_XSDB.UUT_MASTER/U_ICON_INTERFACE/U_CMD6_RD/U_RD_FIFO/SUBCORE_FIFO.xsdbm_v3_0_0_rdfifo_inst/inst_fifo_gen/gconvfifo.rf/grf.rf/gntv_or_sync_fifo.gcx.clkx/gnxpm_cdc.gsync_stage[1].rd_stg_inst/Q_reg_reg[3]/D
  -------------------------------------------------------------------    -------------------

                         max delay                   10.000    10.000    
    SLICE_X19Y49         FDCE (Setup_fdce_C_D)       -0.267     9.733    dbg_hub/inst/BSCANID.u_xsdbm_id/CORE_XSDB.UUT_MASTER/U_ICON_INTERFACE/U_CMD6_RD/U_RD_FIFO/SUBCORE_FIFO.xsdbm_v3_0_0_rdfifo_inst/inst_fifo_gen/gconvfifo.rf/grf.rf/gntv_or_sync_fifo.gcx.clkx/gnxpm_cdc.gsync_stage[1].rd_stg_inst/Q_reg_reg[3]
  -------------------------------------------------------------------
                         required time                          9.733    
                         arrival time                          -1.050    
  -------------------------------------------------------------------
                         slack                                  8.683    

Slack (MET) :             8.716ns  (required time - arrival time)
  Source:                 dbg_hub/inst/BSCANID.u_xsdbm_id/CORE_XSDB.UUT_MASTER/U_ICON_INTERFACE/U_CMD6_WR/U_WR_FIFO/SUBCORE_FIFO.xsdbm_v3_0_0_wrfifo_inst/inst_fifo_gen/gconvfifo.rf/grf.rf/gntv_or_sync_fifo.gcx.clkx/gnxpm_cdc.rd_pntr_gc_reg[1]/C
                            (rising edge-triggered cell FDCE clocked by sys_clk_pin  {rise@0.000ns fall@5.000ns period=10.000ns})
  Destination:            dbg_hub/inst/BSCANID.u_xsdbm_id/CORE_XSDB.UUT_MASTER/U_ICON_INTERFACE/U_CMD6_WR/U_WR_FIFO/SUBCORE_FIFO.xsdbm_v3_0_0_wrfifo_inst/inst_fifo_gen/gconvfifo.rf/grf.rf/gntv_or_sync_fifo.gcx.clkx/gnxpm_cdc.gsync_stage[1].wr_stg_inst/Q_reg_reg[1]/D
                            (rising edge-triggered cell FDCE clocked by dbg_hub/inst/BSCANID.u_xsdbm_id/SWITCH_N_EXT_BSCAN.bscan_inst/SERIES7_BSCAN.bscan_inst/TCK  {rise@0.000ns fall@16.500ns period=33.000ns})
  Path Group:             dbg_hub/inst/BSCANID.u_xsdbm_id/SWITCH_N_EXT_BSCAN.bscan_inst/SERIES7_BSCAN.bscan_inst/TCK
  Path Type:              Setup (Max at Slow Process Corner)
  Requirement:            10.000ns  (MaxDelay Path 10.000ns)
  Data Path Delay:        1.189ns  (logic 0.518ns (43.552%)  route 0.671ns (56.448%))
  Logic Levels:           0  
  Timing Exception:       MaxDelay Path 10.000ns -datapath_only

    Location             Delay type                Incr(ns)  Path(ns)    Netlist Resource(s)
  -------------------------------------------------------------------    -------------------
    SLICE_X6Y45                                       0.000     0.000 r  dbg_hub/inst/BSCANID.u_xsdbm_id/CORE_XSDB.UUT_MASTER/U_ICON_INTERFACE/U_CMD6_WR/U_WR_FIFO/SUBCORE_FIFO.xsdbm_v3_0_0_wrfifo_inst/inst_fifo_gen/gconvfifo.rf/grf.rf/gntv_or_sync_fifo.gcx.clkx/gnxpm_cdc.rd_pntr_gc_reg[1]/C
    SLICE_X6Y45          FDCE (Prop_fdce_C_Q)         0.518     0.518 r  dbg_hub/inst/BSCANID.u_xsdbm_id/CORE_XSDB.UUT_MASTER/U_ICON_INTERFACE/U_CMD6_WR/U_WR_FIFO/SUBCORE_FIFO.xsdbm_v3_0_0_wrfifo_inst/inst_fifo_gen/gconvfifo.rf/grf.rf/gntv_or_sync_fifo.gcx.clkx/gnxpm_cdc.rd_pntr_gc_reg[1]/Q
                         net (fo=1, routed)           0.671     1.189    dbg_hub/inst/BSCANID.u_xsdbm_id/CORE_XSDB.UUT_MASTER/U_ICON_INTERFACE/U_CMD6_WR/U_WR_FIFO/SUBCORE_FIFO.xsdbm_v3_0_0_wrfifo_inst/inst_fifo_gen/gconvfifo.rf/grf.rf/gntv_or_sync_fifo.gcx.clkx/gnxpm_cdc.gsync_stage[1].wr_stg_inst/Q[1]
    SLICE_X2Y44          FDCE                                         r  dbg_hub/inst/BSCANID.u_xsdbm_id/CORE_XSDB.UUT_MASTER/U_ICON_INTERFACE/U_CMD6_WR/U_WR_FIFO/SUBCORE_FIFO.xsdbm_v3_0_0_wrfifo_inst/inst_fifo_gen/gconvfifo.rf/grf.rf/gntv_or_sync_fifo.gcx.clkx/gnxpm_cdc.gsync_stage[1].wr_stg_inst/Q_reg_reg[1]/D
  -------------------------------------------------------------------    -------------------

                         max delay                   10.000    10.000    
    SLICE_X2Y44          FDCE (Setup_fdce_C_D)       -0.095     9.905    dbg_hub/inst/BSCANID.u_xsdbm_id/CORE_XSDB.UUT_MASTER/U_ICON_INTERFACE/U_CMD6_WR/U_WR_FIFO/SUBCORE_FIFO.xsdbm_v3_0_0_wrfifo_inst/inst_fifo_gen/gconvfifo.rf/grf.rf/gntv_or_sync_fifo.gcx.clkx/gnxpm_cdc.gsync_stage[1].wr_stg_inst/Q_reg_reg[1]
  -------------------------------------------------------------------
                         required time                          9.905    
                         arrival time                          -1.189    
  -------------------------------------------------------------------
                         slack                                  8.716    

Slack (MET) :             8.733ns  (required time - arrival time)
  Source:                 dbg_hub/inst/BSCANID.u_xsdbm_id/CORE_XSDB.UUT_MASTER/U_ICON_INTERFACE/U_CMD6_WR/U_WR_FIFO/SUBCORE_FIFO.xsdbm_v3_0_0_wrfifo_inst/inst_fifo_gen/gconvfifo.rf/grf.rf/gntv_or_sync_fifo.gcx.clkx/gnxpm_cdc.rd_pntr_gc_reg[2]/C
                            (rising edge-triggered cell FDCE clocked by sys_clk_pin  {rise@0.000ns fall@5.000ns period=10.000ns})
  Destination:            dbg_hub/inst/BSCANID.u_xsdbm_id/CORE_XSDB.UUT_MASTER/U_ICON_INTERFACE/U_CMD6_WR/U_WR_FIFO/SUBCORE_FIFO.xsdbm_v3_0_0_wrfifo_inst/inst_fifo_gen/gconvfifo.rf/grf.rf/gntv_or_sync_fifo.gcx.clkx/gnxpm_cdc.gsync_stage[1].wr_stg_inst/Q_reg_reg[2]/D
                            (rising edge-triggered cell FDCE clocked by dbg_hub/inst/BSCANID.u_xsdbm_id/SWITCH_N_EXT_BSCAN.bscan_inst/SERIES7_BSCAN.bscan_inst/TCK  {rise@0.000ns fall@16.500ns period=33.000ns})
  Path Group:             dbg_hub/inst/BSCANID.u_xsdbm_id/SWITCH_N_EXT_BSCAN.bscan_inst/SERIES7_BSCAN.bscan_inst/TCK
  Path Type:              Setup (Max at Slow Process Corner)
  Requirement:            10.000ns  (MaxDelay Path 10.000ns)
  Data Path Delay:        1.002ns  (logic 0.478ns (47.716%)  route 0.524ns (52.284%))
  Logic Levels:           0  
  Timing Exception:       MaxDelay Path 10.000ns -datapath_only

    Location             Delay type                Incr(ns)  Path(ns)    Netlist Resource(s)
  -------------------------------------------------------------------    -------------------
    SLICE_X6Y45                                       0.000     0.000 r  dbg_hub/inst/BSCANID.u_xsdbm_id/CORE_XSDB.UUT_MASTER/U_ICON_INTERFACE/U_CMD6_WR/U_WR_FIFO/SUBCORE_FIFO.xsdbm_v3_0_0_wrfifo_inst/inst_fifo_gen/gconvfifo.rf/grf.rf/gntv_or_sync_fifo.gcx.clkx/gnxpm_cdc.rd_pntr_gc_reg[2]/C
    SLICE_X6Y45          FDCE (Prop_fdce_C_Q)         0.478     0.478 r  dbg_hub/inst/BSCANID.u_xsdbm_id/CORE_XSDB.UUT_MASTER/U_ICON_INTERFACE/U_CMD6_WR/U_WR_FIFO/SUBCORE_FIFO.xsdbm_v3_0_0_wrfifo_inst/inst_fifo_gen/gconvfifo.rf/grf.rf/gntv_or_sync_fifo.gcx.clkx/gnxpm_cdc.rd_pntr_gc_reg[2]/Q
                         net (fo=1, routed)           0.524     1.002    dbg_hub/inst/BSCANID.u_xsdbm_id/CORE_XSDB.UUT_MASTER/U_ICON_INTERFACE/U_CMD6_WR/U_WR_FIFO/SUBCORE_FIFO.xsdbm_v3_0_0_wrfifo_inst/inst_fifo_gen/gconvfifo.rf/grf.rf/gntv_or_sync_fifo.gcx.clkx/gnxpm_cdc.gsync_stage[1].wr_stg_inst/Q[2]
    SLICE_X3Y45          FDCE                                         r  dbg_hub/inst/BSCANID.u_xsdbm_id/CORE_XSDB.UUT_MASTER/U_ICON_INTERFACE/U_CMD6_WR/U_WR_FIFO/SUBCORE_FIFO.xsdbm_v3_0_0_wrfifo_inst/inst_fifo_gen/gconvfifo.rf/grf.rf/gntv_or_sync_fifo.gcx.clkx/gnxpm_cdc.gsync_stage[1].wr_stg_inst/Q_reg_reg[2]/D
  -------------------------------------------------------------------    -------------------

                         max delay                   10.000    10.000    
    SLICE_X3Y45          FDCE (Setup_fdce_C_D)       -0.265     9.735    dbg_hub/inst/BSCANID.u_xsdbm_id/CORE_XSDB.UUT_MASTER/U_ICON_INTERFACE/U_CMD6_WR/U_WR_FIFO/SUBCORE_FIFO.xsdbm_v3_0_0_wrfifo_inst/inst_fifo_gen/gconvfifo.rf/grf.rf/gntv_or_sync_fifo.gcx.clkx/gnxpm_cdc.gsync_stage[1].wr_stg_inst/Q_reg_reg[2]
  -------------------------------------------------------------------
                         required time                          9.735    
                         arrival time                          -1.002    
  -------------------------------------------------------------------
                         slack                                  8.733    

Slack (MET) :             8.844ns  (required time - arrival time)
  Source:                 dbg_hub/inst/BSCANID.u_xsdbm_id/CORE_XSDB.UUT_MASTER/U_ICON_INTERFACE/U_CMD6_RD/U_RD_FIFO/SUBCORE_FIFO.xsdbm_v3_0_0_rdfifo_inst/inst_fifo_gen/gconvfifo.rf/grf.rf/gntv_or_sync_fifo.gcx.clkx/gnxpm_cdc.wr_pntr_gc_reg[0]/C
                            (rising edge-triggered cell FDCE clocked by sys_clk_pin  {rise@0.000ns fall@5.000ns period=10.000ns})
  Destination:            dbg_hub/inst/BSCANID.u_xsdbm_id/CORE_XSDB.UUT_MASTER/U_ICON_INTERFACE/U_CMD6_RD/U_RD_FIFO/SUBCORE_FIFO.xsdbm_v3_0_0_rdfifo_inst/inst_fifo_gen/gconvfifo.rf/grf.rf/gntv_or_sync_fifo.gcx.clkx/gnxpm_cdc.gsync_stage[1].rd_stg_inst/Q_reg_reg[0]/D
                            (rising edge-triggered cell FDCE clocked by dbg_hub/inst/BSCANID.u_xsdbm_id/SWITCH_N_EXT_BSCAN.bscan_inst/SERIES7_BSCAN.bscan_inst/TCK  {rise@0.000ns fall@16.500ns period=33.000ns})
  Path Group:             dbg_hub/inst/BSCANID.u_xsdbm_id/SWITCH_N_EXT_BSCAN.bscan_inst/SERIES7_BSCAN.bscan_inst/TCK
  Path Type:              Setup (Max at Slow Process Corner)
  Requirement:            10.000ns  (MaxDelay Path 10.000ns)
  Data Path Delay:        1.061ns  (logic 0.456ns (42.985%)  route 0.605ns (57.015%))
  Logic Levels:           0  
  Timing Exception:       MaxDelay Path 10.000ns -datapath_only

    Location             Delay type                Incr(ns)  Path(ns)    Netlist Resource(s)
  -------------------------------------------------------------------    -------------------
    SLICE_X19Y48                                      0.000     0.000 r  dbg_hub/inst/BSCANID.u_xsdbm_id/CORE_XSDB.UUT_MASTER/U_ICON_INTERFACE/U_CMD6_RD/U_RD_FIFO/SUBCORE_FIFO.xsdbm_v3_0_0_rdfifo_inst/inst_fifo_gen/gconvfifo.rf/grf.rf/gntv_or_sync_fifo.gcx.clkx/gnxpm_cdc.wr_pntr_gc_reg[0]/C
    SLICE_X19Y48         FDCE (Prop_fdce_C_Q)         0.456     0.456 r  dbg_hub/inst/BSCANID.u_xsdbm_id/CORE_XSDB.UUT_MASTER/U_ICON_INTERFACE/U_CMD6_RD/U_RD_FIFO/SUBCORE_FIFO.xsdbm_v3_0_0_rdfifo_inst/inst_fifo_gen/gconvfifo.rf/grf.rf/gntv_or_sync_fifo.gcx.clkx/gnxpm_cdc.wr_pntr_gc_reg[0]/Q
                         net (fo=1, routed)           0.605     1.061    dbg_hub/inst/BSCANID.u_xsdbm_id/CORE_XSDB.UUT_MASTER/U_ICON_INTERFACE/U_CMD6_RD/U_RD_FIFO/SUBCORE_FIFO.xsdbm_v3_0_0_rdfifo_inst/inst_fifo_gen/gconvfifo.rf/grf.rf/gntv_or_sync_fifo.gcx.clkx/gnxpm_cdc.gsync_stage[1].rd_stg_inst/Q[0]
    SLICE_X18Y49         FDCE                                         r  dbg_hub/inst/BSCANID.u_xsdbm_id/CORE_XSDB.UUT_MASTER/U_ICON_INTERFACE/U_CMD6_RD/U_RD_FIFO/SUBCORE_FIFO.xsdbm_v3_0_0_rdfifo_inst/inst_fifo_gen/gconvfifo.rf/grf.rf/gntv_or_sync_fifo.gcx.clkx/gnxpm_cdc.gsync_stage[1].rd_stg_inst/Q_reg_reg[0]/D
  -------------------------------------------------------------------    -------------------

                         max delay                   10.000    10.000    
    SLICE_X18Y49         FDCE (Setup_fdce_C_D)       -0.095     9.905    dbg_hub/inst/BSCANID.u_xsdbm_id/CORE_XSDB.UUT_MASTER/U_ICON_INTERFACE/U_CMD6_RD/U_RD_FIFO/SUBCORE_FIFO.xsdbm_v3_0_0_rdfifo_inst/inst_fifo_gen/gconvfifo.rf/grf.rf/gntv_or_sync_fifo.gcx.clkx/gnxpm_cdc.gsync_stage[1].rd_stg_inst/Q_reg_reg[0]
  -------------------------------------------------------------------
                         required time                          9.905    
                         arrival time                          -1.061    
  -------------------------------------------------------------------
                         slack                                  8.844    

Slack (MET) :             8.869ns  (required time - arrival time)
  Source:                 dbg_hub/inst/BSCANID.u_xsdbm_id/CORE_XSDB.UUT_MASTER/U_ICON_INTERFACE/U_CMD6_WR/U_WR_FIFO/SUBCORE_FIFO.xsdbm_v3_0_0_wrfifo_inst/inst_fifo_gen/gconvfifo.rf/grf.rf/gntv_or_sync_fifo.gcx.clkx/gnxpm_cdc.rd_pntr_gc_reg[3]/C
                            (rising edge-triggered cell FDCE clocked by sys_clk_pin  {rise@0.000ns fall@5.000ns period=10.000ns})
  Destination:            dbg_hub/inst/BSCANID.u_xsdbm_id/CORE_XSDB.UUT_MASTER/U_ICON_INTERFACE/U_CMD6_WR/U_WR_FIFO/SUBCORE_FIFO.xsdbm_v3_0_0_wrfifo_inst/inst_fifo_gen/gconvfifo.rf/grf.rf/gntv_or_sync_fifo.gcx.clkx/gnxpm_cdc.gsync_stage[1].wr_stg_inst/Q_reg_reg[3]/D
                            (rising edge-triggered cell FDCE clocked by dbg_hub/inst/BSCANID.u_xsdbm_id/SWITCH_N_EXT_BSCAN.bscan_inst/SERIES7_BSCAN.bscan_inst/TCK  {rise@0.000ns fall@16.500ns period=33.000ns})
  Path Group:             dbg_hub/inst/BSCANID.u_xsdbm_id/SWITCH_N_EXT_BSCAN.bscan_inst/SERIES7_BSCAN.bscan_inst/TCK
  Path Type:              Setup (Max at Slow Process Corner)
  Requirement:            10.000ns  (MaxDelay Path 10.000ns)
  Data Path Delay:        1.036ns  (logic 0.518ns (50.013%)  route 0.518ns (49.987%))
  Logic Levels:           0  
  Timing Exception:       MaxDelay Path 10.000ns -datapath_only

    Location             Delay type                Incr(ns)  Path(ns)    Netlist Resource(s)
  -------------------------------------------------------------------    -------------------
    SLICE_X6Y45                                       0.000     0.000 r  dbg_hub/inst/BSCANID.u_xsdbm_id/CORE_XSDB.UUT_MASTER/U_ICON_INTERFACE/U_CMD6_WR/U_WR_FIFO/SUBCORE_FIFO.xsdbm_v3_0_0_wrfifo_inst/inst_fifo_gen/gconvfifo.rf/grf.rf/gntv_or_sync_fifo.gcx.clkx/gnxpm_cdc.rd_pntr_gc_reg[3]/C
    SLICE_X6Y45          FDCE (Prop_fdce_C_Q)         0.518     0.518 r  dbg_hub/inst/BSCANID.u_xsdbm_id/CORE_XSDB.UUT_MASTER/U_ICON_INTERFACE/U_CMD6_WR/U_WR_FIFO/SUBCORE_FIFO.xsdbm_v3_0_0_wrfifo_inst/inst_fifo_gen/gconvfifo.rf/grf.rf/gntv_or_sync_fifo.gcx.clkx/gnxpm_cdc.rd_pntr_gc_reg[3]/Q
                         net (fo=1, routed)           0.518     1.036    dbg_hub/inst/BSCANID.u_xsdbm_id/CORE_XSDB.UUT_MASTER/U_ICON_INTERFACE/U_CMD6_WR/U_WR_FIFO/SUBCORE_FIFO.xsdbm_v3_0_0_wrfifo_inst/inst_fifo_gen/gconvfifo.rf/grf.rf/gntv_or_sync_fifo.gcx.clkx/gnxpm_cdc.gsync_stage[1].wr_stg_inst/Q[3]
    SLICE_X5Y45          FDCE                                         r  dbg_hub/inst/BSCANID.u_xsdbm_id/CORE_XSDB.UUT_MASTER/U_ICON_INTERFACE/U_CMD6_WR/U_WR_FIFO/SUBCORE_FIFO.xsdbm_v3_0_0_wrfifo_inst/inst_fifo_gen/gconvfifo.rf/grf.rf/gntv_or_sync_fifo.gcx.clkx/gnxpm_cdc.gsync_stage[1].wr_stg_inst/Q_reg_reg[3]/D
  -------------------------------------------------------------------    -------------------

                         max delay                   10.000    10.000    
    SLICE_X5Y45          FDCE (Setup_fdce_C_D)       -0.095     9.905    dbg_hub/inst/BSCANID.u_xsdbm_id/CORE_XSDB.UUT_MASTER/U_ICON_INTERFACE/U_CMD6_WR/U_WR_FIFO/SUBCORE_FIFO.xsdbm_v3_0_0_wrfifo_inst/inst_fifo_gen/gconvfifo.rf/grf.rf/gntv_or_sync_fifo.gcx.clkx/gnxpm_cdc.gsync_stage[1].wr_stg_inst/Q_reg_reg[3]
  -------------------------------------------------------------------
                         required time                          9.905    
                         arrival time                          -1.036    
  -------------------------------------------------------------------
                         slack                                  8.869    

Slack (MET) :             8.968ns  (required time - arrival time)
  Source:                 dbg_hub/inst/BSCANID.u_xsdbm_id/CORE_XSDB.UUT_MASTER/U_ICON_INTERFACE/U_CMD6_RD/U_RD_FIFO/SUBCORE_FIFO.xsdbm_v3_0_0_rdfifo_inst/inst_fifo_gen/gconvfifo.rf/grf.rf/gntv_or_sync_fifo.gcx.clkx/gnxpm_cdc.wr_pntr_gc_reg[2]/C
                            (rising edge-triggered cell FDCE clocked by sys_clk_pin  {rise@0.000ns fall@5.000ns period=10.000ns})
  Destination:            dbg_hub/inst/BSCANID.u_xsdbm_id/CORE_XSDB.UUT_MASTER/U_ICON_INTERFACE/U_CMD6_RD/U_RD_FIFO/SUBCORE_FIFO.xsdbm_v3_0_0_rdfifo_inst/inst_fifo_gen/gconvfifo.rf/grf.rf/gntv_or_sync_fifo.gcx.clkx/gnxpm_cdc.gsync_stage[1].rd_stg_inst/Q_reg_reg[2]/D
                            (rising edge-triggered cell FDCE clocked by dbg_hub/inst/BSCANID.u_xsdbm_id/SWITCH_N_EXT_BSCAN.bscan_inst/SERIES7_BSCAN.bscan_inst/TCK  {rise@0.000ns fall@16.500ns period=33.000ns})
  Path Group:             dbg_hub/inst/BSCANID.u_xsdbm_id/SWITCH_N_EXT_BSCAN.bscan_inst/SERIES7_BSCAN.bscan_inst/TCK
  Path Type:              Setup (Max at Slow Process Corner)
  Requirement:            10.000ns  (MaxDelay Path 10.000ns)
  Data Path Delay:        0.939ns  (logic 0.456ns (48.567%)  route 0.483ns (51.433%))
  Logic Levels:           0  
  Timing Exception:       MaxDelay Path 10.000ns -datapath_only

    Location             Delay type                Incr(ns)  Path(ns)    Netlist Resource(s)
  -------------------------------------------------------------------    -------------------
    SLICE_X19Y48                                      0.000     0.000 r  dbg_hub/inst/BSCANID.u_xsdbm_id/CORE_XSDB.UUT_MASTER/U_ICON_INTERFACE/U_CMD6_RD/U_RD_FIFO/SUBCORE_FIFO.xsdbm_v3_0_0_rdfifo_inst/inst_fifo_gen/gconvfifo.rf/grf.rf/gntv_or_sync_fifo.gcx.clkx/gnxpm_cdc.wr_pntr_gc_reg[2]/C
    SLICE_X19Y48         FDCE (Prop_fdce_C_Q)         0.456     0.456 r  dbg_hub/inst/BSCANID.u_xsdbm_id/CORE_XSDB.UUT_MASTER/U_ICON_INTERFACE/U_CMD6_RD/U_RD_FIFO/SUBCORE_FIFO.xsdbm_v3_0_0_rdfifo_inst/inst_fifo_gen/gconvfifo.rf/grf.rf/gntv_or_sync_fifo.gcx.clkx/gnxpm_cdc.wr_pntr_gc_reg[2]/Q
                         net (fo=1, routed)           0.483     0.939    dbg_hub/inst/BSCANID.u_xsdbm_id/CORE_XSDB.UUT_MASTER/U_ICON_INTERFACE/U_CMD6_RD/U_RD_FIFO/SUBCORE_FIFO.xsdbm_v3_0_0_rdfifo_inst/inst_fifo_gen/gconvfifo.rf/grf.rf/gntv_or_sync_fifo.gcx.clkx/gnxpm_cdc.gsync_stage[1].rd_stg_inst/Q[2]
    SLICE_X18Y49         FDCE                                         r  dbg_hub/inst/BSCANID.u_xsdbm_id/CORE_XSDB.UUT_MASTER/U_ICON_INTERFACE/U_CMD6_RD/U_RD_FIFO/SUBCORE_FIFO.xsdbm_v3_0_0_rdfifo_inst/inst_fifo_gen/gconvfifo.rf/grf.rf/gntv_or_sync_fifo.gcx.clkx/gnxpm_cdc.gsync_stage[1].rd_stg_inst/Q_reg_reg[2]/D
  -------------------------------------------------------------------    -------------------

                         max delay                   10.000    10.000    
    SLICE_X18Y49         FDCE (Setup_fdce_C_D)       -0.093     9.907    dbg_hub/inst/BSCANID.u_xsdbm_id/CORE_XSDB.UUT_MASTER/U_ICON_INTERFACE/U_CMD6_RD/U_RD_FIFO/SUBCORE_FIFO.xsdbm_v3_0_0_rdfifo_inst/inst_fifo_gen/gconvfifo.rf/grf.rf/gntv_or_sync_fifo.gcx.clkx/gnxpm_cdc.gsync_stage[1].rd_stg_inst/Q_reg_reg[2]
  -------------------------------------------------------------------
                         required time                          9.907    
                         arrival time                          -0.939    
  -------------------------------------------------------------------
                         slack                                  8.968    





---------------------------------------------------------------------------------------------------
From Clock:  dbg_hub/inst/BSCANID.u_xsdbm_id/SWITCH_N_EXT_BSCAN.bscan_inst/SERIES7_BSCAN.bscan_inst/TCK
  To Clock:  sys_clk_pin

Setup :            0  Failing Endpoints,  Worst Slack       31.643ns,  Total Violation        0.000ns
Hold  :           NA  Failing Endpoints,  Worst Slack           NA  ,  Total Violation           NA
---------------------------------------------------------------------------------------------------


Max Delay Paths
--------------------------------------------------------------------------------------
Slack (MET) :             31.643ns  (required time - arrival time)
  Source:                 dbg_hub/inst/BSCANID.u_xsdbm_id/CORE_XSDB.UUT_MASTER/U_ICON_INTERFACE/U_CMD6_WR/U_WR_FIFO/SUBCORE_FIFO.xsdbm_v3_0_0_wrfifo_inst/inst_fifo_gen/gconvfifo.rf/grf.rf/gntv_or_sync_fifo.gcx.clkx/gnxpm_cdc.wr_pntr_gc_reg[1]/C
                            (rising edge-triggered cell FDCE clocked by dbg_hub/inst/BSCANID.u_xsdbm_id/SWITCH_N_EXT_BSCAN.bscan_inst/SERIES7_BSCAN.bscan_inst/TCK  {rise@0.000ns fall@16.500ns period=33.000ns})
  Destination:            dbg_hub/inst/BSCANID.u_xsdbm_id/CORE_XSDB.UUT_MASTER/U_ICON_INTERFACE/U_CMD6_WR/U_WR_FIFO/SUBCORE_FIFO.xsdbm_v3_0_0_wrfifo_inst/inst_fifo_gen/gconvfifo.rf/grf.rf/gntv_or_sync_fifo.gcx.clkx/gnxpm_cdc.gsync_stage[1].rd_stg_inst/Q_reg_reg[1]/D
                            (rising edge-triggered cell FDCE clocked by sys_clk_pin  {rise@0.000ns fall@5.000ns period=10.000ns})
  Path Group:             sys_clk_pin
  Path Type:              Setup (Max at Slow Process Corner)
  Requirement:            33.000ns  (MaxDelay Path 33.000ns)
  Data Path Delay:        1.092ns  (logic 0.419ns (38.367%)  route 0.673ns (61.633%))
  Logic Levels:           0  
  Timing Exception:       MaxDelay Path 33.000ns -datapath_only

    Location             Delay type                Incr(ns)  Path(ns)    Netlist Resource(s)
  -------------------------------------------------------------------    -------------------
    SLICE_X5Y45                                       0.000     0.000 r  dbg_hub/inst/BSCANID.u_xsdbm_id/CORE_XSDB.UUT_MASTER/U_ICON_INTERFACE/U_CMD6_WR/U_WR_FIFO/SUBCORE_FIFO.xsdbm_v3_0_0_wrfifo_inst/inst_fifo_gen/gconvfifo.rf/grf.rf/gntv_or_sync_fifo.gcx.clkx/gnxpm_cdc.wr_pntr_gc_reg[1]/C
    SLICE_X5Y45          FDCE (Prop_fdce_C_Q)         0.419     0.419 r  dbg_hub/inst/BSCANID.u_xsdbm_id/CORE_XSDB.UUT_MASTER/U_ICON_INTERFACE/U_CMD6_WR/U_WR_FIFO/SUBCORE_FIFO.xsdbm_v3_0_0_wrfifo_inst/inst_fifo_gen/gconvfifo.rf/grf.rf/gntv_or_sync_fifo.gcx.clkx/gnxpm_cdc.wr_pntr_gc_reg[1]/Q
                         net (fo=1, routed)           0.673     1.092    dbg_hub/inst/BSCANID.u_xsdbm_id/CORE_XSDB.UUT_MASTER/U_ICON_INTERFACE/U_CMD6_WR/U_WR_FIFO/SUBCORE_FIFO.xsdbm_v3_0_0_wrfifo_inst/inst_fifo_gen/gconvfifo.rf/grf.rf/gntv_or_sync_fifo.gcx.clkx/gnxpm_cdc.gsync_stage[1].rd_stg_inst/Q[1]
    SLICE_X7Y45          FDCE                                         r  dbg_hub/inst/BSCANID.u_xsdbm_id/CORE_XSDB.UUT_MASTER/U_ICON_INTERFACE/U_CMD6_WR/U_WR_FIFO/SUBCORE_FIFO.xsdbm_v3_0_0_wrfifo_inst/inst_fifo_gen/gconvfifo.rf/grf.rf/gntv_or_sync_fifo.gcx.clkx/gnxpm_cdc.gsync_stage[1].rd_stg_inst/Q_reg_reg[1]/D
  -------------------------------------------------------------------    -------------------

                         max delay                   33.000    33.000    
    SLICE_X7Y45          FDCE (Setup_fdce_C_D)       -0.265    32.735    dbg_hub/inst/BSCANID.u_xsdbm_id/CORE_XSDB.UUT_MASTER/U_ICON_INTERFACE/U_CMD6_WR/U_WR_FIFO/SUBCORE_FIFO.xsdbm_v3_0_0_wrfifo_inst/inst_fifo_gen/gconvfifo.rf/grf.rf/gntv_or_sync_fifo.gcx.clkx/gnxpm_cdc.gsync_stage[1].rd_stg_inst/Q_reg_reg[1]
  -------------------------------------------------------------------
                         required time                         32.735    
                         arrival time                          -1.092    
  -------------------------------------------------------------------
                         slack                                 31.643    

Slack (MET) :             31.691ns  (required time - arrival time)
  Source:                 dbg_hub/inst/BSCANID.u_xsdbm_id/CORE_XSDB.UUT_MASTER/U_ICON_INTERFACE/U_CMD6_WR/U_WR_FIFO/SUBCORE_FIFO.xsdbm_v3_0_0_wrfifo_inst/inst_fifo_gen/gconvfifo.rf/grf.rf/gntv_or_sync_fifo.gcx.clkx/gnxpm_cdc.wr_pntr_gc_reg[3]/C
                            (rising edge-triggered cell FDCE clocked by dbg_hub/inst/BSCANID.u_xsdbm_id/SWITCH_N_EXT_BSCAN.bscan_inst/SERIES7_BSCAN.bscan_inst/TCK  {rise@0.000ns fall@16.500ns period=33.000ns})
  Destination:            dbg_hub/inst/BSCANID.u_xsdbm_id/CORE_XSDB.UUT_MASTER/U_ICON_INTERFACE/U_CMD6_WR/U_WR_FIFO/SUBCORE_FIFO.xsdbm_v3_0_0_wrfifo_inst/inst_fifo_gen/gconvfifo.rf/grf.rf/gntv_or_sync_fifo.gcx.clkx/gnxpm_cdc.gsync_stage[1].rd_stg_inst/Q_reg_reg[3]/D
                            (rising edge-triggered cell FDCE clocked by sys_clk_pin  {rise@0.000ns fall@5.000ns period=10.000ns})
  Path Group:             sys_clk_pin
  Path Type:              Setup (Max at Slow Process Corner)
  Requirement:            33.000ns  (MaxDelay Path 33.000ns)
  Data Path Delay:        1.089ns  (logic 0.419ns (38.459%)  route 0.670ns (61.541%))
  Logic Levels:           0  
  Timing Exception:       MaxDelay Path 33.000ns -datapath_only

    Location             Delay type                Incr(ns)  Path(ns)    Netlist Resource(s)
  -------------------------------------------------------------------    -------------------
    SLICE_X5Y45                                       0.000     0.000 r  dbg_hub/inst/BSCANID.u_xsdbm_id/CORE_XSDB.UUT_MASTER/U_ICON_INTERFACE/U_CMD6_WR/U_WR_FIFO/SUBCORE_FIFO.xsdbm_v3_0_0_wrfifo_inst/inst_fifo_gen/gconvfifo.rf/grf.rf/gntv_or_sync_fifo.gcx.clkx/gnxpm_cdc.wr_pntr_gc_reg[3]/C
    SLICE_X5Y45          FDCE (Prop_fdce_C_Q)         0.419     0.419 r  dbg_hub/inst/BSCANID.u_xsdbm_id/CORE_XSDB.UUT_MASTER/U_ICON_INTERFACE/U_CMD6_WR/U_WR_FIFO/SUBCORE_FIFO.xsdbm_v3_0_0_wrfifo_inst/inst_fifo_gen/gconvfifo.rf/grf.rf/gntv_or_sync_fifo.gcx.clkx/gnxpm_cdc.wr_pntr_gc_reg[3]/Q
                         net (fo=1, routed)           0.670     1.089    dbg_hub/inst/BSCANID.u_xsdbm_id/CORE_XSDB.UUT_MASTER/U_ICON_INTERFACE/U_CMD6_WR/U_WR_FIFO/SUBCORE_FIFO.xsdbm_v3_0_0_wrfifo_inst/inst_fifo_gen/gconvfifo.rf/grf.rf/gntv_or_sync_fifo.gcx.clkx/gnxpm_cdc.gsync_stage[1].rd_stg_inst/Q[3]
    SLICE_X6Y45          FDCE                                         r  dbg_hub/inst/BSCANID.u_xsdbm_id/CORE_XSDB.UUT_MASTER/U_ICON_INTERFACE/U_CMD6_WR/U_WR_FIFO/SUBCORE_FIFO.xsdbm_v3_0_0_wrfifo_inst/inst_fifo_gen/gconvfifo.rf/grf.rf/gntv_or_sync_fifo.gcx.clkx/gnxpm_cdc.gsync_stage[1].rd_stg_inst/Q_reg_reg[3]/D
  -------------------------------------------------------------------    -------------------

                         max delay                   33.000    33.000    
    SLICE_X6Y45          FDCE (Setup_fdce_C_D)       -0.220    32.780    dbg_hub/inst/BSCANID.u_xsdbm_id/CORE_XSDB.UUT_MASTER/U_ICON_INTERFACE/U_CMD6_WR/U_WR_FIFO/SUBCORE_FIFO.xsdbm_v3_0_0_wrfifo_inst/inst_fifo_gen/gconvfifo.rf/grf.rf/gntv_or_sync_fifo.gcx.clkx/gnxpm_cdc.gsync_stage[1].rd_stg_inst/Q_reg_reg[3]
  -------------------------------------------------------------------
                         required time                         32.780    
                         arrival time                          -1.089    
  -------------------------------------------------------------------
                         slack                                 31.691    

Slack (MET) :             31.767ns  (required time - arrival time)
  Source:                 dbg_hub/inst/BSCANID.u_xsdbm_id/CORE_XSDB.UUT_MASTER/U_ICON_INTERFACE/U_CMD6_RD/U_RD_FIFO/SUBCORE_FIFO.xsdbm_v3_0_0_rdfifo_inst/inst_fifo_gen/gconvfifo.rf/grf.rf/gntv_or_sync_fifo.gcx.clkx/gnxpm_cdc.rd_pntr_gc_reg[3]/C
                            (rising edge-triggered cell FDCE clocked by dbg_hub/inst/BSCANID.u_xsdbm_id/SWITCH_N_EXT_BSCAN.bscan_inst/SERIES7_BSCAN.bscan_inst/TCK  {rise@0.000ns fall@16.500ns period=33.000ns})
  Destination:            dbg_hub/inst/BSCANID.u_xsdbm_id/CORE_XSDB.UUT_MASTER/U_ICON_INTERFACE/U_CMD6_RD/U_RD_FIFO/SUBCORE_FIFO.xsdbm_v3_0_0_rdfifo_inst/inst_fifo_gen/gconvfifo.rf/grf.rf/gntv_or_sync_fifo.gcx.clkx/gnxpm_cdc.gsync_stage[1].wr_stg_inst/Q_reg_reg[3]/D
                            (rising edge-triggered cell FDCE clocked by sys_clk_pin  {rise@0.000ns fall@5.000ns period=10.000ns})
  Path Group:             sys_clk_pin
  Path Type:              Setup (Max at Slow Process Corner)
  Requirement:            33.000ns  (MaxDelay Path 33.000ns)
  Data Path Delay:        1.013ns  (logic 0.419ns (41.342%)  route 0.594ns (58.658%))
  Logic Levels:           0  
  Timing Exception:       MaxDelay Path 33.000ns -datapath_only

    Location             Delay type                Incr(ns)  Path(ns)    Netlist Resource(s)
  -------------------------------------------------------------------    -------------------
    SLICE_X17Y49                                      0.000     0.000 r  dbg_hub/inst/BSCANID.u_xsdbm_id/CORE_XSDB.UUT_MASTER/U_ICON_INTERFACE/U_CMD6_RD/U_RD_FIFO/SUBCORE_FIFO.xsdbm_v3_0_0_rdfifo_inst/inst_fifo_gen/gconvfifo.rf/grf.rf/gntv_or_sync_fifo.gcx.clkx/gnxpm_cdc.rd_pntr_gc_reg[3]/C
    SLICE_X17Y49         FDCE (Prop_fdce_C_Q)         0.419     0.419 r  dbg_hub/inst/BSCANID.u_xsdbm_id/CORE_XSDB.UUT_MASTER/U_ICON_INTERFACE/U_CMD6_RD/U_RD_FIFO/SUBCORE_FIFO.xsdbm_v3_0_0_rdfifo_inst/inst_fifo_gen/gconvfifo.rf/grf.rf/gntv_or_sync_fifo.gcx.clkx/gnxpm_cdc.rd_pntr_gc_reg[3]/Q
                         net (fo=1, routed)           0.594     1.013    dbg_hub/inst/BSCANID.u_xsdbm_id/CORE_XSDB.UUT_MASTER/U_ICON_INTERFACE/U_CMD6_RD/U_RD_FIFO/SUBCORE_FIFO.xsdbm_v3_0_0_rdfifo_inst/inst_fifo_gen/gconvfifo.rf/grf.rf/gntv_or_sync_fifo.gcx.clkx/gnxpm_cdc.gsync_stage[1].wr_stg_inst/Q[3]
    SLICE_X16Y49         FDCE                                         r  dbg_hub/inst/BSCANID.u_xsdbm_id/CORE_XSDB.UUT_MASTER/U_ICON_INTERFACE/U_CMD6_RD/U_RD_FIFO/SUBCORE_FIFO.xsdbm_v3_0_0_rdfifo_inst/inst_fifo_gen/gconvfifo.rf/grf.rf/gntv_or_sync_fifo.gcx.clkx/gnxpm_cdc.gsync_stage[1].wr_stg_inst/Q_reg_reg[3]/D
  -------------------------------------------------------------------    -------------------

                         max delay                   33.000    33.000    
    SLICE_X16Y49         FDCE (Setup_fdce_C_D)       -0.220    32.780    dbg_hub/inst/BSCANID.u_xsdbm_id/CORE_XSDB.UUT_MASTER/U_ICON_INTERFACE/U_CMD6_RD/U_RD_FIFO/SUBCORE_FIFO.xsdbm_v3_0_0_rdfifo_inst/inst_fifo_gen/gconvfifo.rf/grf.rf/gntv_or_sync_fifo.gcx.clkx/gnxpm_cdc.gsync_stage[1].wr_stg_inst/Q_reg_reg[3]
  -------------------------------------------------------------------
                         required time                         32.780    
                         arrival time                          -1.013    
  -------------------------------------------------------------------
                         slack                                 31.767    

Slack (MET) :             31.777ns  (required time - arrival time)
  Source:                 dbg_hub/inst/BSCANID.u_xsdbm_id/CORE_XSDB.UUT_MASTER/U_ICON_INTERFACE/U_CMD6_RD/U_RD_FIFO/SUBCORE_FIFO.xsdbm_v3_0_0_rdfifo_inst/inst_fifo_gen/gconvfifo.rf/grf.rf/gntv_or_sync_fifo.gcx.clkx/gnxpm_cdc.rd_pntr_gc_reg[0]/C
                            (rising edge-triggered cell FDCE clocked by dbg_hub/inst/BSCANID.u_xsdbm_id/SWITCH_N_EXT_BSCAN.bscan_inst/SERIES7_BSCAN.bscan_inst/TCK  {rise@0.000ns fall@16.500ns period=33.000ns})
  Destination:            dbg_hub/inst/BSCANID.u_xsdbm_id/CORE_XSDB.UUT_MASTER/U_ICON_INTERFACE/U_CMD6_RD/U_RD_FIFO/SUBCORE_FIFO.xsdbm_v3_0_0_rdfifo_inst/inst_fifo_gen/gconvfifo.rf/grf.rf/gntv_or_sync_fifo.gcx.clkx/gnxpm_cdc.gsync_stage[1].wr_stg_inst/Q_reg_reg[0]/D
                            (rising edge-triggered cell FDCE clocked by sys_clk_pin  {rise@0.000ns fall@5.000ns period=10.000ns})
  Path Group:             sys_clk_pin
  Path Type:              Setup (Max at Slow Process Corner)
  Requirement:            33.000ns  (MaxDelay Path 33.000ns)
  Data Path Delay:        1.004ns  (logic 0.419ns (41.747%)  route 0.585ns (58.253%))
  Logic Levels:           0  
  Timing Exception:       MaxDelay Path 33.000ns -datapath_only

    Location             Delay type                Incr(ns)  Path(ns)    Netlist Resource(s)
  -------------------------------------------------------------------    -------------------
    SLICE_X19Y49                                      0.000     0.000 r  dbg_hub/inst/BSCANID.u_xsdbm_id/CORE_XSDB.UUT_MASTER/U_ICON_INTERFACE/U_CMD6_RD/U_RD_FIFO/SUBCORE_FIFO.xsdbm_v3_0_0_rdfifo_inst/inst_fifo_gen/gconvfifo.rf/grf.rf/gntv_or_sync_fifo.gcx.clkx/gnxpm_cdc.rd_pntr_gc_reg[0]/C
    SLICE_X19Y49         FDCE (Prop_fdce_C_Q)         0.419     0.419 r  dbg_hub/inst/BSCANID.u_xsdbm_id/CORE_XSDB.UUT_MASTER/U_ICON_INTERFACE/U_CMD6_RD/U_RD_FIFO/SUBCORE_FIFO.xsdbm_v3_0_0_rdfifo_inst/inst_fifo_gen/gconvfifo.rf/grf.rf/gntv_or_sync_fifo.gcx.clkx/gnxpm_cdc.rd_pntr_gc_reg[0]/Q
                         net (fo=1, routed)           0.585     1.004    dbg_hub/inst/BSCANID.u_xsdbm_id/CORE_XSDB.UUT_MASTER/U_ICON_INTERFACE/U_CMD6_RD/U_RD_FIFO/SUBCORE_FIFO.xsdbm_v3_0_0_rdfifo_inst/inst_fifo_gen/gconvfifo.rf/grf.rf/gntv_or_sync_fifo.gcx.clkx/gnxpm_cdc.gsync_stage[1].wr_stg_inst/Q[0]
    SLICE_X16Y49         FDCE                                         r  dbg_hub/inst/BSCANID.u_xsdbm_id/CORE_XSDB.UUT_MASTER/U_ICON_INTERFACE/U_CMD6_RD/U_RD_FIFO/SUBCORE_FIFO.xsdbm_v3_0_0_rdfifo_inst/inst_fifo_gen/gconvfifo.rf/grf.rf/gntv_or_sync_fifo.gcx.clkx/gnxpm_cdc.gsync_stage[1].wr_stg_inst/Q_reg_reg[0]/D
  -------------------------------------------------------------------    -------------------

                         max delay                   33.000    33.000    
    SLICE_X16Y49         FDCE (Setup_fdce_C_D)       -0.219    32.781    dbg_hub/inst/BSCANID.u_xsdbm_id/CORE_XSDB.UUT_MASTER/U_ICON_INTERFACE/U_CMD6_RD/U_RD_FIFO/SUBCORE_FIFO.xsdbm_v3_0_0_rdfifo_inst/inst_fifo_gen/gconvfifo.rf/grf.rf/gntv_or_sync_fifo.gcx.clkx/gnxpm_cdc.gsync_stage[1].wr_stg_inst/Q_reg_reg[0]
  -------------------------------------------------------------------
                         required time                         32.781    
                         arrival time                          -1.004    
  -------------------------------------------------------------------
                         slack                                 31.777    

Slack (MET) :             31.783ns  (required time - arrival time)
  Source:                 dbg_hub/inst/BSCANID.u_xsdbm_id/CORE_XSDB.UUT_MASTER/U_ICON_INTERFACE/U_CMD6_WR/U_WR_FIFO/SUBCORE_FIFO.xsdbm_v3_0_0_wrfifo_inst/inst_fifo_gen/gconvfifo.rf/grf.rf/gntv_or_sync_fifo.gcx.clkx/gnxpm_cdc.wr_pntr_gc_reg[0]/C
                            (rising edge-triggered cell FDCE clocked by dbg_hub/inst/BSCANID.u_xsdbm_id/SWITCH_N_EXT_BSCAN.bscan_inst/SERIES7_BSCAN.bscan_inst/TCK  {rise@0.000ns fall@16.500ns period=33.000ns})
  Destination:            dbg_hub/inst/BSCANID.u_xsdbm_id/CORE_XSDB.UUT_MASTER/U_ICON_INTERFACE/U_CMD6_WR/U_WR_FIFO/SUBCORE_FIFO.xsdbm_v3_0_0_wrfifo_inst/inst_fifo_gen/gconvfifo.rf/grf.rf/gntv_or_sync_fifo.gcx.clkx/gnxpm_cdc.gsync_stage[1].rd_stg_inst/Q_reg_reg[0]/D
                            (rising edge-triggered cell FDCE clocked by sys_clk_pin  {rise@0.000ns fall@5.000ns period=10.000ns})
  Path Group:             sys_clk_pin
  Path Type:              Setup (Max at Slow Process Corner)
  Requirement:            33.000ns  (MaxDelay Path 33.000ns)
  Data Path Delay:        1.122ns  (logic 0.456ns (40.635%)  route 0.666ns (59.365%))
  Logic Levels:           0  
  Timing Exception:       MaxDelay Path 33.000ns -datapath_only

    Location             Delay type                Incr(ns)  Path(ns)    Netlist Resource(s)
  -------------------------------------------------------------------    -------------------
    SLICE_X5Y45                                       0.000     0.000 r  dbg_hub/inst/BSCANID.u_xsdbm_id/CORE_XSDB.UUT_MASTER/U_ICON_INTERFACE/U_CMD6_WR/U_WR_FIFO/SUBCORE_FIFO.xsdbm_v3_0_0_wrfifo_inst/inst_fifo_gen/gconvfifo.rf/grf.rf/gntv_or_sync_fifo.gcx.clkx/gnxpm_cdc.wr_pntr_gc_reg[0]/C
    SLICE_X5Y45          FDCE (Prop_fdce_C_Q)         0.456     0.456 r  dbg_hub/inst/BSCANID.u_xsdbm_id/CORE_XSDB.UUT_MASTER/U_ICON_INTERFACE/U_CMD6_WR/U_WR_FIFO/SUBCORE_FIFO.xsdbm_v3_0_0_wrfifo_inst/inst_fifo_gen/gconvfifo.rf/grf.rf/gntv_or_sync_fifo.gcx.clkx/gnxpm_cdc.wr_pntr_gc_reg[0]/Q
                         net (fo=1, routed)           0.666     1.122    dbg_hub/inst/BSCANID.u_xsdbm_id/CORE_XSDB.UUT_MASTER/U_ICON_INTERFACE/U_CMD6_WR/U_WR_FIFO/SUBCORE_FIFO.xsdbm_v3_0_0_wrfifo_inst/inst_fifo_gen/gconvfifo.rf/grf.rf/gntv_or_sync_fifo.gcx.clkx/gnxpm_cdc.gsync_stage[1].rd_stg_inst/Q[0]
    SLICE_X7Y45          FDCE                                         r  dbg_hub/inst/BSCANID.u_xsdbm_id/CORE_XSDB.UUT_MASTER/U_ICON_INTERFACE/U_CMD6_WR/U_WR_FIFO/SUBCORE_FIFO.xsdbm_v3_0_0_wrfifo_inst/inst_fifo_gen/gconvfifo.rf/grf.rf/gntv_or_sync_fifo.gcx.clkx/gnxpm_cdc.gsync_stage[1].rd_stg_inst/Q_reg_reg[0]/D
  -------------------------------------------------------------------    -------------------

                         max delay                   33.000    33.000    
    SLICE_X7Y45          FDCE (Setup_fdce_C_D)       -0.095    32.905    dbg_hub/inst/BSCANID.u_xsdbm_id/CORE_XSDB.UUT_MASTER/U_ICON_INTERFACE/U_CMD6_WR/U_WR_FIFO/SUBCORE_FIFO.xsdbm_v3_0_0_wrfifo_inst/inst_fifo_gen/gconvfifo.rf/grf.rf/gntv_or_sync_fifo.gcx.clkx/gnxpm_cdc.gsync_stage[1].rd_stg_inst/Q_reg_reg[0]
  -------------------------------------------------------------------
                         required time                         32.905    
                         arrival time                          -1.122    
  -------------------------------------------------------------------
                         slack                                 31.783    

Slack (MET) :             31.784ns  (required time - arrival time)
  Source:                 dbg_hub/inst/BSCANID.u_xsdbm_id/CORE_XSDB.UUT_MASTER/U_ICON_INTERFACE/U_CMD6_WR/U_WR_FIFO/SUBCORE_FIFO.xsdbm_v3_0_0_wrfifo_inst/inst_fifo_gen/gconvfifo.rf/grf.rf/gntv_or_sync_fifo.gcx.clkx/gnxpm_cdc.wr_pntr_gc_reg[2]/C
                            (rising edge-triggered cell FDCE clocked by dbg_hub/inst/BSCANID.u_xsdbm_id/SWITCH_N_EXT_BSCAN.bscan_inst/SERIES7_BSCAN.bscan_inst/TCK  {rise@0.000ns fall@16.500ns period=33.000ns})
  Destination:            dbg_hub/inst/BSCANID.u_xsdbm_id/CORE_XSDB.UUT_MASTER/U_ICON_INTERFACE/U_CMD6_WR/U_WR_FIFO/SUBCORE_FIFO.xsdbm_v3_0_0_wrfifo_inst/inst_fifo_gen/gconvfifo.rf/grf.rf/gntv_or_sync_fifo.gcx.clkx/gnxpm_cdc.gsync_stage[1].rd_stg_inst/Q_reg_reg[2]/D
                            (rising edge-triggered cell FDCE clocked by sys_clk_pin  {rise@0.000ns fall@5.000ns period=10.000ns})
  Path Group:             sys_clk_pin
  Path Type:              Setup (Max at Slow Process Corner)
  Requirement:            33.000ns  (MaxDelay Path 33.000ns)
  Data Path Delay:        1.123ns  (logic 0.456ns (40.599%)  route 0.667ns (59.401%))
  Logic Levels:           0  
  Timing Exception:       MaxDelay Path 33.000ns -datapath_only

    Location             Delay type                Incr(ns)  Path(ns)    Netlist Resource(s)
  -------------------------------------------------------------------    -------------------
    SLICE_X5Y45                                       0.000     0.000 r  dbg_hub/inst/BSCANID.u_xsdbm_id/CORE_XSDB.UUT_MASTER/U_ICON_INTERFACE/U_CMD6_WR/U_WR_FIFO/SUBCORE_FIFO.xsdbm_v3_0_0_wrfifo_inst/inst_fifo_gen/gconvfifo.rf/grf.rf/gntv_or_sync_fifo.gcx.clkx/gnxpm_cdc.wr_pntr_gc_reg[2]/C
    SLICE_X5Y45          FDCE (Prop_fdce_C_Q)         0.456     0.456 r  dbg_hub/inst/BSCANID.u_xsdbm_id/CORE_XSDB.UUT_MASTER/U_ICON_INTERFACE/U_CMD6_WR/U_WR_FIFO/SUBCORE_FIFO.xsdbm_v3_0_0_wrfifo_inst/inst_fifo_gen/gconvfifo.rf/grf.rf/gntv_or_sync_fifo.gcx.clkx/gnxpm_cdc.wr_pntr_gc_reg[2]/Q
                         net (fo=1, routed)           0.667     1.123    dbg_hub/inst/BSCANID.u_xsdbm_id/CORE_XSDB.UUT_MASTER/U_ICON_INTERFACE/U_CMD6_WR/U_WR_FIFO/SUBCORE_FIFO.xsdbm_v3_0_0_wrfifo_inst/inst_fifo_gen/gconvfifo.rf/grf.rf/gntv_or_sync_fifo.gcx.clkx/gnxpm_cdc.gsync_stage[1].rd_stg_inst/Q[2]
    SLICE_X7Y45          FDCE                                         r  dbg_hub/inst/BSCANID.u_xsdbm_id/CORE_XSDB.UUT_MASTER/U_ICON_INTERFACE/U_CMD6_WR/U_WR_FIFO/SUBCORE_FIFO.xsdbm_v3_0_0_wrfifo_inst/inst_fifo_gen/gconvfifo.rf/grf.rf/gntv_or_sync_fifo.gcx.clkx/gnxpm_cdc.gsync_stage[1].rd_stg_inst/Q_reg_reg[2]/D
  -------------------------------------------------------------------    -------------------

                         max delay                   33.000    33.000    
    SLICE_X7Y45          FDCE (Setup_fdce_C_D)       -0.093    32.907    dbg_hub/inst/BSCANID.u_xsdbm_id/CORE_XSDB.UUT_MASTER/U_ICON_INTERFACE/U_CMD6_WR/U_WR_FIFO/SUBCORE_FIFO.xsdbm_v3_0_0_wrfifo_inst/inst_fifo_gen/gconvfifo.rf/grf.rf/gntv_or_sync_fifo.gcx.clkx/gnxpm_cdc.gsync_stage[1].rd_stg_inst/Q_reg_reg[2]
  -------------------------------------------------------------------
                         required time                         32.907    
                         arrival time                          -1.123    
  -------------------------------------------------------------------
                         slack                                 31.784    

Slack (MET) :             31.811ns  (required time - arrival time)
  Source:                 dbg_hub/inst/BSCANID.u_xsdbm_id/CORE_XSDB.UUT_MASTER/U_ICON_INTERFACE/U_CMD6_RD/U_RD_FIFO/SUBCORE_FIFO.xsdbm_v3_0_0_rdfifo_inst/inst_fifo_gen/gconvfifo.rf/grf.rf/gntv_or_sync_fifo.gcx.clkx/gnxpm_cdc.rd_pntr_gc_reg[1]/C
                            (rising edge-triggered cell FDCE clocked by dbg_hub/inst/BSCANID.u_xsdbm_id/SWITCH_N_EXT_BSCAN.bscan_inst/SERIES7_BSCAN.bscan_inst/TCK  {rise@0.000ns fall@16.500ns period=33.000ns})
  Destination:            dbg_hub/inst/BSCANID.u_xsdbm_id/CORE_XSDB.UUT_MASTER/U_ICON_INTERFACE/U_CMD6_RD/U_RD_FIFO/SUBCORE_FIFO.xsdbm_v3_0_0_rdfifo_inst/inst_fifo_gen/gconvfifo.rf/grf.rf/gntv_or_sync_fifo.gcx.clkx/gnxpm_cdc.gsync_stage[1].wr_stg_inst/Q_reg_reg[1]/D
                            (rising edge-triggered cell FDCE clocked by sys_clk_pin  {rise@0.000ns fall@5.000ns period=10.000ns})
  Path Group:             sys_clk_pin
  Path Type:              Setup (Max at Slow Process Corner)
  Requirement:            33.000ns  (MaxDelay Path 33.000ns)
  Data Path Delay:        1.094ns  (logic 0.456ns (41.682%)  route 0.638ns (58.318%))
  Logic Levels:           0  
  Timing Exception:       MaxDelay Path 33.000ns -datapath_only

    Location             Delay type                Incr(ns)  Path(ns)    Netlist Resource(s)
  -------------------------------------------------------------------    -------------------
    SLICE_X17Y49                                      0.000     0.000 r  dbg_hub/inst/BSCANID.u_xsdbm_id/CORE_XSDB.UUT_MASTER/U_ICON_INTERFACE/U_CMD6_RD/U_RD_FIFO/SUBCORE_FIFO.xsdbm_v3_0_0_rdfifo_inst/inst_fifo_gen/gconvfifo.rf/grf.rf/gntv_or_sync_fifo.gcx.clkx/gnxpm_cdc.rd_pntr_gc_reg[1]/C
    SLICE_X17Y49         FDCE (Prop_fdce_C_Q)         0.456     0.456 r  dbg_hub/inst/BSCANID.u_xsdbm_id/CORE_XSDB.UUT_MASTER/U_ICON_INTERFACE/U_CMD6_RD/U_RD_FIFO/SUBCORE_FIFO.xsdbm_v3_0_0_rdfifo_inst/inst_fifo_gen/gconvfifo.rf/grf.rf/gntv_or_sync_fifo.gcx.clkx/gnxpm_cdc.rd_pntr_gc_reg[1]/Q
                         net (fo=1, routed)           0.638     1.094    dbg_hub/inst/BSCANID.u_xsdbm_id/CORE_XSDB.UUT_MASTER/U_ICON_INTERFACE/U_CMD6_RD/U_RD_FIFO/SUBCORE_FIFO.xsdbm_v3_0_0_rdfifo_inst/inst_fifo_gen/gconvfifo.rf/grf.rf/gntv_or_sync_fifo.gcx.clkx/gnxpm_cdc.gsync_stage[1].wr_stg_inst/Q[1]
    SLICE_X14Y49         FDCE                                         r  dbg_hub/inst/BSCANID.u_xsdbm_id/CORE_XSDB.UUT_MASTER/U_ICON_INTERFACE/U_CMD6_RD/U_RD_FIFO/SUBCORE_FIFO.xsdbm_v3_0_0_rdfifo_inst/inst_fifo_gen/gconvfifo.rf/grf.rf/gntv_or_sync_fifo.gcx.clkx/gnxpm_cdc.gsync_stage[1].wr_stg_inst/Q_reg_reg[1]/D
  -------------------------------------------------------------------    -------------------

                         max delay                   33.000    33.000    
    SLICE_X14Y49         FDCE (Setup_fdce_C_D)       -0.095    32.905    dbg_hub/inst/BSCANID.u_xsdbm_id/CORE_XSDB.UUT_MASTER/U_ICON_INTERFACE/U_CMD6_RD/U_RD_FIFO/SUBCORE_FIFO.xsdbm_v3_0_0_rdfifo_inst/inst_fifo_gen/gconvfifo.rf/grf.rf/gntv_or_sync_fifo.gcx.clkx/gnxpm_cdc.gsync_stage[1].wr_stg_inst/Q_reg_reg[1]
  -------------------------------------------------------------------
                         required time                         32.905    
                         arrival time                          -1.094    
  -------------------------------------------------------------------
                         slack                                 31.811    

Slack (MET) :             31.922ns  (required time - arrival time)
  Source:                 dbg_hub/inst/BSCANID.u_xsdbm_id/CORE_XSDB.UUT_MASTER/U_ICON_INTERFACE/U_CMD6_RD/U_RD_FIFO/SUBCORE_FIFO.xsdbm_v3_0_0_rdfifo_inst/inst_fifo_gen/gconvfifo.rf/grf.rf/gntv_or_sync_fifo.gcx.clkx/gnxpm_cdc.rd_pntr_gc_reg[2]/C
                            (rising edge-triggered cell FDCE clocked by dbg_hub/inst/BSCANID.u_xsdbm_id/SWITCH_N_EXT_BSCAN.bscan_inst/SERIES7_BSCAN.bscan_inst/TCK  {rise@0.000ns fall@16.500ns period=33.000ns})
  Destination:            dbg_hub/inst/BSCANID.u_xsdbm_id/CORE_XSDB.UUT_MASTER/U_ICON_INTERFACE/U_CMD6_RD/U_RD_FIFO/SUBCORE_FIFO.xsdbm_v3_0_0_rdfifo_inst/inst_fifo_gen/gconvfifo.rf/grf.rf/gntv_or_sync_fifo.gcx.clkx/gnxpm_cdc.gsync_stage[1].wr_stg_inst/Q_reg_reg[2]/D
                            (rising edge-triggered cell FDCE clocked by sys_clk_pin  {rise@0.000ns fall@5.000ns period=10.000ns})
  Path Group:             sys_clk_pin
  Path Type:              Setup (Max at Slow Process Corner)
  Requirement:            33.000ns  (MaxDelay Path 33.000ns)
  Data Path Delay:        1.035ns  (logic 0.456ns (44.040%)  route 0.579ns (55.960%))
  Logic Levels:           0  
  Timing Exception:       MaxDelay Path 33.000ns -datapath_only

    Location             Delay type                Incr(ns)  Path(ns)    Netlist Resource(s)
  -------------------------------------------------------------------    -------------------
    SLICE_X19Y49                                      0.000     0.000 r  dbg_hub/inst/BSCANID.u_xsdbm_id/CORE_XSDB.UUT_MASTER/U_ICON_INTERFACE/U_CMD6_RD/U_RD_FIFO/SUBCORE_FIFO.xsdbm_v3_0_0_rdfifo_inst/inst_fifo_gen/gconvfifo.rf/grf.rf/gntv_or_sync_fifo.gcx.clkx/gnxpm_cdc.rd_pntr_gc_reg[2]/C
    SLICE_X19Y49         FDCE (Prop_fdce_C_Q)         0.456     0.456 r  dbg_hub/inst/BSCANID.u_xsdbm_id/CORE_XSDB.UUT_MASTER/U_ICON_INTERFACE/U_CMD6_RD/U_RD_FIFO/SUBCORE_FIFO.xsdbm_v3_0_0_rdfifo_inst/inst_fifo_gen/gconvfifo.rf/grf.rf/gntv_or_sync_fifo.gcx.clkx/gnxpm_cdc.rd_pntr_gc_reg[2]/Q
                         net (fo=1, routed)           0.579     1.035    dbg_hub/inst/BSCANID.u_xsdbm_id/CORE_XSDB.UUT_MASTER/U_ICON_INTERFACE/U_CMD6_RD/U_RD_FIFO/SUBCORE_FIFO.xsdbm_v3_0_0_rdfifo_inst/inst_fifo_gen/gconvfifo.rf/grf.rf/gntv_or_sync_fifo.gcx.clkx/gnxpm_cdc.gsync_stage[1].wr_stg_inst/Q[2]
    SLICE_X16Y49         FDCE                                         r  dbg_hub/inst/BSCANID.u_xsdbm_id/CORE_XSDB.UUT_MASTER/U_ICON_INTERFACE/U_CMD6_RD/U_RD_FIFO/SUBCORE_FIFO.xsdbm_v3_0_0_rdfifo_inst/inst_fifo_gen/gconvfifo.rf/grf.rf/gntv_or_sync_fifo.gcx.clkx/gnxpm_cdc.gsync_stage[1].wr_stg_inst/Q_reg_reg[2]/D
  -------------------------------------------------------------------    -------------------

                         max delay                   33.000    33.000    
    SLICE_X16Y49         FDCE (Setup_fdce_C_D)       -0.043    32.957    dbg_hub/inst/BSCANID.u_xsdbm_id/CORE_XSDB.UUT_MASTER/U_ICON_INTERFACE/U_CMD6_RD/U_RD_FIFO/SUBCORE_FIFO.xsdbm_v3_0_0_rdfifo_inst/inst_fifo_gen/gconvfifo.rf/grf.rf/gntv_or_sync_fifo.gcx.clkx/gnxpm_cdc.gsync_stage[1].wr_stg_inst/Q_reg_reg[2]
  -------------------------------------------------------------------
                         required time                         32.957    
                         arrival time                          -1.035    
  -------------------------------------------------------------------
                         slack                                 31.922    





---------------------------------------------------------------------------------------------------
Path Group:  **async_default**
From Clock:  dbg_hub/inst/BSCANID.u_xsdbm_id/SWITCH_N_EXT_BSCAN.bscan_inst/SERIES7_BSCAN.bscan_inst/TCK
  To Clock:  dbg_hub/inst/BSCANID.u_xsdbm_id/SWITCH_N_EXT_BSCAN.bscan_inst/SERIES7_BSCAN.bscan_inst/TCK

Setup :            0  Failing Endpoints,  Worst Slack       28.330ns,  Total Violation        0.000ns
Hold  :            0  Failing Endpoints,  Worst Slack        0.177ns,  Total Violation        0.000ns
---------------------------------------------------------------------------------------------------


Max Delay Paths
--------------------------------------------------------------------------------------
Slack (MET) :             28.330ns  (required time - arrival time)
  Source:                 dbg_hub/inst/BSCANID.u_xsdbm_id/SWITCH_N_EXT_BSCAN.bscan_switch/portno_reg[4]/C
                            (rising edge-triggered cell FDRE clocked by dbg_hub/inst/BSCANID.u_xsdbm_id/SWITCH_N_EXT_BSCAN.bscan_inst/SERIES7_BSCAN.bscan_inst/TCK  {rise@0.000ns fall@16.500ns period=33.000ns})
  Destination:            dbg_hub/inst/BSCANID.u_xsdbm_id/CORE_XSDB.U_ICON/U_CMD/iTARGET_reg[10]/CLR
                            (recovery check against rising-edge clock dbg_hub/inst/BSCANID.u_xsdbm_id/SWITCH_N_EXT_BSCAN.bscan_inst/SERIES7_BSCAN.bscan_inst/TCK  {rise@0.000ns fall@16.500ns period=33.000ns})
  Path Group:             **async_default**
  Path Type:              Recovery (Max at Slow Process Corner)
  Requirement:            33.000ns  (dbg_hub/inst/BSCANID.u_xsdbm_id/SWITCH_N_EXT_BSCAN.bscan_inst/SERIES7_BSCAN.bscan_inst/TCK rise@33.000ns - dbg_hub/inst/BSCANID.u_xsdbm_id/SWITCH_N_EXT_BSCAN.bscan_inst/SERIES7_BSCAN.bscan_inst/TCK rise@0.000ns)
  Data Path Delay:        4.205ns  (logic 1.058ns (25.160%)  route 3.147ns (74.840%))
  Logic Levels:           3  (LUT1=1 LUT4=1 LUT6=1)
  Clock Path Skew:        -0.025ns (DCD - SCD + CPR)
    Destination Clock Delay (DCD):    3.072ns = ( 36.072 - 33.000 ) 
    Source Clock Delay      (SCD):    3.507ns
    Clock Pessimism Removal (CPR):    0.410ns
  Clock Uncertainty:      0.035ns  ((TSJ^2 + TIJ^2)^1/2 + DJ) / 2 + PE
    Total System Jitter     (TSJ):    0.071ns
    Total Input Jitter      (TIJ):    0.000ns
    Discrete Jitter          (DJ):    0.000ns
    Phase Error              (PE):    0.000ns

    Location             Delay type                Incr(ns)  Path(ns)    Netlist Resource(s)
  -------------------------------------------------------------------    -------------------
                         (clock dbg_hub/inst/BSCANID.u_xsdbm_id/SWITCH_N_EXT_BSCAN.bscan_inst/SERIES7_BSCAN.bscan_inst/TCK rise edge)
                                                      0.000     0.000 r  
    BSCAN_X0Y0           BSCANE2                      0.000     0.000 r  dbg_hub/inst/BSCANID.u_xsdbm_id/SWITCH_N_EXT_BSCAN.bscan_inst/SERIES7_BSCAN.bscan_inst/TCK
                         net (fo=1, routed)           1.741     1.741    dbg_hub/inst/BSCANID.u_xsdbm_id/tck_bs
    BUFGCTRL_X0Y0        BUFG (Prop_bufg_I_O)         0.101     1.842 r  dbg_hub/inst/BSCANID.u_xsdbm_id/SWITCH_N_EXT_BSCAN.u_bufg_icon_tck/O
                         net (fo=482, routed)         1.665     3.507    dbg_hub/inst/BSCANID.u_xsdbm_id/SWITCH_N_EXT_BSCAN.bscan_switch/s_bscan_tck
    SLICE_X14Y56         FDRE                                         r  dbg_hub/inst/BSCANID.u_xsdbm_id/SWITCH_N_EXT_BSCAN.bscan_switch/portno_reg[4]/C
  -------------------------------------------------------------------    -------------------
    SLICE_X14Y56         FDRE (Prop_fdre_C_Q)         0.456     3.963 f  dbg_hub/inst/BSCANID.u_xsdbm_id/SWITCH_N_EXT_BSCAN.bscan_switch/portno_reg[4]/Q
                         net (fo=1, routed)           1.109     5.072    dbg_hub/inst/BSCANID.u_xsdbm_id/SWITCH_N_EXT_BSCAN.bscan_switch/portno[4]
    SLICE_X14Y56         LUT6 (Prop_lut6_I4_O)        0.124     5.196 f  dbg_hub/inst/BSCANID.u_xsdbm_id/SWITCH_N_EXT_BSCAN.bscan_switch/m_bscan_drck[0]_INST_0_i_1/O
                         net (fo=5, routed)           0.978     6.175    dbg_hub/inst/BSCANID.u_xsdbm_id/SWITCH_N_EXT_BSCAN.bscan_switch/m_bscan_drck[0]_INST_0_i_1_n_0
    SLICE_X13Y55         LUT4 (Prop_lut4_I3_O)        0.152     6.327 r  dbg_hub/inst/BSCANID.u_xsdbm_id/SWITCH_N_EXT_BSCAN.bscan_switch/m_bscan_sel[0]_INST_0/O
                         net (fo=2, routed)           0.483     6.809    dbg_hub/inst/BSCANID.u_xsdbm_id/CORE_XSDB.U_ICON/U_CMD/iTARGET_reg[6]_0
    SLICE_X16Y55         LUT1 (Prop_lut1_I0_O)        0.326     7.135 f  dbg_hub/inst/BSCANID.u_xsdbm_id/CORE_XSDB.U_ICON/U_CMD/iTARGET[15]_i_2/O
                         net (fo=10, routed)          0.577     7.712    dbg_hub/inst/BSCANID.u_xsdbm_id/CORE_XSDB.U_ICON/U_CMD/iSEL_n
    SLICE_X14Y55         FDCE                                         f  dbg_hub/inst/BSCANID.u_xsdbm_id/CORE_XSDB.U_ICON/U_CMD/iTARGET_reg[10]/CLR
  -------------------------------------------------------------------    -------------------

                         (clock dbg_hub/inst/BSCANID.u_xsdbm_id/SWITCH_N_EXT_BSCAN.bscan_inst/SERIES7_BSCAN.bscan_inst/TCK rise edge)
                                                     33.000    33.000 r  
    BSCAN_X0Y0           BSCANE2                      0.000    33.000 r  dbg_hub/inst/BSCANID.u_xsdbm_id/SWITCH_N_EXT_BSCAN.bscan_inst/SERIES7_BSCAN.bscan_inst/TCK
                         net (fo=1, routed)           1.490    34.490    dbg_hub/inst/BSCANID.u_xsdbm_id/tck_bs
    BUFGCTRL_X0Y0        BUFG (Prop_bufg_I_O)         0.091    34.581 r  dbg_hub/inst/BSCANID.u_xsdbm_id/SWITCH_N_EXT_BSCAN.u_bufg_icon_tck/O
                         net (fo=482, routed)         1.491    36.072    dbg_hub/inst/BSCANID.u_xsdbm_id/CORE_XSDB.U_ICON/U_CMD/m_bscan_tck[0]
    SLICE_X14Y55         FDCE                                         r  dbg_hub/inst/BSCANID.u_xsdbm_id/CORE_XSDB.U_ICON/U_CMD/iTARGET_reg[10]/C
                         clock pessimism              0.410    36.482    
                         clock uncertainty           -0.035    36.447    
    SLICE_X14Y55         FDCE (Recov_fdce_C_CLR)     -0.405    36.042    dbg_hub/inst/BSCANID.u_xsdbm_id/CORE_XSDB.U_ICON/U_CMD/iTARGET_reg[10]
  -------------------------------------------------------------------
                         required time                         36.042    
                         arrival time                          -7.712    
  -------------------------------------------------------------------
                         slack                                 28.330    

Slack (MET) :             28.330ns  (required time - arrival time)
  Source:                 dbg_hub/inst/BSCANID.u_xsdbm_id/SWITCH_N_EXT_BSCAN.bscan_switch/portno_reg[4]/C
                            (rising edge-triggered cell FDRE clocked by dbg_hub/inst/BSCANID.u_xsdbm_id/SWITCH_N_EXT_BSCAN.bscan_inst/SERIES7_BSCAN.bscan_inst/TCK  {rise@0.000ns fall@16.500ns period=33.000ns})
  Destination:            dbg_hub/inst/BSCANID.u_xsdbm_id/CORE_XSDB.U_ICON/U_CMD/iTARGET_reg[6]/CLR
                            (recovery check against rising-edge clock dbg_hub/inst/BSCANID.u_xsdbm_id/SWITCH_N_EXT_BSCAN.bscan_inst/SERIES7_BSCAN.bscan_inst/TCK  {rise@0.000ns fall@16.500ns period=33.000ns})
  Path Group:             **async_default**
  Path Type:              Recovery (Max at Slow Process Corner)
  Requirement:            33.000ns  (dbg_hub/inst/BSCANID.u_xsdbm_id/SWITCH_N_EXT_BSCAN.bscan_inst/SERIES7_BSCAN.bscan_inst/TCK rise@33.000ns - dbg_hub/inst/BSCANID.u_xsdbm_id/SWITCH_N_EXT_BSCAN.bscan_inst/SERIES7_BSCAN.bscan_inst/TCK rise@0.000ns)
  Data Path Delay:        4.205ns  (logic 1.058ns (25.160%)  route 3.147ns (74.840%))
  Logic Levels:           3  (LUT1=1 LUT4=1 LUT6=1)
  Clock Path Skew:        -0.025ns (DCD - SCD + CPR)
    Destination Clock Delay (DCD):    3.072ns = ( 36.072 - 33.000 ) 
    Source Clock Delay      (SCD):    3.507ns
    Clock Pessimism Removal (CPR):    0.410ns
  Clock Uncertainty:      0.035ns  ((TSJ^2 + TIJ^2)^1/2 + DJ) / 2 + PE
    Total System Jitter     (TSJ):    0.071ns
    Total Input Jitter      (TIJ):    0.000ns
    Discrete Jitter          (DJ):    0.000ns
    Phase Error              (PE):    0.000ns

    Location             Delay type                Incr(ns)  Path(ns)    Netlist Resource(s)
  -------------------------------------------------------------------    -------------------
                         (clock dbg_hub/inst/BSCANID.u_xsdbm_id/SWITCH_N_EXT_BSCAN.bscan_inst/SERIES7_BSCAN.bscan_inst/TCK rise edge)
                                                      0.000     0.000 r  
    BSCAN_X0Y0           BSCANE2                      0.000     0.000 r  dbg_hub/inst/BSCANID.u_xsdbm_id/SWITCH_N_EXT_BSCAN.bscan_inst/SERIES7_BSCAN.bscan_inst/TCK
                         net (fo=1, routed)           1.741     1.741    dbg_hub/inst/BSCANID.u_xsdbm_id/tck_bs
    BUFGCTRL_X0Y0        BUFG (Prop_bufg_I_O)         0.101     1.842 r  dbg_hub/inst/BSCANID.u_xsdbm_id/SWITCH_N_EXT_BSCAN.u_bufg_icon_tck/O
                         net (fo=482, routed)         1.665     3.507    dbg_hub/inst/BSCANID.u_xsdbm_id/SWITCH_N_EXT_BSCAN.bscan_switch/s_bscan_tck
    SLICE_X14Y56         FDRE                                         r  dbg_hub/inst/BSCANID.u_xsdbm_id/SWITCH_N_EXT_BSCAN.bscan_switch/portno_reg[4]/C
  -------------------------------------------------------------------    -------------------
    SLICE_X14Y56         FDRE (Prop_fdre_C_Q)         0.456     3.963 f  dbg_hub/inst/BSCANID.u_xsdbm_id/SWITCH_N_EXT_BSCAN.bscan_switch/portno_reg[4]/Q
                         net (fo=1, routed)           1.109     5.072    dbg_hub/inst/BSCANID.u_xsdbm_id/SWITCH_N_EXT_BSCAN.bscan_switch/portno[4]
    SLICE_X14Y56         LUT6 (Prop_lut6_I4_O)        0.124     5.196 f  dbg_hub/inst/BSCANID.u_xsdbm_id/SWITCH_N_EXT_BSCAN.bscan_switch/m_bscan_drck[0]_INST_0_i_1/O
                         net (fo=5, routed)           0.978     6.175    dbg_hub/inst/BSCANID.u_xsdbm_id/SWITCH_N_EXT_BSCAN.bscan_switch/m_bscan_drck[0]_INST_0_i_1_n_0
    SLICE_X13Y55         LUT4 (Prop_lut4_I3_O)        0.152     6.327 r  dbg_hub/inst/BSCANID.u_xsdbm_id/SWITCH_N_EXT_BSCAN.bscan_switch/m_bscan_sel[0]_INST_0/O
                         net (fo=2, routed)           0.483     6.809    dbg_hub/inst/BSCANID.u_xsdbm_id/CORE_XSDB.U_ICON/U_CMD/iTARGET_reg[6]_0
    SLICE_X16Y55         LUT1 (Prop_lut1_I0_O)        0.326     7.135 f  dbg_hub/inst/BSCANID.u_xsdbm_id/CORE_XSDB.U_ICON/U_CMD/iTARGET[15]_i_2/O
                         net (fo=10, routed)          0.577     7.712    dbg_hub/inst/BSCANID.u_xsdbm_id/CORE_XSDB.U_ICON/U_CMD/iSEL_n
    SLICE_X14Y55         FDCE                                         f  dbg_hub/inst/BSCANID.u_xsdbm_id/CORE_XSDB.U_ICON/U_CMD/iTARGET_reg[6]/CLR
  -------------------------------------------------------------------    -------------------

                         (clock dbg_hub/inst/BSCANID.u_xsdbm_id/SWITCH_N_EXT_BSCAN.bscan_inst/SERIES7_BSCAN.bscan_inst/TCK rise edge)
                                                     33.000    33.000 r  
    BSCAN_X0Y0           BSCANE2                      0.000    33.000 r  dbg_hub/inst/BSCANID.u_xsdbm_id/SWITCH_N_EXT_BSCAN.bscan_inst/SERIES7_BSCAN.bscan_inst/TCK
                         net (fo=1, routed)           1.490    34.490    dbg_hub/inst/BSCANID.u_xsdbm_id/tck_bs
    BUFGCTRL_X0Y0        BUFG (Prop_bufg_I_O)         0.091    34.581 r  dbg_hub/inst/BSCANID.u_xsdbm_id/SWITCH_N_EXT_BSCAN.u_bufg_icon_tck/O
                         net (fo=482, routed)         1.491    36.072    dbg_hub/inst/BSCANID.u_xsdbm_id/CORE_XSDB.U_ICON/U_CMD/m_bscan_tck[0]
    SLICE_X14Y55         FDCE                                         r  dbg_hub/inst/BSCANID.u_xsdbm_id/CORE_XSDB.U_ICON/U_CMD/iTARGET_reg[6]/C
                         clock pessimism              0.410    36.482    
                         clock uncertainty           -0.035    36.447    
    SLICE_X14Y55         FDCE (Recov_fdce_C_CLR)     -0.405    36.042    dbg_hub/inst/BSCANID.u_xsdbm_id/CORE_XSDB.U_ICON/U_CMD/iTARGET_reg[6]
  -------------------------------------------------------------------
                         required time                         36.042    
                         arrival time                          -7.712    
  -------------------------------------------------------------------
                         slack                                 28.330    

Slack (MET) :             28.330ns  (required time - arrival time)
  Source:                 dbg_hub/inst/BSCANID.u_xsdbm_id/SWITCH_N_EXT_BSCAN.bscan_switch/portno_reg[4]/C
                            (rising edge-triggered cell FDRE clocked by dbg_hub/inst/BSCANID.u_xsdbm_id/SWITCH_N_EXT_BSCAN.bscan_inst/SERIES7_BSCAN.bscan_inst/TCK  {rise@0.000ns fall@16.500ns period=33.000ns})
  Destination:            dbg_hub/inst/BSCANID.u_xsdbm_id/CORE_XSDB.U_ICON/U_CMD/iTARGET_reg[7]/CLR
                            (recovery check against rising-edge clock dbg_hub/inst/BSCANID.u_xsdbm_id/SWITCH_N_EXT_BSCAN.bscan_inst/SERIES7_BSCAN.bscan_inst/TCK  {rise@0.000ns fall@16.500ns period=33.000ns})
  Path Group:             **async_default**
  Path Type:              Recovery (Max at Slow Process Corner)
  Requirement:            33.000ns  (dbg_hub/inst/BSCANID.u_xsdbm_id/SWITCH_N_EXT_BSCAN.bscan_inst/SERIES7_BSCAN.bscan_inst/TCK rise@33.000ns - dbg_hub/inst/BSCANID.u_xsdbm_id/SWITCH_N_EXT_BSCAN.bscan_inst/SERIES7_BSCAN.bscan_inst/TCK rise@0.000ns)
  Data Path Delay:        4.205ns  (logic 1.058ns (25.160%)  route 3.147ns (74.840%))
  Logic Levels:           3  (LUT1=1 LUT4=1 LUT6=1)
  Clock Path Skew:        -0.025ns (DCD - SCD + CPR)
    Destination Clock Delay (DCD):    3.072ns = ( 36.072 - 33.000 ) 
    Source Clock Delay      (SCD):    3.507ns
    Clock Pessimism Removal (CPR):    0.410ns
  Clock Uncertainty:      0.035ns  ((TSJ^2 + TIJ^2)^1/2 + DJ) / 2 + PE
    Total System Jitter     (TSJ):    0.071ns
    Total Input Jitter      (TIJ):    0.000ns
    Discrete Jitter          (DJ):    0.000ns
    Phase Error              (PE):    0.000ns

    Location             Delay type                Incr(ns)  Path(ns)    Netlist Resource(s)
  -------------------------------------------------------------------    -------------------
                         (clock dbg_hub/inst/BSCANID.u_xsdbm_id/SWITCH_N_EXT_BSCAN.bscan_inst/SERIES7_BSCAN.bscan_inst/TCK rise edge)
                                                      0.000     0.000 r  
    BSCAN_X0Y0           BSCANE2                      0.000     0.000 r  dbg_hub/inst/BSCANID.u_xsdbm_id/SWITCH_N_EXT_BSCAN.bscan_inst/SERIES7_BSCAN.bscan_inst/TCK
                         net (fo=1, routed)           1.741     1.741    dbg_hub/inst/BSCANID.u_xsdbm_id/tck_bs
    BUFGCTRL_X0Y0        BUFG (Prop_bufg_I_O)         0.101     1.842 r  dbg_hub/inst/BSCANID.u_xsdbm_id/SWITCH_N_EXT_BSCAN.u_bufg_icon_tck/O
                         net (fo=482, routed)         1.665     3.507    dbg_hub/inst/BSCANID.u_xsdbm_id/SWITCH_N_EXT_BSCAN.bscan_switch/s_bscan_tck
    SLICE_X14Y56         FDRE                                         r  dbg_hub/inst/BSCANID.u_xsdbm_id/SWITCH_N_EXT_BSCAN.bscan_switch/portno_reg[4]/C
  -------------------------------------------------------------------    -------------------
    SLICE_X14Y56         FDRE (Prop_fdre_C_Q)         0.456     3.963 f  dbg_hub/inst/BSCANID.u_xsdbm_id/SWITCH_N_EXT_BSCAN.bscan_switch/portno_reg[4]/Q
                         net (fo=1, routed)           1.109     5.072    dbg_hub/inst/BSCANID.u_xsdbm_id/SWITCH_N_EXT_BSCAN.bscan_switch/portno[4]
    SLICE_X14Y56         LUT6 (Prop_lut6_I4_O)        0.124     5.196 f  dbg_hub/inst/BSCANID.u_xsdbm_id/SWITCH_N_EXT_BSCAN.bscan_switch/m_bscan_drck[0]_INST_0_i_1/O
                         net (fo=5, routed)           0.978     6.175    dbg_hub/inst/BSCANID.u_xsdbm_id/SWITCH_N_EXT_BSCAN.bscan_switch/m_bscan_drck[0]_INST_0_i_1_n_0
    SLICE_X13Y55         LUT4 (Prop_lut4_I3_O)        0.152     6.327 r  dbg_hub/inst/BSCANID.u_xsdbm_id/SWITCH_N_EXT_BSCAN.bscan_switch/m_bscan_sel[0]_INST_0/O
                         net (fo=2, routed)           0.483     6.809    dbg_hub/inst/BSCANID.u_xsdbm_id/CORE_XSDB.U_ICON/U_CMD/iTARGET_reg[6]_0
    SLICE_X16Y55         LUT1 (Prop_lut1_I0_O)        0.326     7.135 f  dbg_hub/inst/BSCANID.u_xsdbm_id/CORE_XSDB.U_ICON/U_CMD/iTARGET[15]_i_2/O
                         net (fo=10, routed)          0.577     7.712    dbg_hub/inst/BSCANID.u_xsdbm_id/CORE_XSDB.U_ICON/U_CMD/iSEL_n
    SLICE_X14Y55         FDCE                                         f  dbg_hub/inst/BSCANID.u_xsdbm_id/CORE_XSDB.U_ICON/U_CMD/iTARGET_reg[7]/CLR
  -------------------------------------------------------------------    -------------------

                         (clock dbg_hub/inst/BSCANID.u_xsdbm_id/SWITCH_N_EXT_BSCAN.bscan_inst/SERIES7_BSCAN.bscan_inst/TCK rise edge)
                                                     33.000    33.000 r  
    BSCAN_X0Y0           BSCANE2                      0.000    33.000 r  dbg_hub/inst/BSCANID.u_xsdbm_id/SWITCH_N_EXT_BSCAN.bscan_inst/SERIES7_BSCAN.bscan_inst/TCK
                         net (fo=1, routed)           1.490    34.490    dbg_hub/inst/BSCANID.u_xsdbm_id/tck_bs
    BUFGCTRL_X0Y0        BUFG (Prop_bufg_I_O)         0.091    34.581 r  dbg_hub/inst/BSCANID.u_xsdbm_id/SWITCH_N_EXT_BSCAN.u_bufg_icon_tck/O
                         net (fo=482, routed)         1.491    36.072    dbg_hub/inst/BSCANID.u_xsdbm_id/CORE_XSDB.U_ICON/U_CMD/m_bscan_tck[0]
    SLICE_X14Y55         FDCE                                         r  dbg_hub/inst/BSCANID.u_xsdbm_id/CORE_XSDB.U_ICON/U_CMD/iTARGET_reg[7]/C
                         clock pessimism              0.410    36.482    
                         clock uncertainty           -0.035    36.447    
    SLICE_X14Y55         FDCE (Recov_fdce_C_CLR)     -0.405    36.042    dbg_hub/inst/BSCANID.u_xsdbm_id/CORE_XSDB.U_ICON/U_CMD/iTARGET_reg[7]
  -------------------------------------------------------------------
                         required time                         36.042    
                         arrival time                          -7.712    
  -------------------------------------------------------------------
                         slack                                 28.330    

Slack (MET) :             28.330ns  (required time - arrival time)
  Source:                 dbg_hub/inst/BSCANID.u_xsdbm_id/SWITCH_N_EXT_BSCAN.bscan_switch/portno_reg[4]/C
                            (rising edge-triggered cell FDRE clocked by dbg_hub/inst/BSCANID.u_xsdbm_id/SWITCH_N_EXT_BSCAN.bscan_inst/SERIES7_BSCAN.bscan_inst/TCK  {rise@0.000ns fall@16.500ns period=33.000ns})
  Destination:            dbg_hub/inst/BSCANID.u_xsdbm_id/CORE_XSDB.U_ICON/U_CMD/iTARGET_reg[8]/CLR
                            (recovery check against rising-edge clock dbg_hub/inst/BSCANID.u_xsdbm_id/SWITCH_N_EXT_BSCAN.bscan_inst/SERIES7_BSCAN.bscan_inst/TCK  {rise@0.000ns fall@16.500ns period=33.000ns})
  Path Group:             **async_default**
  Path Type:              Recovery (Max at Slow Process Corner)
  Requirement:            33.000ns  (dbg_hub/inst/BSCANID.u_xsdbm_id/SWITCH_N_EXT_BSCAN.bscan_inst/SERIES7_BSCAN.bscan_inst/TCK rise@33.000ns - dbg_hub/inst/BSCANID.u_xsdbm_id/SWITCH_N_EXT_BSCAN.bscan_inst/SERIES7_BSCAN.bscan_inst/TCK rise@0.000ns)
  Data Path Delay:        4.205ns  (logic 1.058ns (25.160%)  route 3.147ns (74.840%))
  Logic Levels:           3  (LUT1=1 LUT4=1 LUT6=1)
  Clock Path Skew:        -0.025ns (DCD - SCD + CPR)
    Destination Clock Delay (DCD):    3.072ns = ( 36.072 - 33.000 ) 
    Source Clock Delay      (SCD):    3.507ns
    Clock Pessimism Removal (CPR):    0.410ns
  Clock Uncertainty:      0.035ns  ((TSJ^2 + TIJ^2)^1/2 + DJ) / 2 + PE
    Total System Jitter     (TSJ):    0.071ns
    Total Input Jitter      (TIJ):    0.000ns
    Discrete Jitter          (DJ):    0.000ns
    Phase Error              (PE):    0.000ns

    Location             Delay type                Incr(ns)  Path(ns)    Netlist Resource(s)
  -------------------------------------------------------------------    -------------------
                         (clock dbg_hub/inst/BSCANID.u_xsdbm_id/SWITCH_N_EXT_BSCAN.bscan_inst/SERIES7_BSCAN.bscan_inst/TCK rise edge)
                                                      0.000     0.000 r  
    BSCAN_X0Y0           BSCANE2                      0.000     0.000 r  dbg_hub/inst/BSCANID.u_xsdbm_id/SWITCH_N_EXT_BSCAN.bscan_inst/SERIES7_BSCAN.bscan_inst/TCK
                         net (fo=1, routed)           1.741     1.741    dbg_hub/inst/BSCANID.u_xsdbm_id/tck_bs
    BUFGCTRL_X0Y0        BUFG (Prop_bufg_I_O)         0.101     1.842 r  dbg_hub/inst/BSCANID.u_xsdbm_id/SWITCH_N_EXT_BSCAN.u_bufg_icon_tck/O
                         net (fo=482, routed)         1.665     3.507    dbg_hub/inst/BSCANID.u_xsdbm_id/SWITCH_N_EXT_BSCAN.bscan_switch/s_bscan_tck
    SLICE_X14Y56         FDRE                                         r  dbg_hub/inst/BSCANID.u_xsdbm_id/SWITCH_N_EXT_BSCAN.bscan_switch/portno_reg[4]/C
  -------------------------------------------------------------------    -------------------
    SLICE_X14Y56         FDRE (Prop_fdre_C_Q)         0.456     3.963 f  dbg_hub/inst/BSCANID.u_xsdbm_id/SWITCH_N_EXT_BSCAN.bscan_switch/portno_reg[4]/Q
                         net (fo=1, routed)           1.109     5.072    dbg_hub/inst/BSCANID.u_xsdbm_id/SWITCH_N_EXT_BSCAN.bscan_switch/portno[4]
    SLICE_X14Y56         LUT6 (Prop_lut6_I4_O)        0.124     5.196 f  dbg_hub/inst/BSCANID.u_xsdbm_id/SWITCH_N_EXT_BSCAN.bscan_switch/m_bscan_drck[0]_INST_0_i_1/O
                         net (fo=5, routed)           0.978     6.175    dbg_hub/inst/BSCANID.u_xsdbm_id/SWITCH_N_EXT_BSCAN.bscan_switch/m_bscan_drck[0]_INST_0_i_1_n_0
    SLICE_X13Y55         LUT4 (Prop_lut4_I3_O)        0.152     6.327 r  dbg_hub/inst/BSCANID.u_xsdbm_id/SWITCH_N_EXT_BSCAN.bscan_switch/m_bscan_sel[0]_INST_0/O
                         net (fo=2, routed)           0.483     6.809    dbg_hub/inst/BSCANID.u_xsdbm_id/CORE_XSDB.U_ICON/U_CMD/iTARGET_reg[6]_0
    SLICE_X16Y55         LUT1 (Prop_lut1_I0_O)        0.326     7.135 f  dbg_hub/inst/BSCANID.u_xsdbm_id/CORE_XSDB.U_ICON/U_CMD/iTARGET[15]_i_2/O
                         net (fo=10, routed)          0.577     7.712    dbg_hub/inst/BSCANID.u_xsdbm_id/CORE_XSDB.U_ICON/U_CMD/iSEL_n
    SLICE_X14Y55         FDCE                                         f  dbg_hub/inst/BSCANID.u_xsdbm_id/CORE_XSDB.U_ICON/U_CMD/iTARGET_reg[8]/CLR
  -------------------------------------------------------------------    -------------------

                         (clock dbg_hub/inst/BSCANID.u_xsdbm_id/SWITCH_N_EXT_BSCAN.bscan_inst/SERIES7_BSCAN.bscan_inst/TCK rise edge)
                                                     33.000    33.000 r  
    BSCAN_X0Y0           BSCANE2                      0.000    33.000 r  dbg_hub/inst/BSCANID.u_xsdbm_id/SWITCH_N_EXT_BSCAN.bscan_inst/SERIES7_BSCAN.bscan_inst/TCK
                         net (fo=1, routed)           1.490    34.490    dbg_hub/inst/BSCANID.u_xsdbm_id/tck_bs
    BUFGCTRL_X0Y0        BUFG (Prop_bufg_I_O)         0.091    34.581 r  dbg_hub/inst/BSCANID.u_xsdbm_id/SWITCH_N_EXT_BSCAN.u_bufg_icon_tck/O
                         net (fo=482, routed)         1.491    36.072    dbg_hub/inst/BSCANID.u_xsdbm_id/CORE_XSDB.U_ICON/U_CMD/m_bscan_tck[0]
    SLICE_X14Y55         FDCE                                         r  dbg_hub/inst/BSCANID.u_xsdbm_id/CORE_XSDB.U_ICON/U_CMD/iTARGET_reg[8]/C
                         clock pessimism              0.410    36.482    
                         clock uncertainty           -0.035    36.447    
    SLICE_X14Y55         FDCE (Recov_fdce_C_CLR)     -0.405    36.042    dbg_hub/inst/BSCANID.u_xsdbm_id/CORE_XSDB.U_ICON/U_CMD/iTARGET_reg[8]
  -------------------------------------------------------------------
                         required time                         36.042    
                         arrival time                          -7.712    
  -------------------------------------------------------------------
                         slack                                 28.330    

Slack (MET) :             28.334ns  (required time - arrival time)
  Source:                 dbg_hub/inst/BSCANID.u_xsdbm_id/SWITCH_N_EXT_BSCAN.bscan_switch/portno_reg[4]/C
                            (rising edge-triggered cell FDRE clocked by dbg_hub/inst/BSCANID.u_xsdbm_id/SWITCH_N_EXT_BSCAN.bscan_inst/SERIES7_BSCAN.bscan_inst/TCK  {rise@0.000ns fall@16.500ns period=33.000ns})
  Destination:            dbg_hub/inst/BSCANID.u_xsdbm_id/CORE_XSDB.U_ICON/U_CMD/iTARGET_reg[11]/CLR
                            (recovery check against rising-edge clock dbg_hub/inst/BSCANID.u_xsdbm_id/SWITCH_N_EXT_BSCAN.bscan_inst/SERIES7_BSCAN.bscan_inst/TCK  {rise@0.000ns fall@16.500ns period=33.000ns})
  Path Group:             **async_default**
  Path Type:              Recovery (Max at Slow Process Corner)
  Requirement:            33.000ns  (dbg_hub/inst/BSCANID.u_xsdbm_id/SWITCH_N_EXT_BSCAN.bscan_inst/SERIES7_BSCAN.bscan_inst/TCK rise@33.000ns - dbg_hub/inst/BSCANID.u_xsdbm_id/SWITCH_N_EXT_BSCAN.bscan_inst/SERIES7_BSCAN.bscan_inst/TCK rise@0.000ns)
  Data Path Delay:        4.201ns  (logic 1.058ns (25.186%)  route 3.143ns (74.814%))
  Logic Levels:           3  (LUT1=1 LUT4=1 LUT6=1)
  Clock Path Skew:        -0.025ns (DCD - SCD + CPR)
    Destination Clock Delay (DCD):    3.072ns = ( 36.072 - 33.000 ) 
    Source Clock Delay      (SCD):    3.507ns
    Clock Pessimism Removal (CPR):    0.410ns
  Clock Uncertainty:      0.035ns  ((TSJ^2 + TIJ^2)^1/2 + DJ) / 2 + PE
    Total System Jitter     (TSJ):    0.071ns
    Total Input Jitter      (TIJ):    0.000ns
    Discrete Jitter          (DJ):    0.000ns
    Phase Error              (PE):    0.000ns

    Location             Delay type                Incr(ns)  Path(ns)    Netlist Resource(s)
  -------------------------------------------------------------------    -------------------
                         (clock dbg_hub/inst/BSCANID.u_xsdbm_id/SWITCH_N_EXT_BSCAN.bscan_inst/SERIES7_BSCAN.bscan_inst/TCK rise edge)
                                                      0.000     0.000 r  
    BSCAN_X0Y0           BSCANE2                      0.000     0.000 r  dbg_hub/inst/BSCANID.u_xsdbm_id/SWITCH_N_EXT_BSCAN.bscan_inst/SERIES7_BSCAN.bscan_inst/TCK
                         net (fo=1, routed)           1.741     1.741    dbg_hub/inst/BSCANID.u_xsdbm_id/tck_bs
    BUFGCTRL_X0Y0        BUFG (Prop_bufg_I_O)         0.101     1.842 r  dbg_hub/inst/BSCANID.u_xsdbm_id/SWITCH_N_EXT_BSCAN.u_bufg_icon_tck/O
                         net (fo=482, routed)         1.665     3.507    dbg_hub/inst/BSCANID.u_xsdbm_id/SWITCH_N_EXT_BSCAN.bscan_switch/s_bscan_tck
    SLICE_X14Y56         FDRE                                         r  dbg_hub/inst/BSCANID.u_xsdbm_id/SWITCH_N_EXT_BSCAN.bscan_switch/portno_reg[4]/C
  -------------------------------------------------------------------    -------------------
    SLICE_X14Y56         FDRE (Prop_fdre_C_Q)         0.456     3.963 f  dbg_hub/inst/BSCANID.u_xsdbm_id/SWITCH_N_EXT_BSCAN.bscan_switch/portno_reg[4]/Q
                         net (fo=1, routed)           1.109     5.072    dbg_hub/inst/BSCANID.u_xsdbm_id/SWITCH_N_EXT_BSCAN.bscan_switch/portno[4]
    SLICE_X14Y56         LUT6 (Prop_lut6_I4_O)        0.124     5.196 f  dbg_hub/inst/BSCANID.u_xsdbm_id/SWITCH_N_EXT_BSCAN.bscan_switch/m_bscan_drck[0]_INST_0_i_1/O
                         net (fo=5, routed)           0.978     6.175    dbg_hub/inst/BSCANID.u_xsdbm_id/SWITCH_N_EXT_BSCAN.bscan_switch/m_bscan_drck[0]_INST_0_i_1_n_0
    SLICE_X13Y55         LUT4 (Prop_lut4_I3_O)        0.152     6.327 r  dbg_hub/inst/BSCANID.u_xsdbm_id/SWITCH_N_EXT_BSCAN.bscan_switch/m_bscan_sel[0]_INST_0/O
                         net (fo=2, routed)           0.483     6.809    dbg_hub/inst/BSCANID.u_xsdbm_id/CORE_XSDB.U_ICON/U_CMD/iTARGET_reg[6]_0
    SLICE_X16Y55         LUT1 (Prop_lut1_I0_O)        0.326     7.135 f  dbg_hub/inst/BSCANID.u_xsdbm_id/CORE_XSDB.U_ICON/U_CMD/iTARGET[15]_i_2/O
                         net (fo=10, routed)          0.573     7.708    dbg_hub/inst/BSCANID.u_xsdbm_id/CORE_XSDB.U_ICON/U_CMD/iSEL_n
    SLICE_X15Y55         FDCE                                         f  dbg_hub/inst/BSCANID.u_xsdbm_id/CORE_XSDB.U_ICON/U_CMD/iTARGET_reg[11]/CLR
  -------------------------------------------------------------------    -------------------

                         (clock dbg_hub/inst/BSCANID.u_xsdbm_id/SWITCH_N_EXT_BSCAN.bscan_inst/SERIES7_BSCAN.bscan_inst/TCK rise edge)
                                                     33.000    33.000 r  
    BSCAN_X0Y0           BSCANE2                      0.000    33.000 r  dbg_hub/inst/BSCANID.u_xsdbm_id/SWITCH_N_EXT_BSCAN.bscan_inst/SERIES7_BSCAN.bscan_inst/TCK
                         net (fo=1, routed)           1.490    34.490    dbg_hub/inst/BSCANID.u_xsdbm_id/tck_bs
    BUFGCTRL_X0Y0        BUFG (Prop_bufg_I_O)         0.091    34.581 r  dbg_hub/inst/BSCANID.u_xsdbm_id/SWITCH_N_EXT_BSCAN.u_bufg_icon_tck/O
                         net (fo=482, routed)         1.491    36.072    dbg_hub/inst/BSCANID.u_xsdbm_id/CORE_XSDB.U_ICON/U_CMD/m_bscan_tck[0]
    SLICE_X15Y55         FDCE                                         r  dbg_hub/inst/BSCANID.u_xsdbm_id/CORE_XSDB.U_ICON/U_CMD/iTARGET_reg[11]/C
                         clock pessimism              0.410    36.482    
                         clock uncertainty           -0.035    36.447    
    SLICE_X15Y55         FDCE (Recov_fdce_C_CLR)     -0.405    36.042    dbg_hub/inst/BSCANID.u_xsdbm_id/CORE_XSDB.U_ICON/U_CMD/iTARGET_reg[11]
  -------------------------------------------------------------------
                         required time                         36.042    
                         arrival time                          -7.708    
  -------------------------------------------------------------------
                         slack                                 28.334    

Slack (MET) :             28.334ns  (required time - arrival time)
  Source:                 dbg_hub/inst/BSCANID.u_xsdbm_id/SWITCH_N_EXT_BSCAN.bscan_switch/portno_reg[4]/C
                            (rising edge-triggered cell FDRE clocked by dbg_hub/inst/BSCANID.u_xsdbm_id/SWITCH_N_EXT_BSCAN.bscan_inst/SERIES7_BSCAN.bscan_inst/TCK  {rise@0.000ns fall@16.500ns period=33.000ns})
  Destination:            dbg_hub/inst/BSCANID.u_xsdbm_id/CORE_XSDB.U_ICON/U_CMD/iTARGET_reg[12]/CLR
                            (recovery check against rising-edge clock dbg_hub/inst/BSCANID.u_xsdbm_id/SWITCH_N_EXT_BSCAN.bscan_inst/SERIES7_BSCAN.bscan_inst/TCK  {rise@0.000ns fall@16.500ns period=33.000ns})
  Path Group:             **async_default**
  Path Type:              Recovery (Max at Slow Process Corner)
  Requirement:            33.000ns  (dbg_hub/inst/BSCANID.u_xsdbm_id/SWITCH_N_EXT_BSCAN.bscan_inst/SERIES7_BSCAN.bscan_inst/TCK rise@33.000ns - dbg_hub/inst/BSCANID.u_xsdbm_id/SWITCH_N_EXT_BSCAN.bscan_inst/SERIES7_BSCAN.bscan_inst/TCK rise@0.000ns)
  Data Path Delay:        4.201ns  (logic 1.058ns (25.186%)  route 3.143ns (74.814%))
  Logic Levels:           3  (LUT1=1 LUT4=1 LUT6=1)
  Clock Path Skew:        -0.025ns (DCD - SCD + CPR)
    Destination Clock Delay (DCD):    3.072ns = ( 36.072 - 33.000 ) 
    Source Clock Delay      (SCD):    3.507ns
    Clock Pessimism Removal (CPR):    0.410ns
  Clock Uncertainty:      0.035ns  ((TSJ^2 + TIJ^2)^1/2 + DJ) / 2 + PE
    Total System Jitter     (TSJ):    0.071ns
    Total Input Jitter      (TIJ):    0.000ns
    Discrete Jitter          (DJ):    0.000ns
    Phase Error              (PE):    0.000ns

    Location             Delay type                Incr(ns)  Path(ns)    Netlist Resource(s)
  -------------------------------------------------------------------    -------------------
                         (clock dbg_hub/inst/BSCANID.u_xsdbm_id/SWITCH_N_EXT_BSCAN.bscan_inst/SERIES7_BSCAN.bscan_inst/TCK rise edge)
                                                      0.000     0.000 r  
    BSCAN_X0Y0           BSCANE2                      0.000     0.000 r  dbg_hub/inst/BSCANID.u_xsdbm_id/SWITCH_N_EXT_BSCAN.bscan_inst/SERIES7_BSCAN.bscan_inst/TCK
                         net (fo=1, routed)           1.741     1.741    dbg_hub/inst/BSCANID.u_xsdbm_id/tck_bs
    BUFGCTRL_X0Y0        BUFG (Prop_bufg_I_O)         0.101     1.842 r  dbg_hub/inst/BSCANID.u_xsdbm_id/SWITCH_N_EXT_BSCAN.u_bufg_icon_tck/O
                         net (fo=482, routed)         1.665     3.507    dbg_hub/inst/BSCANID.u_xsdbm_id/SWITCH_N_EXT_BSCAN.bscan_switch/s_bscan_tck
    SLICE_X14Y56         FDRE                                         r  dbg_hub/inst/BSCANID.u_xsdbm_id/SWITCH_N_EXT_BSCAN.bscan_switch/portno_reg[4]/C
  -------------------------------------------------------------------    -------------------
    SLICE_X14Y56         FDRE (Prop_fdre_C_Q)         0.456     3.963 f  dbg_hub/inst/BSCANID.u_xsdbm_id/SWITCH_N_EXT_BSCAN.bscan_switch/portno_reg[4]/Q
                         net (fo=1, routed)           1.109     5.072    dbg_hub/inst/BSCANID.u_xsdbm_id/SWITCH_N_EXT_BSCAN.bscan_switch/portno[4]
    SLICE_X14Y56         LUT6 (Prop_lut6_I4_O)        0.124     5.196 f  dbg_hub/inst/BSCANID.u_xsdbm_id/SWITCH_N_EXT_BSCAN.bscan_switch/m_bscan_drck[0]_INST_0_i_1/O
                         net (fo=5, routed)           0.978     6.175    dbg_hub/inst/BSCANID.u_xsdbm_id/SWITCH_N_EXT_BSCAN.bscan_switch/m_bscan_drck[0]_INST_0_i_1_n_0
    SLICE_X13Y55         LUT4 (Prop_lut4_I3_O)        0.152     6.327 r  dbg_hub/inst/BSCANID.u_xsdbm_id/SWITCH_N_EXT_BSCAN.bscan_switch/m_bscan_sel[0]_INST_0/O
                         net (fo=2, routed)           0.483     6.809    dbg_hub/inst/BSCANID.u_xsdbm_id/CORE_XSDB.U_ICON/U_CMD/iTARGET_reg[6]_0
    SLICE_X16Y55         LUT1 (Prop_lut1_I0_O)        0.326     7.135 f  dbg_hub/inst/BSCANID.u_xsdbm_id/CORE_XSDB.U_ICON/U_CMD/iTARGET[15]_i_2/O
                         net (fo=10, routed)          0.573     7.708    dbg_hub/inst/BSCANID.u_xsdbm_id/CORE_XSDB.U_ICON/U_CMD/iSEL_n
    SLICE_X15Y55         FDCE                                         f  dbg_hub/inst/BSCANID.u_xsdbm_id/CORE_XSDB.U_ICON/U_CMD/iTARGET_reg[12]/CLR
  -------------------------------------------------------------------    -------------------

                         (clock dbg_hub/inst/BSCANID.u_xsdbm_id/SWITCH_N_EXT_BSCAN.bscan_inst/SERIES7_BSCAN.bscan_inst/TCK rise edge)
                                                     33.000    33.000 r  
    BSCAN_X0Y0           BSCANE2                      0.000    33.000 r  dbg_hub/inst/BSCANID.u_xsdbm_id/SWITCH_N_EXT_BSCAN.bscan_inst/SERIES7_BSCAN.bscan_inst/TCK
                         net (fo=1, routed)           1.490    34.490    dbg_hub/inst/BSCANID.u_xsdbm_id/tck_bs
    BUFGCTRL_X0Y0        BUFG (Prop_bufg_I_O)         0.091    34.581 r  dbg_hub/inst/BSCANID.u_xsdbm_id/SWITCH_N_EXT_BSCAN.u_bufg_icon_tck/O
                         net (fo=482, routed)         1.491    36.072    dbg_hub/inst/BSCANID.u_xsdbm_id/CORE_XSDB.U_ICON/U_CMD/m_bscan_tck[0]
    SLICE_X15Y55         FDCE                                         r  dbg_hub/inst/BSCANID.u_xsdbm_id/CORE_XSDB.U_ICON/U_CMD/iTARGET_reg[12]/C
                         clock pessimism              0.410    36.482    
                         clock uncertainty           -0.035    36.447    
    SLICE_X15Y55         FDCE (Recov_fdce_C_CLR)     -0.405    36.042    dbg_hub/inst/BSCANID.u_xsdbm_id/CORE_XSDB.U_ICON/U_CMD/iTARGET_reg[12]
  -------------------------------------------------------------------
                         required time                         36.042    
                         arrival time                          -7.708    
  -------------------------------------------------------------------
                         slack                                 28.334    

Slack (MET) :             28.334ns  (required time - arrival time)
  Source:                 dbg_hub/inst/BSCANID.u_xsdbm_id/SWITCH_N_EXT_BSCAN.bscan_switch/portno_reg[4]/C
                            (rising edge-triggered cell FDRE clocked by dbg_hub/inst/BSCANID.u_xsdbm_id/SWITCH_N_EXT_BSCAN.bscan_inst/SERIES7_BSCAN.bscan_inst/TCK  {rise@0.000ns fall@16.500ns period=33.000ns})
  Destination:            dbg_hub/inst/BSCANID.u_xsdbm_id/CORE_XSDB.U_ICON/U_CMD/iTARGET_reg[13]/CLR
                            (recovery check against rising-edge clock dbg_hub/inst/BSCANID.u_xsdbm_id/SWITCH_N_EXT_BSCAN.bscan_inst/SERIES7_BSCAN.bscan_inst/TCK  {rise@0.000ns fall@16.500ns period=33.000ns})
  Path Group:             **async_default**
  Path Type:              Recovery (Max at Slow Process Corner)
  Requirement:            33.000ns  (dbg_hub/inst/BSCANID.u_xsdbm_id/SWITCH_N_EXT_BSCAN.bscan_inst/SERIES7_BSCAN.bscan_inst/TCK rise@33.000ns - dbg_hub/inst/BSCANID.u_xsdbm_id/SWITCH_N_EXT_BSCAN.bscan_inst/SERIES7_BSCAN.bscan_inst/TCK rise@0.000ns)
  Data Path Delay:        4.201ns  (logic 1.058ns (25.186%)  route 3.143ns (74.814%))
  Logic Levels:           3  (LUT1=1 LUT4=1 LUT6=1)
  Clock Path Skew:        -0.025ns (DCD - SCD + CPR)
    Destination Clock Delay (DCD):    3.072ns = ( 36.072 - 33.000 ) 
    Source Clock Delay      (SCD):    3.507ns
    Clock Pessimism Removal (CPR):    0.410ns
  Clock Uncertainty:      0.035ns  ((TSJ^2 + TIJ^2)^1/2 + DJ) / 2 + PE
    Total System Jitter     (TSJ):    0.071ns
    Total Input Jitter      (TIJ):    0.000ns
    Discrete Jitter          (DJ):    0.000ns
    Phase Error              (PE):    0.000ns

    Location             Delay type                Incr(ns)  Path(ns)    Netlist Resource(s)
  -------------------------------------------------------------------    -------------------
                         (clock dbg_hub/inst/BSCANID.u_xsdbm_id/SWITCH_N_EXT_BSCAN.bscan_inst/SERIES7_BSCAN.bscan_inst/TCK rise edge)
                                                      0.000     0.000 r  
    BSCAN_X0Y0           BSCANE2                      0.000     0.000 r  dbg_hub/inst/BSCANID.u_xsdbm_id/SWITCH_N_EXT_BSCAN.bscan_inst/SERIES7_BSCAN.bscan_inst/TCK
                         net (fo=1, routed)           1.741     1.741    dbg_hub/inst/BSCANID.u_xsdbm_id/tck_bs
    BUFGCTRL_X0Y0        BUFG (Prop_bufg_I_O)         0.101     1.842 r  dbg_hub/inst/BSCANID.u_xsdbm_id/SWITCH_N_EXT_BSCAN.u_bufg_icon_tck/O
                         net (fo=482, routed)         1.665     3.507    dbg_hub/inst/BSCANID.u_xsdbm_id/SWITCH_N_EXT_BSCAN.bscan_switch/s_bscan_tck
    SLICE_X14Y56         FDRE                                         r  dbg_hub/inst/BSCANID.u_xsdbm_id/SWITCH_N_EXT_BSCAN.bscan_switch/portno_reg[4]/C
  -------------------------------------------------------------------    -------------------
    SLICE_X14Y56         FDRE (Prop_fdre_C_Q)         0.456     3.963 f  dbg_hub/inst/BSCANID.u_xsdbm_id/SWITCH_N_EXT_BSCAN.bscan_switch/portno_reg[4]/Q
                         net (fo=1, routed)           1.109     5.072    dbg_hub/inst/BSCANID.u_xsdbm_id/SWITCH_N_EXT_BSCAN.bscan_switch/portno[4]
    SLICE_X14Y56         LUT6 (Prop_lut6_I4_O)        0.124     5.196 f  dbg_hub/inst/BSCANID.u_xsdbm_id/SWITCH_N_EXT_BSCAN.bscan_switch/m_bscan_drck[0]_INST_0_i_1/O
                         net (fo=5, routed)           0.978     6.175    dbg_hub/inst/BSCANID.u_xsdbm_id/SWITCH_N_EXT_BSCAN.bscan_switch/m_bscan_drck[0]_INST_0_i_1_n_0
    SLICE_X13Y55         LUT4 (Prop_lut4_I3_O)        0.152     6.327 r  dbg_hub/inst/BSCANID.u_xsdbm_id/SWITCH_N_EXT_BSCAN.bscan_switch/m_bscan_sel[0]_INST_0/O
                         net (fo=2, routed)           0.483     6.809    dbg_hub/inst/BSCANID.u_xsdbm_id/CORE_XSDB.U_ICON/U_CMD/iTARGET_reg[6]_0
    SLICE_X16Y55         LUT1 (Prop_lut1_I0_O)        0.326     7.135 f  dbg_hub/inst/BSCANID.u_xsdbm_id/CORE_XSDB.U_ICON/U_CMD/iTARGET[15]_i_2/O
                         net (fo=10, routed)          0.573     7.708    dbg_hub/inst/BSCANID.u_xsdbm_id/CORE_XSDB.U_ICON/U_CMD/iSEL_n
    SLICE_X15Y55         FDCE                                         f  dbg_hub/inst/BSCANID.u_xsdbm_id/CORE_XSDB.U_ICON/U_CMD/iTARGET_reg[13]/CLR
  -------------------------------------------------------------------    -------------------

                         (clock dbg_hub/inst/BSCANID.u_xsdbm_id/SWITCH_N_EXT_BSCAN.bscan_inst/SERIES7_BSCAN.bscan_inst/TCK rise edge)
                                                     33.000    33.000 r  
    BSCAN_X0Y0           BSCANE2                      0.000    33.000 r  dbg_hub/inst/BSCANID.u_xsdbm_id/SWITCH_N_EXT_BSCAN.bscan_inst/SERIES7_BSCAN.bscan_inst/TCK
                         net (fo=1, routed)           1.490    34.490    dbg_hub/inst/BSCANID.u_xsdbm_id/tck_bs
    BUFGCTRL_X0Y0        BUFG (Prop_bufg_I_O)         0.091    34.581 r  dbg_hub/inst/BSCANID.u_xsdbm_id/SWITCH_N_EXT_BSCAN.u_bufg_icon_tck/O
                         net (fo=482, routed)         1.491    36.072    dbg_hub/inst/BSCANID.u_xsdbm_id/CORE_XSDB.U_ICON/U_CMD/m_bscan_tck[0]
    SLICE_X15Y55         FDCE                                         r  dbg_hub/inst/BSCANID.u_xsdbm_id/CORE_XSDB.U_ICON/U_CMD/iTARGET_reg[13]/C
                         clock pessimism              0.410    36.482    
                         clock uncertainty           -0.035    36.447    
    SLICE_X15Y55         FDCE (Recov_fdce_C_CLR)     -0.405    36.042    dbg_hub/inst/BSCANID.u_xsdbm_id/CORE_XSDB.U_ICON/U_CMD/iTARGET_reg[13]
  -------------------------------------------------------------------
                         required time                         36.042    
                         arrival time                          -7.708    
  -------------------------------------------------------------------
                         slack                                 28.334    

Slack (MET) :             28.334ns  (required time - arrival time)
  Source:                 dbg_hub/inst/BSCANID.u_xsdbm_id/SWITCH_N_EXT_BSCAN.bscan_switch/portno_reg[4]/C
                            (rising edge-triggered cell FDRE clocked by dbg_hub/inst/BSCANID.u_xsdbm_id/SWITCH_N_EXT_BSCAN.bscan_inst/SERIES7_BSCAN.bscan_inst/TCK  {rise@0.000ns fall@16.500ns period=33.000ns})
  Destination:            dbg_hub/inst/BSCANID.u_xsdbm_id/CORE_XSDB.U_ICON/U_CMD/iTARGET_reg[14]/CLR
                            (recovery check against rising-edge clock dbg_hub/inst/BSCANID.u_xsdbm_id/SWITCH_N_EXT_BSCAN.bscan_inst/SERIES7_BSCAN.bscan_inst/TCK  {rise@0.000ns fall@16.500ns period=33.000ns})
  Path Group:             **async_default**
  Path Type:              Recovery (Max at Slow Process Corner)
  Requirement:            33.000ns  (dbg_hub/inst/BSCANID.u_xsdbm_id/SWITCH_N_EXT_BSCAN.bscan_inst/SERIES7_BSCAN.bscan_inst/TCK rise@33.000ns - dbg_hub/inst/BSCANID.u_xsdbm_id/SWITCH_N_EXT_BSCAN.bscan_inst/SERIES7_BSCAN.bscan_inst/TCK rise@0.000ns)
  Data Path Delay:        4.201ns  (logic 1.058ns (25.186%)  route 3.143ns (74.814%))
  Logic Levels:           3  (LUT1=1 LUT4=1 LUT6=1)
  Clock Path Skew:        -0.025ns (DCD - SCD + CPR)
    Destination Clock Delay (DCD):    3.072ns = ( 36.072 - 33.000 ) 
    Source Clock Delay      (SCD):    3.507ns
    Clock Pessimism Removal (CPR):    0.410ns
  Clock Uncertainty:      0.035ns  ((TSJ^2 + TIJ^2)^1/2 + DJ) / 2 + PE
    Total System Jitter     (TSJ):    0.071ns
    Total Input Jitter      (TIJ):    0.000ns
    Discrete Jitter          (DJ):    0.000ns
    Phase Error              (PE):    0.000ns

    Location             Delay type                Incr(ns)  Path(ns)    Netlist Resource(s)
  -------------------------------------------------------------------    -------------------
                         (clock dbg_hub/inst/BSCANID.u_xsdbm_id/SWITCH_N_EXT_BSCAN.bscan_inst/SERIES7_BSCAN.bscan_inst/TCK rise edge)
                                                      0.000     0.000 r  
    BSCAN_X0Y0           BSCANE2                      0.000     0.000 r  dbg_hub/inst/BSCANID.u_xsdbm_id/SWITCH_N_EXT_BSCAN.bscan_inst/SERIES7_BSCAN.bscan_inst/TCK
                         net (fo=1, routed)           1.741     1.741    dbg_hub/inst/BSCANID.u_xsdbm_id/tck_bs
    BUFGCTRL_X0Y0        BUFG (Prop_bufg_I_O)         0.101     1.842 r  dbg_hub/inst/BSCANID.u_xsdbm_id/SWITCH_N_EXT_BSCAN.u_bufg_icon_tck/O
                         net (fo=482, routed)         1.665     3.507    dbg_hub/inst/BSCANID.u_xsdbm_id/SWITCH_N_EXT_BSCAN.bscan_switch/s_bscan_tck
    SLICE_X14Y56         FDRE                                         r  dbg_hub/inst/BSCANID.u_xsdbm_id/SWITCH_N_EXT_BSCAN.bscan_switch/portno_reg[4]/C
  -------------------------------------------------------------------    -------------------
    SLICE_X14Y56         FDRE (Prop_fdre_C_Q)         0.456     3.963 f  dbg_hub/inst/BSCANID.u_xsdbm_id/SWITCH_N_EXT_BSCAN.bscan_switch/portno_reg[4]/Q
                         net (fo=1, routed)           1.109     5.072    dbg_hub/inst/BSCANID.u_xsdbm_id/SWITCH_N_EXT_BSCAN.bscan_switch/portno[4]
    SLICE_X14Y56         LUT6 (Prop_lut6_I4_O)        0.124     5.196 f  dbg_hub/inst/BSCANID.u_xsdbm_id/SWITCH_N_EXT_BSCAN.bscan_switch/m_bscan_drck[0]_INST_0_i_1/O
                         net (fo=5, routed)           0.978     6.175    dbg_hub/inst/BSCANID.u_xsdbm_id/SWITCH_N_EXT_BSCAN.bscan_switch/m_bscan_drck[0]_INST_0_i_1_n_0
    SLICE_X13Y55         LUT4 (Prop_lut4_I3_O)        0.152     6.327 r  dbg_hub/inst/BSCANID.u_xsdbm_id/SWITCH_N_EXT_BSCAN.bscan_switch/m_bscan_sel[0]_INST_0/O
                         net (fo=2, routed)           0.483     6.809    dbg_hub/inst/BSCANID.u_xsdbm_id/CORE_XSDB.U_ICON/U_CMD/iTARGET_reg[6]_0
    SLICE_X16Y55         LUT1 (Prop_lut1_I0_O)        0.326     7.135 f  dbg_hub/inst/BSCANID.u_xsdbm_id/CORE_XSDB.U_ICON/U_CMD/iTARGET[15]_i_2/O
                         net (fo=10, routed)          0.573     7.708    dbg_hub/inst/BSCANID.u_xsdbm_id/CORE_XSDB.U_ICON/U_CMD/iSEL_n
    SLICE_X15Y55         FDCE                                         f  dbg_hub/inst/BSCANID.u_xsdbm_id/CORE_XSDB.U_ICON/U_CMD/iTARGET_reg[14]/CLR
  -------------------------------------------------------------------    -------------------

                         (clock dbg_hub/inst/BSCANID.u_xsdbm_id/SWITCH_N_EXT_BSCAN.bscan_inst/SERIES7_BSCAN.bscan_inst/TCK rise edge)
                                                     33.000    33.000 r  
    BSCAN_X0Y0           BSCANE2                      0.000    33.000 r  dbg_hub/inst/BSCANID.u_xsdbm_id/SWITCH_N_EXT_BSCAN.bscan_inst/SERIES7_BSCAN.bscan_inst/TCK
                         net (fo=1, routed)           1.490    34.490    dbg_hub/inst/BSCANID.u_xsdbm_id/tck_bs
    BUFGCTRL_X0Y0        BUFG (Prop_bufg_I_O)         0.091    34.581 r  dbg_hub/inst/BSCANID.u_xsdbm_id/SWITCH_N_EXT_BSCAN.u_bufg_icon_tck/O
                         net (fo=482, routed)         1.491    36.072    dbg_hub/inst/BSCANID.u_xsdbm_id/CORE_XSDB.U_ICON/U_CMD/m_bscan_tck[0]
    SLICE_X15Y55         FDCE                                         r  dbg_hub/inst/BSCANID.u_xsdbm_id/CORE_XSDB.U_ICON/U_CMD/iTARGET_reg[14]/C
                         clock pessimism              0.410    36.482    
                         clock uncertainty           -0.035    36.447    
    SLICE_X15Y55         FDCE (Recov_fdce_C_CLR)     -0.405    36.042    dbg_hub/inst/BSCANID.u_xsdbm_id/CORE_XSDB.U_ICON/U_CMD/iTARGET_reg[14]
  -------------------------------------------------------------------
                         required time                         36.042    
                         arrival time                          -7.708    
  -------------------------------------------------------------------
                         slack                                 28.334    

Slack (MET) :             28.334ns  (required time - arrival time)
  Source:                 dbg_hub/inst/BSCANID.u_xsdbm_id/SWITCH_N_EXT_BSCAN.bscan_switch/portno_reg[4]/C
                            (rising edge-triggered cell FDRE clocked by dbg_hub/inst/BSCANID.u_xsdbm_id/SWITCH_N_EXT_BSCAN.bscan_inst/SERIES7_BSCAN.bscan_inst/TCK  {rise@0.000ns fall@16.500ns period=33.000ns})
  Destination:            dbg_hub/inst/BSCANID.u_xsdbm_id/CORE_XSDB.U_ICON/U_CMD/iTARGET_reg[15]/CLR
                            (recovery check against rising-edge clock dbg_hub/inst/BSCANID.u_xsdbm_id/SWITCH_N_EXT_BSCAN.bscan_inst/SERIES7_BSCAN.bscan_inst/TCK  {rise@0.000ns fall@16.500ns period=33.000ns})
  Path Group:             **async_default**
  Path Type:              Recovery (Max at Slow Process Corner)
  Requirement:            33.000ns  (dbg_hub/inst/BSCANID.u_xsdbm_id/SWITCH_N_EXT_BSCAN.bscan_inst/SERIES7_BSCAN.bscan_inst/TCK rise@33.000ns - dbg_hub/inst/BSCANID.u_xsdbm_id/SWITCH_N_EXT_BSCAN.bscan_inst/SERIES7_BSCAN.bscan_inst/TCK rise@0.000ns)
  Data Path Delay:        4.201ns  (logic 1.058ns (25.186%)  route 3.143ns (74.814%))
  Logic Levels:           3  (LUT1=1 LUT4=1 LUT6=1)
  Clock Path Skew:        -0.025ns (DCD - SCD + CPR)
    Destination Clock Delay (DCD):    3.072ns = ( 36.072 - 33.000 ) 
    Source Clock Delay      (SCD):    3.507ns
    Clock Pessimism Removal (CPR):    0.410ns
  Clock Uncertainty:      0.035ns  ((TSJ^2 + TIJ^2)^1/2 + DJ) / 2 + PE
    Total System Jitter     (TSJ):    0.071ns
    Total Input Jitter      (TIJ):    0.000ns
    Discrete Jitter          (DJ):    0.000ns
    Phase Error              (PE):    0.000ns

    Location             Delay type                Incr(ns)  Path(ns)    Netlist Resource(s)
  -------------------------------------------------------------------    -------------------
                         (clock dbg_hub/inst/BSCANID.u_xsdbm_id/SWITCH_N_EXT_BSCAN.bscan_inst/SERIES7_BSCAN.bscan_inst/TCK rise edge)
                                                      0.000     0.000 r  
    BSCAN_X0Y0           BSCANE2                      0.000     0.000 r  dbg_hub/inst/BSCANID.u_xsdbm_id/SWITCH_N_EXT_BSCAN.bscan_inst/SERIES7_BSCAN.bscan_inst/TCK
                         net (fo=1, routed)           1.741     1.741    dbg_hub/inst/BSCANID.u_xsdbm_id/tck_bs
    BUFGCTRL_X0Y0        BUFG (Prop_bufg_I_O)         0.101     1.842 r  dbg_hub/inst/BSCANID.u_xsdbm_id/SWITCH_N_EXT_BSCAN.u_bufg_icon_tck/O
                         net (fo=482, routed)         1.665     3.507    dbg_hub/inst/BSCANID.u_xsdbm_id/SWITCH_N_EXT_BSCAN.bscan_switch/s_bscan_tck
    SLICE_X14Y56         FDRE                                         r  dbg_hub/inst/BSCANID.u_xsdbm_id/SWITCH_N_EXT_BSCAN.bscan_switch/portno_reg[4]/C
  -------------------------------------------------------------------    -------------------
    SLICE_X14Y56         FDRE (Prop_fdre_C_Q)         0.456     3.963 f  dbg_hub/inst/BSCANID.u_xsdbm_id/SWITCH_N_EXT_BSCAN.bscan_switch/portno_reg[4]/Q
                         net (fo=1, routed)           1.109     5.072    dbg_hub/inst/BSCANID.u_xsdbm_id/SWITCH_N_EXT_BSCAN.bscan_switch/portno[4]
    SLICE_X14Y56         LUT6 (Prop_lut6_I4_O)        0.124     5.196 f  dbg_hub/inst/BSCANID.u_xsdbm_id/SWITCH_N_EXT_BSCAN.bscan_switch/m_bscan_drck[0]_INST_0_i_1/O
                         net (fo=5, routed)           0.978     6.175    dbg_hub/inst/BSCANID.u_xsdbm_id/SWITCH_N_EXT_BSCAN.bscan_switch/m_bscan_drck[0]_INST_0_i_1_n_0
    SLICE_X13Y55         LUT4 (Prop_lut4_I3_O)        0.152     6.327 r  dbg_hub/inst/BSCANID.u_xsdbm_id/SWITCH_N_EXT_BSCAN.bscan_switch/m_bscan_sel[0]_INST_0/O
                         net (fo=2, routed)           0.483     6.809    dbg_hub/inst/BSCANID.u_xsdbm_id/CORE_XSDB.U_ICON/U_CMD/iTARGET_reg[6]_0
    SLICE_X16Y55         LUT1 (Prop_lut1_I0_O)        0.326     7.135 f  dbg_hub/inst/BSCANID.u_xsdbm_id/CORE_XSDB.U_ICON/U_CMD/iTARGET[15]_i_2/O
                         net (fo=10, routed)          0.573     7.708    dbg_hub/inst/BSCANID.u_xsdbm_id/CORE_XSDB.U_ICON/U_CMD/iSEL_n
    SLICE_X15Y55         FDCE                                         f  dbg_hub/inst/BSCANID.u_xsdbm_id/CORE_XSDB.U_ICON/U_CMD/iTARGET_reg[15]/CLR
  -------------------------------------------------------------------    -------------------

                         (clock dbg_hub/inst/BSCANID.u_xsdbm_id/SWITCH_N_EXT_BSCAN.bscan_inst/SERIES7_BSCAN.bscan_inst/TCK rise edge)
                                                     33.000    33.000 r  
    BSCAN_X0Y0           BSCANE2                      0.000    33.000 r  dbg_hub/inst/BSCANID.u_xsdbm_id/SWITCH_N_EXT_BSCAN.bscan_inst/SERIES7_BSCAN.bscan_inst/TCK
                         net (fo=1, routed)           1.490    34.490    dbg_hub/inst/BSCANID.u_xsdbm_id/tck_bs
    BUFGCTRL_X0Y0        BUFG (Prop_bufg_I_O)         0.091    34.581 r  dbg_hub/inst/BSCANID.u_xsdbm_id/SWITCH_N_EXT_BSCAN.u_bufg_icon_tck/O
                         net (fo=482, routed)         1.491    36.072    dbg_hub/inst/BSCANID.u_xsdbm_id/CORE_XSDB.U_ICON/U_CMD/m_bscan_tck[0]
    SLICE_X15Y55         FDCE                                         r  dbg_hub/inst/BSCANID.u_xsdbm_id/CORE_XSDB.U_ICON/U_CMD/iTARGET_reg[15]/C
                         clock pessimism              0.410    36.482    
                         clock uncertainty           -0.035    36.447    
    SLICE_X15Y55         FDCE (Recov_fdce_C_CLR)     -0.405    36.042    dbg_hub/inst/BSCANID.u_xsdbm_id/CORE_XSDB.U_ICON/U_CMD/iTARGET_reg[15]
  -------------------------------------------------------------------
                         required time                         36.042    
                         arrival time                          -7.708    
  -------------------------------------------------------------------
                         slack                                 28.334    

Slack (MET) :             28.334ns  (required time - arrival time)
  Source:                 dbg_hub/inst/BSCANID.u_xsdbm_id/SWITCH_N_EXT_BSCAN.bscan_switch/portno_reg[4]/C
                            (rising edge-triggered cell FDRE clocked by dbg_hub/inst/BSCANID.u_xsdbm_id/SWITCH_N_EXT_BSCAN.bscan_inst/SERIES7_BSCAN.bscan_inst/TCK  {rise@0.000ns fall@16.500ns period=33.000ns})
  Destination:            dbg_hub/inst/BSCANID.u_xsdbm_id/CORE_XSDB.U_ICON/U_CMD/iTARGET_reg[9]/CLR
                            (recovery check against rising-edge clock dbg_hub/inst/BSCANID.u_xsdbm_id/SWITCH_N_EXT_BSCAN.bscan_inst/SERIES7_BSCAN.bscan_inst/TCK  {rise@0.000ns fall@16.500ns period=33.000ns})
  Path Group:             **async_default**
  Path Type:              Recovery (Max at Slow Process Corner)
  Requirement:            33.000ns  (dbg_hub/inst/BSCANID.u_xsdbm_id/SWITCH_N_EXT_BSCAN.bscan_inst/SERIES7_BSCAN.bscan_inst/TCK rise@33.000ns - dbg_hub/inst/BSCANID.u_xsdbm_id/SWITCH_N_EXT_BSCAN.bscan_inst/SERIES7_BSCAN.bscan_inst/TCK rise@0.000ns)
  Data Path Delay:        4.201ns  (logic 1.058ns (25.186%)  route 3.143ns (74.814%))
  Logic Levels:           3  (LUT1=1 LUT4=1 LUT6=1)
  Clock Path Skew:        -0.025ns (DCD - SCD + CPR)
    Destination Clock Delay (DCD):    3.072ns = ( 36.072 - 33.000 ) 
    Source Clock Delay      (SCD):    3.507ns
    Clock Pessimism Removal (CPR):    0.410ns
  Clock Uncertainty:      0.035ns  ((TSJ^2 + TIJ^2)^1/2 + DJ) / 2 + PE
    Total System Jitter     (TSJ):    0.071ns
    Total Input Jitter      (TIJ):    0.000ns
    Discrete Jitter          (DJ):    0.000ns
    Phase Error              (PE):    0.000ns

    Location             Delay type                Incr(ns)  Path(ns)    Netlist Resource(s)
  -------------------------------------------------------------------    -------------------
                         (clock dbg_hub/inst/BSCANID.u_xsdbm_id/SWITCH_N_EXT_BSCAN.bscan_inst/SERIES7_BSCAN.bscan_inst/TCK rise edge)
                                                      0.000     0.000 r  
    BSCAN_X0Y0           BSCANE2                      0.000     0.000 r  dbg_hub/inst/BSCANID.u_xsdbm_id/SWITCH_N_EXT_BSCAN.bscan_inst/SERIES7_BSCAN.bscan_inst/TCK
                         net (fo=1, routed)           1.741     1.741    dbg_hub/inst/BSCANID.u_xsdbm_id/tck_bs
    BUFGCTRL_X0Y0        BUFG (Prop_bufg_I_O)         0.101     1.842 r  dbg_hub/inst/BSCANID.u_xsdbm_id/SWITCH_N_EXT_BSCAN.u_bufg_icon_tck/O
                         net (fo=482, routed)         1.665     3.507    dbg_hub/inst/BSCANID.u_xsdbm_id/SWITCH_N_EXT_BSCAN.bscan_switch/s_bscan_tck
    SLICE_X14Y56         FDRE                                         r  dbg_hub/inst/BSCANID.u_xsdbm_id/SWITCH_N_EXT_BSCAN.bscan_switch/portno_reg[4]/C
  -------------------------------------------------------------------    -------------------
    SLICE_X14Y56         FDRE (Prop_fdre_C_Q)         0.456     3.963 f  dbg_hub/inst/BSCANID.u_xsdbm_id/SWITCH_N_EXT_BSCAN.bscan_switch/portno_reg[4]/Q
                         net (fo=1, routed)           1.109     5.072    dbg_hub/inst/BSCANID.u_xsdbm_id/SWITCH_N_EXT_BSCAN.bscan_switch/portno[4]
    SLICE_X14Y56         LUT6 (Prop_lut6_I4_O)        0.124     5.196 f  dbg_hub/inst/BSCANID.u_xsdbm_id/SWITCH_N_EXT_BSCAN.bscan_switch/m_bscan_drck[0]_INST_0_i_1/O
                         net (fo=5, routed)           0.978     6.175    dbg_hub/inst/BSCANID.u_xsdbm_id/SWITCH_N_EXT_BSCAN.bscan_switch/m_bscan_drck[0]_INST_0_i_1_n_0
    SLICE_X13Y55         LUT4 (Prop_lut4_I3_O)        0.152     6.327 r  dbg_hub/inst/BSCANID.u_xsdbm_id/SWITCH_N_EXT_BSCAN.bscan_switch/m_bscan_sel[0]_INST_0/O
                         net (fo=2, routed)           0.483     6.809    dbg_hub/inst/BSCANID.u_xsdbm_id/CORE_XSDB.U_ICON/U_CMD/iTARGET_reg[6]_0
    SLICE_X16Y55         LUT1 (Prop_lut1_I0_O)        0.326     7.135 f  dbg_hub/inst/BSCANID.u_xsdbm_id/CORE_XSDB.U_ICON/U_CMD/iTARGET[15]_i_2/O
                         net (fo=10, routed)          0.573     7.708    dbg_hub/inst/BSCANID.u_xsdbm_id/CORE_XSDB.U_ICON/U_CMD/iSEL_n
    SLICE_X15Y55         FDCE                                         f  dbg_hub/inst/BSCANID.u_xsdbm_id/CORE_XSDB.U_ICON/U_CMD/iTARGET_reg[9]/CLR
  -------------------------------------------------------------------    -------------------

                         (clock dbg_hub/inst/BSCANID.u_xsdbm_id/SWITCH_N_EXT_BSCAN.bscan_inst/SERIES7_BSCAN.bscan_inst/TCK rise edge)
                                                     33.000    33.000 r  
    BSCAN_X0Y0           BSCANE2                      0.000    33.000 r  dbg_hub/inst/BSCANID.u_xsdbm_id/SWITCH_N_EXT_BSCAN.bscan_inst/SERIES7_BSCAN.bscan_inst/TCK
                         net (fo=1, routed)           1.490    34.490    dbg_hub/inst/BSCANID.u_xsdbm_id/tck_bs
    BUFGCTRL_X0Y0        BUFG (Prop_bufg_I_O)         0.091    34.581 r  dbg_hub/inst/BSCANID.u_xsdbm_id/SWITCH_N_EXT_BSCAN.u_bufg_icon_tck/O
                         net (fo=482, routed)         1.491    36.072    dbg_hub/inst/BSCANID.u_xsdbm_id/CORE_XSDB.U_ICON/U_CMD/m_bscan_tck[0]
    SLICE_X15Y55         FDCE                                         r  dbg_hub/inst/BSCANID.u_xsdbm_id/CORE_XSDB.U_ICON/U_CMD/iTARGET_reg[9]/C
                         clock pessimism              0.410    36.482    
                         clock uncertainty           -0.035    36.447    
    SLICE_X15Y55         FDCE (Recov_fdce_C_CLR)     -0.405    36.042    dbg_hub/inst/BSCANID.u_xsdbm_id/CORE_XSDB.U_ICON/U_CMD/iTARGET_reg[9]
  -------------------------------------------------------------------
                         required time                         36.042    
                         arrival time                          -7.708    
  -------------------------------------------------------------------
                         slack                                 28.334    





Min Delay Paths
--------------------------------------------------------------------------------------
Slack (MET) :             0.177ns  (arrival time - required time)
  Source:                 dbg_hub/inst/BSCANID.u_xsdbm_id/CORE_XSDB.UUT_MASTER/U_ICON_INTERFACE/U_CMD6_RD/U_RD_FIFO/SUBCORE_FIFO.xsdbm_v3_0_0_rdfifo_inst/inst_fifo_gen/gconvfifo.rf/grf.rf/rstblk/ngwrdrst.grst.g7serrst.rd_rst_reg_reg[1]/C
                            (rising edge-triggered cell FDPE clocked by dbg_hub/inst/BSCANID.u_xsdbm_id/SWITCH_N_EXT_BSCAN.bscan_inst/SERIES7_BSCAN.bscan_inst/TCK  {rise@0.000ns fall@16.500ns period=33.000ns})
  Destination:            dbg_hub/inst/BSCANID.u_xsdbm_id/CORE_XSDB.UUT_MASTER/U_ICON_INTERFACE/U_CMD6_RD/U_RD_FIFO/SUBCORE_FIFO.xsdbm_v3_0_0_rdfifo_inst/inst_fifo_gen/gconvfifo.rf/grf.rf/gntv_or_sync_fifo.gcx.clkx/gnxpm_cdc.rd_pntr_gc_reg[1]/CLR
                            (removal check against rising-edge clock dbg_hub/inst/BSCANID.u_xsdbm_id/SWITCH_N_EXT_BSCAN.bscan_inst/SERIES7_BSCAN.bscan_inst/TCK  {rise@0.000ns fall@16.500ns period=33.000ns})
  Path Group:             **async_default**
  Path Type:              Removal (Min at Fast Process Corner)
  Requirement:            0.000ns  (dbg_hub/inst/BSCANID.u_xsdbm_id/SWITCH_N_EXT_BSCAN.bscan_inst/SERIES7_BSCAN.bscan_inst/TCK rise@0.000ns - dbg_hub/inst/BSCANID.u_xsdbm_id/SWITCH_N_EXT_BSCAN.bscan_inst/SERIES7_BSCAN.bscan_inst/TCK rise@0.000ns)
  Data Path Delay:        0.355ns  (logic 0.164ns (46.147%)  route 0.191ns (53.853%))
  Logic Levels:           0  
  Clock Path Skew:        0.270ns (DCD - SCD - CPR)
    Destination Clock Delay (DCD):    1.655ns
    Source Clock Delay      (SCD):    1.276ns
    Clock Pessimism Removal (CPR):    0.109ns

    Location             Delay type                Incr(ns)  Path(ns)    Netlist Resource(s)
  -------------------------------------------------------------------    -------------------
                         (clock dbg_hub/inst/BSCANID.u_xsdbm_id/SWITCH_N_EXT_BSCAN.bscan_inst/SERIES7_BSCAN.bscan_inst/TCK rise edge)
                                                      0.000     0.000 r  
    BSCAN_X0Y0           BSCANE2                      0.000     0.000 r  dbg_hub/inst/BSCANID.u_xsdbm_id/SWITCH_N_EXT_BSCAN.bscan_inst/SERIES7_BSCAN.bscan_inst/TCK
                         net (fo=1, routed)           0.688     0.688    dbg_hub/inst/BSCANID.u_xsdbm_id/tck_bs
    BUFGCTRL_X0Y0        BUFG (Prop_bufg_I_O)         0.026     0.714 r  dbg_hub/inst/BSCANID.u_xsdbm_id/SWITCH_N_EXT_BSCAN.u_bufg_icon_tck/O
                         net (fo=482, routed)         0.562     1.276    dbg_hub/inst/BSCANID.u_xsdbm_id/CORE_XSDB.UUT_MASTER/U_ICON_INTERFACE/U_CMD6_RD/U_RD_FIFO/SUBCORE_FIFO.xsdbm_v3_0_0_rdfifo_inst/inst_fifo_gen/gconvfifo.rf/grf.rf/rstblk/rd_clk
    SLICE_X16Y50         FDPE                                         r  dbg_hub/inst/BSCANID.u_xsdbm_id/CORE_XSDB.UUT_MASTER/U_ICON_INTERFACE/U_CMD6_RD/U_RD_FIFO/SUBCORE_FIFO.xsdbm_v3_0_0_rdfifo_inst/inst_fifo_gen/gconvfifo.rf/grf.rf/rstblk/ngwrdrst.grst.g7serrst.rd_rst_reg_reg[1]/C
  -------------------------------------------------------------------    -------------------
    SLICE_X16Y50         FDPE (Prop_fdpe_C_Q)         0.164     1.440 f  dbg_hub/inst/BSCANID.u_xsdbm_id/CORE_XSDB.UUT_MASTER/U_ICON_INTERFACE/U_CMD6_RD/U_RD_FIFO/SUBCORE_FIFO.xsdbm_v3_0_0_rdfifo_inst/inst_fifo_gen/gconvfifo.rf/grf.rf/rstblk/ngwrdrst.grst.g7serrst.rd_rst_reg_reg[1]/Q
                         net (fo=16, routed)          0.191     1.631    dbg_hub/inst/BSCANID.u_xsdbm_id/CORE_XSDB.UUT_MASTER/U_ICON_INTERFACE/U_CMD6_RD/U_RD_FIFO/SUBCORE_FIFO.xsdbm_v3_0_0_rdfifo_inst/inst_fifo_gen/gconvfifo.rf/grf.rf/gntv_or_sync_fifo.gcx.clkx/Q_reg_reg[0][0]
    SLICE_X17Y49         FDCE                                         f  dbg_hub/inst/BSCANID.u_xsdbm_id/CORE_XSDB.UUT_MASTER/U_ICON_INTERFACE/U_CMD6_RD/U_RD_FIFO/SUBCORE_FIFO.xsdbm_v3_0_0_rdfifo_inst/inst_fifo_gen/gconvfifo.rf/grf.rf/gntv_or_sync_fifo.gcx.clkx/gnxpm_cdc.rd_pntr_gc_reg[1]/CLR
  -------------------------------------------------------------------    -------------------

                         (clock dbg_hub/inst/BSCANID.u_xsdbm_id/SWITCH_N_EXT_BSCAN.bscan_inst/SERIES7_BSCAN.bscan_inst/TCK rise edge)
                                                      0.000     0.000 r  
    BSCAN_X0Y0           BSCANE2                      0.000     0.000 r  dbg_hub/inst/BSCANID.u_xsdbm_id/SWITCH_N_EXT_BSCAN.bscan_inst/SERIES7_BSCAN.bscan_inst/TCK
                         net (fo=1, routed)           0.794     0.794    dbg_hub/inst/BSCANID.u_xsdbm_id/tck_bs
    BUFGCTRL_X0Y0        BUFG (Prop_bufg_I_O)         0.029     0.823 r  dbg_hub/inst/BSCANID.u_xsdbm_id/SWITCH_N_EXT_BSCAN.u_bufg_icon_tck/O
                         net (fo=482, routed)         0.832     1.655    dbg_hub/inst/BSCANID.u_xsdbm_id/CORE_XSDB.UUT_MASTER/U_ICON_INTERFACE/U_CMD6_RD/U_RD_FIFO/SUBCORE_FIFO.xsdbm_v3_0_0_rdfifo_inst/inst_fifo_gen/gconvfifo.rf/grf.rf/gntv_or_sync_fifo.gcx.clkx/rd_clk
    SLICE_X17Y49         FDCE                                         r  dbg_hub/inst/BSCANID.u_xsdbm_id/CORE_XSDB.UUT_MASTER/U_ICON_INTERFACE/U_CMD6_RD/U_RD_FIFO/SUBCORE_FIFO.xsdbm_v3_0_0_rdfifo_inst/inst_fifo_gen/gconvfifo.rf/grf.rf/gntv_or_sync_fifo.gcx.clkx/gnxpm_cdc.rd_pntr_gc_reg[1]/C
                         clock pessimism             -0.109     1.546    
    SLICE_X17Y49         FDCE (Remov_fdce_C_CLR)     -0.092     1.454    dbg_hub/inst/BSCANID.u_xsdbm_id/CORE_XSDB.UUT_MASTER/U_ICON_INTERFACE/U_CMD6_RD/U_RD_FIFO/SUBCORE_FIFO.xsdbm_v3_0_0_rdfifo_inst/inst_fifo_gen/gconvfifo.rf/grf.rf/gntv_or_sync_fifo.gcx.clkx/gnxpm_cdc.rd_pntr_gc_reg[1]
  -------------------------------------------------------------------
                         required time                         -1.454    
                         arrival time                           1.631    
  -------------------------------------------------------------------
                         slack                                  0.177    

Slack (MET) :             0.177ns  (arrival time - required time)
  Source:                 dbg_hub/inst/BSCANID.u_xsdbm_id/CORE_XSDB.UUT_MASTER/U_ICON_INTERFACE/U_CMD6_RD/U_RD_FIFO/SUBCORE_FIFO.xsdbm_v3_0_0_rdfifo_inst/inst_fifo_gen/gconvfifo.rf/grf.rf/rstblk/ngwrdrst.grst.g7serrst.rd_rst_reg_reg[1]/C
                            (rising edge-triggered cell FDPE clocked by dbg_hub/inst/BSCANID.u_xsdbm_id/SWITCH_N_EXT_BSCAN.bscan_inst/SERIES7_BSCAN.bscan_inst/TCK  {rise@0.000ns fall@16.500ns period=33.000ns})
  Destination:            dbg_hub/inst/BSCANID.u_xsdbm_id/CORE_XSDB.UUT_MASTER/U_ICON_INTERFACE/U_CMD6_RD/U_RD_FIFO/SUBCORE_FIFO.xsdbm_v3_0_0_rdfifo_inst/inst_fifo_gen/gconvfifo.rf/grf.rf/gntv_or_sync_fifo.gcx.clkx/gnxpm_cdc.rd_pntr_gc_reg[3]/CLR
                            (removal check against rising-edge clock dbg_hub/inst/BSCANID.u_xsdbm_id/SWITCH_N_EXT_BSCAN.bscan_inst/SERIES7_BSCAN.bscan_inst/TCK  {rise@0.000ns fall@16.500ns period=33.000ns})
  Path Group:             **async_default**
  Path Type:              Removal (Min at Fast Process Corner)
  Requirement:            0.000ns  (dbg_hub/inst/BSCANID.u_xsdbm_id/SWITCH_N_EXT_BSCAN.bscan_inst/SERIES7_BSCAN.bscan_inst/TCK rise@0.000ns - dbg_hub/inst/BSCANID.u_xsdbm_id/SWITCH_N_EXT_BSCAN.bscan_inst/SERIES7_BSCAN.bscan_inst/TCK rise@0.000ns)
  Data Path Delay:        0.355ns  (logic 0.164ns (46.147%)  route 0.191ns (53.853%))
  Logic Levels:           0  
  Clock Path Skew:        0.270ns (DCD - SCD - CPR)
    Destination Clock Delay (DCD):    1.655ns
    Source Clock Delay      (SCD):    1.276ns
    Clock Pessimism Removal (CPR):    0.109ns

    Location             Delay type                Incr(ns)  Path(ns)    Netlist Resource(s)
  -------------------------------------------------------------------    -------------------
                         (clock dbg_hub/inst/BSCANID.u_xsdbm_id/SWITCH_N_EXT_BSCAN.bscan_inst/SERIES7_BSCAN.bscan_inst/TCK rise edge)
                                                      0.000     0.000 r  
    BSCAN_X0Y0           BSCANE2                      0.000     0.000 r  dbg_hub/inst/BSCANID.u_xsdbm_id/SWITCH_N_EXT_BSCAN.bscan_inst/SERIES7_BSCAN.bscan_inst/TCK
                         net (fo=1, routed)           0.688     0.688    dbg_hub/inst/BSCANID.u_xsdbm_id/tck_bs
    BUFGCTRL_X0Y0        BUFG (Prop_bufg_I_O)         0.026     0.714 r  dbg_hub/inst/BSCANID.u_xsdbm_id/SWITCH_N_EXT_BSCAN.u_bufg_icon_tck/O
                         net (fo=482, routed)         0.562     1.276    dbg_hub/inst/BSCANID.u_xsdbm_id/CORE_XSDB.UUT_MASTER/U_ICON_INTERFACE/U_CMD6_RD/U_RD_FIFO/SUBCORE_FIFO.xsdbm_v3_0_0_rdfifo_inst/inst_fifo_gen/gconvfifo.rf/grf.rf/rstblk/rd_clk
    SLICE_X16Y50         FDPE                                         r  dbg_hub/inst/BSCANID.u_xsdbm_id/CORE_XSDB.UUT_MASTER/U_ICON_INTERFACE/U_CMD6_RD/U_RD_FIFO/SUBCORE_FIFO.xsdbm_v3_0_0_rdfifo_inst/inst_fifo_gen/gconvfifo.rf/grf.rf/rstblk/ngwrdrst.grst.g7serrst.rd_rst_reg_reg[1]/C
  -------------------------------------------------------------------    -------------------
    SLICE_X16Y50         FDPE (Prop_fdpe_C_Q)         0.164     1.440 f  dbg_hub/inst/BSCANID.u_xsdbm_id/CORE_XSDB.UUT_MASTER/U_ICON_INTERFACE/U_CMD6_RD/U_RD_FIFO/SUBCORE_FIFO.xsdbm_v3_0_0_rdfifo_inst/inst_fifo_gen/gconvfifo.rf/grf.rf/rstblk/ngwrdrst.grst.g7serrst.rd_rst_reg_reg[1]/Q
                         net (fo=16, routed)          0.191     1.631    dbg_hub/inst/BSCANID.u_xsdbm_id/CORE_XSDB.UUT_MASTER/U_ICON_INTERFACE/U_CMD6_RD/U_RD_FIFO/SUBCORE_FIFO.xsdbm_v3_0_0_rdfifo_inst/inst_fifo_gen/gconvfifo.rf/grf.rf/gntv_or_sync_fifo.gcx.clkx/Q_reg_reg[0][0]
    SLICE_X17Y49         FDCE                                         f  dbg_hub/inst/BSCANID.u_xsdbm_id/CORE_XSDB.UUT_MASTER/U_ICON_INTERFACE/U_CMD6_RD/U_RD_FIFO/SUBCORE_FIFO.xsdbm_v3_0_0_rdfifo_inst/inst_fifo_gen/gconvfifo.rf/grf.rf/gntv_or_sync_fifo.gcx.clkx/gnxpm_cdc.rd_pntr_gc_reg[3]/CLR
  -------------------------------------------------------------------    -------------------

                         (clock dbg_hub/inst/BSCANID.u_xsdbm_id/SWITCH_N_EXT_BSCAN.bscan_inst/SERIES7_BSCAN.bscan_inst/TCK rise edge)
                                                      0.000     0.000 r  
    BSCAN_X0Y0           BSCANE2                      0.000     0.000 r  dbg_hub/inst/BSCANID.u_xsdbm_id/SWITCH_N_EXT_BSCAN.bscan_inst/SERIES7_BSCAN.bscan_inst/TCK
                         net (fo=1, routed)           0.794     0.794    dbg_hub/inst/BSCANID.u_xsdbm_id/tck_bs
    BUFGCTRL_X0Y0        BUFG (Prop_bufg_I_O)         0.029     0.823 r  dbg_hub/inst/BSCANID.u_xsdbm_id/SWITCH_N_EXT_BSCAN.u_bufg_icon_tck/O
                         net (fo=482, routed)         0.832     1.655    dbg_hub/inst/BSCANID.u_xsdbm_id/CORE_XSDB.UUT_MASTER/U_ICON_INTERFACE/U_CMD6_RD/U_RD_FIFO/SUBCORE_FIFO.xsdbm_v3_0_0_rdfifo_inst/inst_fifo_gen/gconvfifo.rf/grf.rf/gntv_or_sync_fifo.gcx.clkx/rd_clk
    SLICE_X17Y49         FDCE                                         r  dbg_hub/inst/BSCANID.u_xsdbm_id/CORE_XSDB.UUT_MASTER/U_ICON_INTERFACE/U_CMD6_RD/U_RD_FIFO/SUBCORE_FIFO.xsdbm_v3_0_0_rdfifo_inst/inst_fifo_gen/gconvfifo.rf/grf.rf/gntv_or_sync_fifo.gcx.clkx/gnxpm_cdc.rd_pntr_gc_reg[3]/C
                         clock pessimism             -0.109     1.546    
    SLICE_X17Y49         FDCE (Remov_fdce_C_CLR)     -0.092     1.454    dbg_hub/inst/BSCANID.u_xsdbm_id/CORE_XSDB.UUT_MASTER/U_ICON_INTERFACE/U_CMD6_RD/U_RD_FIFO/SUBCORE_FIFO.xsdbm_v3_0_0_rdfifo_inst/inst_fifo_gen/gconvfifo.rf/grf.rf/gntv_or_sync_fifo.gcx.clkx/gnxpm_cdc.rd_pntr_gc_reg[3]
  -------------------------------------------------------------------
                         required time                         -1.454    
                         arrival time                           1.631    
  -------------------------------------------------------------------
                         slack                                  0.177    

Slack (MET) :             0.282ns  (arrival time - required time)
  Source:                 dbg_hub/inst/BSCANID.u_xsdbm_id/CORE_XSDB.UUT_MASTER/U_ICON_INTERFACE/U_CMD6_RD/U_RD_FIFO/SUBCORE_FIFO.xsdbm_v3_0_0_rdfifo_inst/inst_fifo_gen/gconvfifo.rf/grf.rf/rstblk/ngwrdrst.grst.g7serrst.rd_rst_reg_reg[1]/C
                            (rising edge-triggered cell FDPE clocked by dbg_hub/inst/BSCANID.u_xsdbm_id/SWITCH_N_EXT_BSCAN.bscan_inst/SERIES7_BSCAN.bscan_inst/TCK  {rise@0.000ns fall@16.500ns period=33.000ns})
  Destination:            dbg_hub/inst/BSCANID.u_xsdbm_id/CORE_XSDB.UUT_MASTER/U_ICON_INTERFACE/U_CMD6_RD/U_RD_FIFO/SUBCORE_FIFO.xsdbm_v3_0_0_rdfifo_inst/inst_fifo_gen/gconvfifo.rf/grf.rf/gntv_or_sync_fifo.gcx.clkx/gnxpm_cdc.gsync_stage[1].rd_stg_inst/Q_reg_reg[3]/CLR
                            (removal check against rising-edge clock dbg_hub/inst/BSCANID.u_xsdbm_id/SWITCH_N_EXT_BSCAN.bscan_inst/SERIES7_BSCAN.bscan_inst/TCK  {rise@0.000ns fall@16.500ns period=33.000ns})
  Path Group:             **async_default**
  Path Type:              Removal (Min at Fast Process Corner)
  Requirement:            0.000ns  (dbg_hub/inst/BSCANID.u_xsdbm_id/SWITCH_N_EXT_BSCAN.bscan_inst/SERIES7_BSCAN.bscan_inst/TCK rise@0.000ns - dbg_hub/inst/BSCANID.u_xsdbm_id/SWITCH_N_EXT_BSCAN.bscan_inst/SERIES7_BSCAN.bscan_inst/TCK rise@0.000ns)
  Data Path Delay:        0.460ns  (logic 0.164ns (35.630%)  route 0.296ns (64.370%))
  Logic Levels:           0  
  Clock Path Skew:        0.270ns (DCD - SCD - CPR)
    Destination Clock Delay (DCD):    1.655ns
    Source Clock Delay      (SCD):    1.276ns
    Clock Pessimism Removal (CPR):    0.109ns

    Location             Delay type                Incr(ns)  Path(ns)    Netlist Resource(s)
  -------------------------------------------------------------------    -------------------
                         (clock dbg_hub/inst/BSCANID.u_xsdbm_id/SWITCH_N_EXT_BSCAN.bscan_inst/SERIES7_BSCAN.bscan_inst/TCK rise edge)
                                                      0.000     0.000 r  
    BSCAN_X0Y0           BSCANE2                      0.000     0.000 r  dbg_hub/inst/BSCANID.u_xsdbm_id/SWITCH_N_EXT_BSCAN.bscan_inst/SERIES7_BSCAN.bscan_inst/TCK
                         net (fo=1, routed)           0.688     0.688    dbg_hub/inst/BSCANID.u_xsdbm_id/tck_bs
    BUFGCTRL_X0Y0        BUFG (Prop_bufg_I_O)         0.026     0.714 r  dbg_hub/inst/BSCANID.u_xsdbm_id/SWITCH_N_EXT_BSCAN.u_bufg_icon_tck/O
                         net (fo=482, routed)         0.562     1.276    dbg_hub/inst/BSCANID.u_xsdbm_id/CORE_XSDB.UUT_MASTER/U_ICON_INTERFACE/U_CMD6_RD/U_RD_FIFO/SUBCORE_FIFO.xsdbm_v3_0_0_rdfifo_inst/inst_fifo_gen/gconvfifo.rf/grf.rf/rstblk/rd_clk
    SLICE_X16Y50         FDPE                                         r  dbg_hub/inst/BSCANID.u_xsdbm_id/CORE_XSDB.UUT_MASTER/U_ICON_INTERFACE/U_CMD6_RD/U_RD_FIFO/SUBCORE_FIFO.xsdbm_v3_0_0_rdfifo_inst/inst_fifo_gen/gconvfifo.rf/grf.rf/rstblk/ngwrdrst.grst.g7serrst.rd_rst_reg_reg[1]/C
  -------------------------------------------------------------------    -------------------
    SLICE_X16Y50         FDPE (Prop_fdpe_C_Q)         0.164     1.440 f  dbg_hub/inst/BSCANID.u_xsdbm_id/CORE_XSDB.UUT_MASTER/U_ICON_INTERFACE/U_CMD6_RD/U_RD_FIFO/SUBCORE_FIFO.xsdbm_v3_0_0_rdfifo_inst/inst_fifo_gen/gconvfifo.rf/grf.rf/rstblk/ngwrdrst.grst.g7serrst.rd_rst_reg_reg[1]/Q
                         net (fo=16, routed)          0.296     1.736    dbg_hub/inst/BSCANID.u_xsdbm_id/CORE_XSDB.UUT_MASTER/U_ICON_INTERFACE/U_CMD6_RD/U_RD_FIFO/SUBCORE_FIFO.xsdbm_v3_0_0_rdfifo_inst/inst_fifo_gen/gconvfifo.rf/grf.rf/gntv_or_sync_fifo.gcx.clkx/gnxpm_cdc.gsync_stage[1].rd_stg_inst/Q_reg_reg[0]_0[0]
    SLICE_X19Y49         FDCE                                         f  dbg_hub/inst/BSCANID.u_xsdbm_id/CORE_XSDB.UUT_MASTER/U_ICON_INTERFACE/U_CMD6_RD/U_RD_FIFO/SUBCORE_FIFO.xsdbm_v3_0_0_rdfifo_inst/inst_fifo_gen/gconvfifo.rf/grf.rf/gntv_or_sync_fifo.gcx.clkx/gnxpm_cdc.gsync_stage[1].rd_stg_inst/Q_reg_reg[3]/CLR
  -------------------------------------------------------------------    -------------------

                         (clock dbg_hub/inst/BSCANID.u_xsdbm_id/SWITCH_N_EXT_BSCAN.bscan_inst/SERIES7_BSCAN.bscan_inst/TCK rise edge)
                                                      0.000     0.000 r  
    BSCAN_X0Y0           BSCANE2                      0.000     0.000 r  dbg_hub/inst/BSCANID.u_xsdbm_id/SWITCH_N_EXT_BSCAN.bscan_inst/SERIES7_BSCAN.bscan_inst/TCK
                         net (fo=1, routed)           0.794     0.794    dbg_hub/inst/BSCANID.u_xsdbm_id/tck_bs
    BUFGCTRL_X0Y0        BUFG (Prop_bufg_I_O)         0.029     0.823 r  dbg_hub/inst/BSCANID.u_xsdbm_id/SWITCH_N_EXT_BSCAN.u_bufg_icon_tck/O
                         net (fo=482, routed)         0.832     1.655    dbg_hub/inst/BSCANID.u_xsdbm_id/CORE_XSDB.UUT_MASTER/U_ICON_INTERFACE/U_CMD6_RD/U_RD_FIFO/SUBCORE_FIFO.xsdbm_v3_0_0_rdfifo_inst/inst_fifo_gen/gconvfifo.rf/grf.rf/gntv_or_sync_fifo.gcx.clkx/gnxpm_cdc.gsync_stage[1].rd_stg_inst/rd_clk
    SLICE_X19Y49         FDCE                                         r  dbg_hub/inst/BSCANID.u_xsdbm_id/CORE_XSDB.UUT_MASTER/U_ICON_INTERFACE/U_CMD6_RD/U_RD_FIFO/SUBCORE_FIFO.xsdbm_v3_0_0_rdfifo_inst/inst_fifo_gen/gconvfifo.rf/grf.rf/gntv_or_sync_fifo.gcx.clkx/gnxpm_cdc.gsync_stage[1].rd_stg_inst/Q_reg_reg[3]/C
                         clock pessimism             -0.109     1.546    
    SLICE_X19Y49         FDCE (Remov_fdce_C_CLR)     -0.092     1.454    dbg_hub/inst/BSCANID.u_xsdbm_id/CORE_XSDB.UUT_MASTER/U_ICON_INTERFACE/U_CMD6_RD/U_RD_FIFO/SUBCORE_FIFO.xsdbm_v3_0_0_rdfifo_inst/inst_fifo_gen/gconvfifo.rf/grf.rf/gntv_or_sync_fifo.gcx.clkx/gnxpm_cdc.gsync_stage[1].rd_stg_inst/Q_reg_reg[3]
  -------------------------------------------------------------------
                         required time                         -1.454    
                         arrival time                           1.736    
  -------------------------------------------------------------------
                         slack                                  0.282    

Slack (MET) :             0.282ns  (arrival time - required time)
  Source:                 dbg_hub/inst/BSCANID.u_xsdbm_id/CORE_XSDB.UUT_MASTER/U_ICON_INTERFACE/U_CMD6_RD/U_RD_FIFO/SUBCORE_FIFO.xsdbm_v3_0_0_rdfifo_inst/inst_fifo_gen/gconvfifo.rf/grf.rf/rstblk/ngwrdrst.grst.g7serrst.rd_rst_reg_reg[1]/C
                            (rising edge-triggered cell FDPE clocked by dbg_hub/inst/BSCANID.u_xsdbm_id/SWITCH_N_EXT_BSCAN.bscan_inst/SERIES7_BSCAN.bscan_inst/TCK  {rise@0.000ns fall@16.500ns period=33.000ns})
  Destination:            dbg_hub/inst/BSCANID.u_xsdbm_id/CORE_XSDB.UUT_MASTER/U_ICON_INTERFACE/U_CMD6_RD/U_RD_FIFO/SUBCORE_FIFO.xsdbm_v3_0_0_rdfifo_inst/inst_fifo_gen/gconvfifo.rf/grf.rf/gntv_or_sync_fifo.gcx.clkx/gnxpm_cdc.gsync_stage[2].rd_stg_inst/Q_reg_reg[3]/CLR
                            (removal check against rising-edge clock dbg_hub/inst/BSCANID.u_xsdbm_id/SWITCH_N_EXT_BSCAN.bscan_inst/SERIES7_BSCAN.bscan_inst/TCK  {rise@0.000ns fall@16.500ns period=33.000ns})
  Path Group:             **async_default**
  Path Type:              Removal (Min at Fast Process Corner)
  Requirement:            0.000ns  (dbg_hub/inst/BSCANID.u_xsdbm_id/SWITCH_N_EXT_BSCAN.bscan_inst/SERIES7_BSCAN.bscan_inst/TCK rise@0.000ns - dbg_hub/inst/BSCANID.u_xsdbm_id/SWITCH_N_EXT_BSCAN.bscan_inst/SERIES7_BSCAN.bscan_inst/TCK rise@0.000ns)
  Data Path Delay:        0.460ns  (logic 0.164ns (35.630%)  route 0.296ns (64.370%))
  Logic Levels:           0  
  Clock Path Skew:        0.270ns (DCD - SCD - CPR)
    Destination Clock Delay (DCD):    1.655ns
    Source Clock Delay      (SCD):    1.276ns
    Clock Pessimism Removal (CPR):    0.109ns

    Location             Delay type                Incr(ns)  Path(ns)    Netlist Resource(s)
  -------------------------------------------------------------------    -------------------
                         (clock dbg_hub/inst/BSCANID.u_xsdbm_id/SWITCH_N_EXT_BSCAN.bscan_inst/SERIES7_BSCAN.bscan_inst/TCK rise edge)
                                                      0.000     0.000 r  
    BSCAN_X0Y0           BSCANE2                      0.000     0.000 r  dbg_hub/inst/BSCANID.u_xsdbm_id/SWITCH_N_EXT_BSCAN.bscan_inst/SERIES7_BSCAN.bscan_inst/TCK
                         net (fo=1, routed)           0.688     0.688    dbg_hub/inst/BSCANID.u_xsdbm_id/tck_bs
    BUFGCTRL_X0Y0        BUFG (Prop_bufg_I_O)         0.026     0.714 r  dbg_hub/inst/BSCANID.u_xsdbm_id/SWITCH_N_EXT_BSCAN.u_bufg_icon_tck/O
                         net (fo=482, routed)         0.562     1.276    dbg_hub/inst/BSCANID.u_xsdbm_id/CORE_XSDB.UUT_MASTER/U_ICON_INTERFACE/U_CMD6_RD/U_RD_FIFO/SUBCORE_FIFO.xsdbm_v3_0_0_rdfifo_inst/inst_fifo_gen/gconvfifo.rf/grf.rf/rstblk/rd_clk
    SLICE_X16Y50         FDPE                                         r  dbg_hub/inst/BSCANID.u_xsdbm_id/CORE_XSDB.UUT_MASTER/U_ICON_INTERFACE/U_CMD6_RD/U_RD_FIFO/SUBCORE_FIFO.xsdbm_v3_0_0_rdfifo_inst/inst_fifo_gen/gconvfifo.rf/grf.rf/rstblk/ngwrdrst.grst.g7serrst.rd_rst_reg_reg[1]/C
  -------------------------------------------------------------------    -------------------
    SLICE_X16Y50         FDPE (Prop_fdpe_C_Q)         0.164     1.440 f  dbg_hub/inst/BSCANID.u_xsdbm_id/CORE_XSDB.UUT_MASTER/U_ICON_INTERFACE/U_CMD6_RD/U_RD_FIFO/SUBCORE_FIFO.xsdbm_v3_0_0_rdfifo_inst/inst_fifo_gen/gconvfifo.rf/grf.rf/rstblk/ngwrdrst.grst.g7serrst.rd_rst_reg_reg[1]/Q
                         net (fo=16, routed)          0.296     1.736    dbg_hub/inst/BSCANID.u_xsdbm_id/CORE_XSDB.UUT_MASTER/U_ICON_INTERFACE/U_CMD6_RD/U_RD_FIFO/SUBCORE_FIFO.xsdbm_v3_0_0_rdfifo_inst/inst_fifo_gen/gconvfifo.rf/grf.rf/gntv_or_sync_fifo.gcx.clkx/gnxpm_cdc.gsync_stage[2].rd_stg_inst/Q_reg_reg[0]_0[0]
    SLICE_X19Y49         FDCE                                         f  dbg_hub/inst/BSCANID.u_xsdbm_id/CORE_XSDB.UUT_MASTER/U_ICON_INTERFACE/U_CMD6_RD/U_RD_FIFO/SUBCORE_FIFO.xsdbm_v3_0_0_rdfifo_inst/inst_fifo_gen/gconvfifo.rf/grf.rf/gntv_or_sync_fifo.gcx.clkx/gnxpm_cdc.gsync_stage[2].rd_stg_inst/Q_reg_reg[3]/CLR
  -------------------------------------------------------------------    -------------------

                         (clock dbg_hub/inst/BSCANID.u_xsdbm_id/SWITCH_N_EXT_BSCAN.bscan_inst/SERIES7_BSCAN.bscan_inst/TCK rise edge)
                                                      0.000     0.000 r  
    BSCAN_X0Y0           BSCANE2                      0.000     0.000 r  dbg_hub/inst/BSCANID.u_xsdbm_id/SWITCH_N_EXT_BSCAN.bscan_inst/SERIES7_BSCAN.bscan_inst/TCK
                         net (fo=1, routed)           0.794     0.794    dbg_hub/inst/BSCANID.u_xsdbm_id/tck_bs
    BUFGCTRL_X0Y0        BUFG (Prop_bufg_I_O)         0.029     0.823 r  dbg_hub/inst/BSCANID.u_xsdbm_id/SWITCH_N_EXT_BSCAN.u_bufg_icon_tck/O
                         net (fo=482, routed)         0.832     1.655    dbg_hub/inst/BSCANID.u_xsdbm_id/CORE_XSDB.UUT_MASTER/U_ICON_INTERFACE/U_CMD6_RD/U_RD_FIFO/SUBCORE_FIFO.xsdbm_v3_0_0_rdfifo_inst/inst_fifo_gen/gconvfifo.rf/grf.rf/gntv_or_sync_fifo.gcx.clkx/gnxpm_cdc.gsync_stage[2].rd_stg_inst/rd_clk
    SLICE_X19Y49         FDCE                                         r  dbg_hub/inst/BSCANID.u_xsdbm_id/CORE_XSDB.UUT_MASTER/U_ICON_INTERFACE/U_CMD6_RD/U_RD_FIFO/SUBCORE_FIFO.xsdbm_v3_0_0_rdfifo_inst/inst_fifo_gen/gconvfifo.rf/grf.rf/gntv_or_sync_fifo.gcx.clkx/gnxpm_cdc.gsync_stage[2].rd_stg_inst/Q_reg_reg[3]/C
                         clock pessimism             -0.109     1.546    
    SLICE_X19Y49         FDCE (Remov_fdce_C_CLR)     -0.092     1.454    dbg_hub/inst/BSCANID.u_xsdbm_id/CORE_XSDB.UUT_MASTER/U_ICON_INTERFACE/U_CMD6_RD/U_RD_FIFO/SUBCORE_FIFO.xsdbm_v3_0_0_rdfifo_inst/inst_fifo_gen/gconvfifo.rf/grf.rf/gntv_or_sync_fifo.gcx.clkx/gnxpm_cdc.gsync_stage[2].rd_stg_inst/Q_reg_reg[3]
  -------------------------------------------------------------------
                         required time                         -1.454    
                         arrival time                           1.736    
  -------------------------------------------------------------------
                         slack                                  0.282    

Slack (MET) :             0.282ns  (arrival time - required time)
  Source:                 dbg_hub/inst/BSCANID.u_xsdbm_id/CORE_XSDB.UUT_MASTER/U_ICON_INTERFACE/U_CMD6_RD/U_RD_FIFO/SUBCORE_FIFO.xsdbm_v3_0_0_rdfifo_inst/inst_fifo_gen/gconvfifo.rf/grf.rf/rstblk/ngwrdrst.grst.g7serrst.rd_rst_reg_reg[1]/C
                            (rising edge-triggered cell FDPE clocked by dbg_hub/inst/BSCANID.u_xsdbm_id/SWITCH_N_EXT_BSCAN.bscan_inst/SERIES7_BSCAN.bscan_inst/TCK  {rise@0.000ns fall@16.500ns period=33.000ns})
  Destination:            dbg_hub/inst/BSCANID.u_xsdbm_id/CORE_XSDB.UUT_MASTER/U_ICON_INTERFACE/U_CMD6_RD/U_RD_FIFO/SUBCORE_FIFO.xsdbm_v3_0_0_rdfifo_inst/inst_fifo_gen/gconvfifo.rf/grf.rf/gntv_or_sync_fifo.gcx.clkx/gnxpm_cdc.rd_pntr_gc_reg[0]/CLR
                            (removal check against rising-edge clock dbg_hub/inst/BSCANID.u_xsdbm_id/SWITCH_N_EXT_BSCAN.bscan_inst/SERIES7_BSCAN.bscan_inst/TCK  {rise@0.000ns fall@16.500ns period=33.000ns})
  Path Group:             **async_default**
  Path Type:              Removal (Min at Fast Process Corner)
  Requirement:            0.000ns  (dbg_hub/inst/BSCANID.u_xsdbm_id/SWITCH_N_EXT_BSCAN.bscan_inst/SERIES7_BSCAN.bscan_inst/TCK rise@0.000ns - dbg_hub/inst/BSCANID.u_xsdbm_id/SWITCH_N_EXT_BSCAN.bscan_inst/SERIES7_BSCAN.bscan_inst/TCK rise@0.000ns)
  Data Path Delay:        0.460ns  (logic 0.164ns (35.630%)  route 0.296ns (64.370%))
  Logic Levels:           0  
  Clock Path Skew:        0.270ns (DCD - SCD - CPR)
    Destination Clock Delay (DCD):    1.655ns
    Source Clock Delay      (SCD):    1.276ns
    Clock Pessimism Removal (CPR):    0.109ns

    Location             Delay type                Incr(ns)  Path(ns)    Netlist Resource(s)
  -------------------------------------------------------------------    -------------------
                         (clock dbg_hub/inst/BSCANID.u_xsdbm_id/SWITCH_N_EXT_BSCAN.bscan_inst/SERIES7_BSCAN.bscan_inst/TCK rise edge)
                                                      0.000     0.000 r  
    BSCAN_X0Y0           BSCANE2                      0.000     0.000 r  dbg_hub/inst/BSCANID.u_xsdbm_id/SWITCH_N_EXT_BSCAN.bscan_inst/SERIES7_BSCAN.bscan_inst/TCK
                         net (fo=1, routed)           0.688     0.688    dbg_hub/inst/BSCANID.u_xsdbm_id/tck_bs
    BUFGCTRL_X0Y0        BUFG (Prop_bufg_I_O)         0.026     0.714 r  dbg_hub/inst/BSCANID.u_xsdbm_id/SWITCH_N_EXT_BSCAN.u_bufg_icon_tck/O
                         net (fo=482, routed)         0.562     1.276    dbg_hub/inst/BSCANID.u_xsdbm_id/CORE_XSDB.UUT_MASTER/U_ICON_INTERFACE/U_CMD6_RD/U_RD_FIFO/SUBCORE_FIFO.xsdbm_v3_0_0_rdfifo_inst/inst_fifo_gen/gconvfifo.rf/grf.rf/rstblk/rd_clk
    SLICE_X16Y50         FDPE                                         r  dbg_hub/inst/BSCANID.u_xsdbm_id/CORE_XSDB.UUT_MASTER/U_ICON_INTERFACE/U_CMD6_RD/U_RD_FIFO/SUBCORE_FIFO.xsdbm_v3_0_0_rdfifo_inst/inst_fifo_gen/gconvfifo.rf/grf.rf/rstblk/ngwrdrst.grst.g7serrst.rd_rst_reg_reg[1]/C
  -------------------------------------------------------------------    -------------------
    SLICE_X16Y50         FDPE (Prop_fdpe_C_Q)         0.164     1.440 f  dbg_hub/inst/BSCANID.u_xsdbm_id/CORE_XSDB.UUT_MASTER/U_ICON_INTERFACE/U_CMD6_RD/U_RD_FIFO/SUBCORE_FIFO.xsdbm_v3_0_0_rdfifo_inst/inst_fifo_gen/gconvfifo.rf/grf.rf/rstblk/ngwrdrst.grst.g7serrst.rd_rst_reg_reg[1]/Q
                         net (fo=16, routed)          0.296     1.736    dbg_hub/inst/BSCANID.u_xsdbm_id/CORE_XSDB.UUT_MASTER/U_ICON_INTERFACE/U_CMD6_RD/U_RD_FIFO/SUBCORE_FIFO.xsdbm_v3_0_0_rdfifo_inst/inst_fifo_gen/gconvfifo.rf/grf.rf/gntv_or_sync_fifo.gcx.clkx/Q_reg_reg[0][0]
    SLICE_X19Y49         FDCE                                         f  dbg_hub/inst/BSCANID.u_xsdbm_id/CORE_XSDB.UUT_MASTER/U_ICON_INTERFACE/U_CMD6_RD/U_RD_FIFO/SUBCORE_FIFO.xsdbm_v3_0_0_rdfifo_inst/inst_fifo_gen/gconvfifo.rf/grf.rf/gntv_or_sync_fifo.gcx.clkx/gnxpm_cdc.rd_pntr_gc_reg[0]/CLR
  -------------------------------------------------------------------    -------------------

                         (clock dbg_hub/inst/BSCANID.u_xsdbm_id/SWITCH_N_EXT_BSCAN.bscan_inst/SERIES7_BSCAN.bscan_inst/TCK rise edge)
                                                      0.000     0.000 r  
    BSCAN_X0Y0           BSCANE2                      0.000     0.000 r  dbg_hub/inst/BSCANID.u_xsdbm_id/SWITCH_N_EXT_BSCAN.bscan_inst/SERIES7_BSCAN.bscan_inst/TCK
                         net (fo=1, routed)           0.794     0.794    dbg_hub/inst/BSCANID.u_xsdbm_id/tck_bs
    BUFGCTRL_X0Y0        BUFG (Prop_bufg_I_O)         0.029     0.823 r  dbg_hub/inst/BSCANID.u_xsdbm_id/SWITCH_N_EXT_BSCAN.u_bufg_icon_tck/O
                         net (fo=482, routed)         0.832     1.655    dbg_hub/inst/BSCANID.u_xsdbm_id/CORE_XSDB.UUT_MASTER/U_ICON_INTERFACE/U_CMD6_RD/U_RD_FIFO/SUBCORE_FIFO.xsdbm_v3_0_0_rdfifo_inst/inst_fifo_gen/gconvfifo.rf/grf.rf/gntv_or_sync_fifo.gcx.clkx/rd_clk
    SLICE_X19Y49         FDCE                                         r  dbg_hub/inst/BSCANID.u_xsdbm_id/CORE_XSDB.UUT_MASTER/U_ICON_INTERFACE/U_CMD6_RD/U_RD_FIFO/SUBCORE_FIFO.xsdbm_v3_0_0_rdfifo_inst/inst_fifo_gen/gconvfifo.rf/grf.rf/gntv_or_sync_fifo.gcx.clkx/gnxpm_cdc.rd_pntr_gc_reg[0]/C
                         clock pessimism             -0.109     1.546    
    SLICE_X19Y49         FDCE (Remov_fdce_C_CLR)     -0.092     1.454    dbg_hub/inst/BSCANID.u_xsdbm_id/CORE_XSDB.UUT_MASTER/U_ICON_INTERFACE/U_CMD6_RD/U_RD_FIFO/SUBCORE_FIFO.xsdbm_v3_0_0_rdfifo_inst/inst_fifo_gen/gconvfifo.rf/grf.rf/gntv_or_sync_fifo.gcx.clkx/gnxpm_cdc.rd_pntr_gc_reg[0]
  -------------------------------------------------------------------
                         required time                         -1.454    
                         arrival time                           1.736    
  -------------------------------------------------------------------
                         slack                                  0.282    

Slack (MET) :             0.282ns  (arrival time - required time)
  Source:                 dbg_hub/inst/BSCANID.u_xsdbm_id/CORE_XSDB.UUT_MASTER/U_ICON_INTERFACE/U_CMD6_RD/U_RD_FIFO/SUBCORE_FIFO.xsdbm_v3_0_0_rdfifo_inst/inst_fifo_gen/gconvfifo.rf/grf.rf/rstblk/ngwrdrst.grst.g7serrst.rd_rst_reg_reg[1]/C
                            (rising edge-triggered cell FDPE clocked by dbg_hub/inst/BSCANID.u_xsdbm_id/SWITCH_N_EXT_BSCAN.bscan_inst/SERIES7_BSCAN.bscan_inst/TCK  {rise@0.000ns fall@16.500ns period=33.000ns})
  Destination:            dbg_hub/inst/BSCANID.u_xsdbm_id/CORE_XSDB.UUT_MASTER/U_ICON_INTERFACE/U_CMD6_RD/U_RD_FIFO/SUBCORE_FIFO.xsdbm_v3_0_0_rdfifo_inst/inst_fifo_gen/gconvfifo.rf/grf.rf/gntv_or_sync_fifo.gcx.clkx/gnxpm_cdc.rd_pntr_gc_reg[2]/CLR
                            (removal check against rising-edge clock dbg_hub/inst/BSCANID.u_xsdbm_id/SWITCH_N_EXT_BSCAN.bscan_inst/SERIES7_BSCAN.bscan_inst/TCK  {rise@0.000ns fall@16.500ns period=33.000ns})
  Path Group:             **async_default**
  Path Type:              Removal (Min at Fast Process Corner)
  Requirement:            0.000ns  (dbg_hub/inst/BSCANID.u_xsdbm_id/SWITCH_N_EXT_BSCAN.bscan_inst/SERIES7_BSCAN.bscan_inst/TCK rise@0.000ns - dbg_hub/inst/BSCANID.u_xsdbm_id/SWITCH_N_EXT_BSCAN.bscan_inst/SERIES7_BSCAN.bscan_inst/TCK rise@0.000ns)
  Data Path Delay:        0.460ns  (logic 0.164ns (35.630%)  route 0.296ns (64.370%))
  Logic Levels:           0  
  Clock Path Skew:        0.270ns (DCD - SCD - CPR)
    Destination Clock Delay (DCD):    1.655ns
    Source Clock Delay      (SCD):    1.276ns
    Clock Pessimism Removal (CPR):    0.109ns

    Location             Delay type                Incr(ns)  Path(ns)    Netlist Resource(s)
  -------------------------------------------------------------------    -------------------
                         (clock dbg_hub/inst/BSCANID.u_xsdbm_id/SWITCH_N_EXT_BSCAN.bscan_inst/SERIES7_BSCAN.bscan_inst/TCK rise edge)
                                                      0.000     0.000 r  
    BSCAN_X0Y0           BSCANE2                      0.000     0.000 r  dbg_hub/inst/BSCANID.u_xsdbm_id/SWITCH_N_EXT_BSCAN.bscan_inst/SERIES7_BSCAN.bscan_inst/TCK
                         net (fo=1, routed)           0.688     0.688    dbg_hub/inst/BSCANID.u_xsdbm_id/tck_bs
    BUFGCTRL_X0Y0        BUFG (Prop_bufg_I_O)         0.026     0.714 r  dbg_hub/inst/BSCANID.u_xsdbm_id/SWITCH_N_EXT_BSCAN.u_bufg_icon_tck/O
                         net (fo=482, routed)         0.562     1.276    dbg_hub/inst/BSCANID.u_xsdbm_id/CORE_XSDB.UUT_MASTER/U_ICON_INTERFACE/U_CMD6_RD/U_RD_FIFO/SUBCORE_FIFO.xsdbm_v3_0_0_rdfifo_inst/inst_fifo_gen/gconvfifo.rf/grf.rf/rstblk/rd_clk
    SLICE_X16Y50         FDPE                                         r  dbg_hub/inst/BSCANID.u_xsdbm_id/CORE_XSDB.UUT_MASTER/U_ICON_INTERFACE/U_CMD6_RD/U_RD_FIFO/SUBCORE_FIFO.xsdbm_v3_0_0_rdfifo_inst/inst_fifo_gen/gconvfifo.rf/grf.rf/rstblk/ngwrdrst.grst.g7serrst.rd_rst_reg_reg[1]/C
  -------------------------------------------------------------------    -------------------
    SLICE_X16Y50         FDPE (Prop_fdpe_C_Q)         0.164     1.440 f  dbg_hub/inst/BSCANID.u_xsdbm_id/CORE_XSDB.UUT_MASTER/U_ICON_INTERFACE/U_CMD6_RD/U_RD_FIFO/SUBCORE_FIFO.xsdbm_v3_0_0_rdfifo_inst/inst_fifo_gen/gconvfifo.rf/grf.rf/rstblk/ngwrdrst.grst.g7serrst.rd_rst_reg_reg[1]/Q
                         net (fo=16, routed)          0.296     1.736    dbg_hub/inst/BSCANID.u_xsdbm_id/CORE_XSDB.UUT_MASTER/U_ICON_INTERFACE/U_CMD6_RD/U_RD_FIFO/SUBCORE_FIFO.xsdbm_v3_0_0_rdfifo_inst/inst_fifo_gen/gconvfifo.rf/grf.rf/gntv_or_sync_fifo.gcx.clkx/Q_reg_reg[0][0]
    SLICE_X19Y49         FDCE                                         f  dbg_hub/inst/BSCANID.u_xsdbm_id/CORE_XSDB.UUT_MASTER/U_ICON_INTERFACE/U_CMD6_RD/U_RD_FIFO/SUBCORE_FIFO.xsdbm_v3_0_0_rdfifo_inst/inst_fifo_gen/gconvfifo.rf/grf.rf/gntv_or_sync_fifo.gcx.clkx/gnxpm_cdc.rd_pntr_gc_reg[2]/CLR
  -------------------------------------------------------------------    -------------------

                         (clock dbg_hub/inst/BSCANID.u_xsdbm_id/SWITCH_N_EXT_BSCAN.bscan_inst/SERIES7_BSCAN.bscan_inst/TCK rise edge)
                                                      0.000     0.000 r  
    BSCAN_X0Y0           BSCANE2                      0.000     0.000 r  dbg_hub/inst/BSCANID.u_xsdbm_id/SWITCH_N_EXT_BSCAN.bscan_inst/SERIES7_BSCAN.bscan_inst/TCK
                         net (fo=1, routed)           0.794     0.794    dbg_hub/inst/BSCANID.u_xsdbm_id/tck_bs
    BUFGCTRL_X0Y0        BUFG (Prop_bufg_I_O)         0.029     0.823 r  dbg_hub/inst/BSCANID.u_xsdbm_id/SWITCH_N_EXT_BSCAN.u_bufg_icon_tck/O
                         net (fo=482, routed)         0.832     1.655    dbg_hub/inst/BSCANID.u_xsdbm_id/CORE_XSDB.UUT_MASTER/U_ICON_INTERFACE/U_CMD6_RD/U_RD_FIFO/SUBCORE_FIFO.xsdbm_v3_0_0_rdfifo_inst/inst_fifo_gen/gconvfifo.rf/grf.rf/gntv_or_sync_fifo.gcx.clkx/rd_clk
    SLICE_X19Y49         FDCE                                         r  dbg_hub/inst/BSCANID.u_xsdbm_id/CORE_XSDB.UUT_MASTER/U_ICON_INTERFACE/U_CMD6_RD/U_RD_FIFO/SUBCORE_FIFO.xsdbm_v3_0_0_rdfifo_inst/inst_fifo_gen/gconvfifo.rf/grf.rf/gntv_or_sync_fifo.gcx.clkx/gnxpm_cdc.rd_pntr_gc_reg[2]/C
                         clock pessimism             -0.109     1.546    
    SLICE_X19Y49         FDCE (Remov_fdce_C_CLR)     -0.092     1.454    dbg_hub/inst/BSCANID.u_xsdbm_id/CORE_XSDB.UUT_MASTER/U_ICON_INTERFACE/U_CMD6_RD/U_RD_FIFO/SUBCORE_FIFO.xsdbm_v3_0_0_rdfifo_inst/inst_fifo_gen/gconvfifo.rf/grf.rf/gntv_or_sync_fifo.gcx.clkx/gnxpm_cdc.rd_pntr_gc_reg[2]
  -------------------------------------------------------------------
                         required time                         -1.454    
                         arrival time                           1.736    
  -------------------------------------------------------------------
                         slack                                  0.282    

Slack (MET) :             0.282ns  (arrival time - required time)
  Source:                 dbg_hub/inst/BSCANID.u_xsdbm_id/CORE_XSDB.UUT_MASTER/U_ICON_INTERFACE/U_CMD6_RD/U_RD_FIFO/SUBCORE_FIFO.xsdbm_v3_0_0_rdfifo_inst/inst_fifo_gen/gconvfifo.rf/grf.rf/rstblk/ngwrdrst.grst.g7serrst.rd_rst_reg_reg[1]/C
                            (rising edge-triggered cell FDPE clocked by dbg_hub/inst/BSCANID.u_xsdbm_id/SWITCH_N_EXT_BSCAN.bscan_inst/SERIES7_BSCAN.bscan_inst/TCK  {rise@0.000ns fall@16.500ns period=33.000ns})
  Destination:            dbg_hub/inst/BSCANID.u_xsdbm_id/CORE_XSDB.UUT_MASTER/U_ICON_INTERFACE/U_CMD6_RD/U_RD_FIFO/SUBCORE_FIFO.xsdbm_v3_0_0_rdfifo_inst/inst_fifo_gen/gconvfifo.rf/grf.rf/gntv_or_sync_fifo.gcx.clkx/gnxpm_cdc.wr_pntr_bin_reg[2]/CLR
                            (removal check against rising-edge clock dbg_hub/inst/BSCANID.u_xsdbm_id/SWITCH_N_EXT_BSCAN.bscan_inst/SERIES7_BSCAN.bscan_inst/TCK  {rise@0.000ns fall@16.500ns period=33.000ns})
  Path Group:             **async_default**
  Path Type:              Removal (Min at Fast Process Corner)
  Requirement:            0.000ns  (dbg_hub/inst/BSCANID.u_xsdbm_id/SWITCH_N_EXT_BSCAN.bscan_inst/SERIES7_BSCAN.bscan_inst/TCK rise@0.000ns - dbg_hub/inst/BSCANID.u_xsdbm_id/SWITCH_N_EXT_BSCAN.bscan_inst/SERIES7_BSCAN.bscan_inst/TCK rise@0.000ns)
  Data Path Delay:        0.460ns  (logic 0.164ns (35.630%)  route 0.296ns (64.370%))
  Logic Levels:           0  
  Clock Path Skew:        0.270ns (DCD - SCD - CPR)
    Destination Clock Delay (DCD):    1.655ns
    Source Clock Delay      (SCD):    1.276ns
    Clock Pessimism Removal (CPR):    0.109ns

    Location             Delay type                Incr(ns)  Path(ns)    Netlist Resource(s)
  -------------------------------------------------------------------    -------------------
                         (clock dbg_hub/inst/BSCANID.u_xsdbm_id/SWITCH_N_EXT_BSCAN.bscan_inst/SERIES7_BSCAN.bscan_inst/TCK rise edge)
                                                      0.000     0.000 r  
    BSCAN_X0Y0           BSCANE2                      0.000     0.000 r  dbg_hub/inst/BSCANID.u_xsdbm_id/SWITCH_N_EXT_BSCAN.bscan_inst/SERIES7_BSCAN.bscan_inst/TCK
                         net (fo=1, routed)           0.688     0.688    dbg_hub/inst/BSCANID.u_xsdbm_id/tck_bs
    BUFGCTRL_X0Y0        BUFG (Prop_bufg_I_O)         0.026     0.714 r  dbg_hub/inst/BSCANID.u_xsdbm_id/SWITCH_N_EXT_BSCAN.u_bufg_icon_tck/O
                         net (fo=482, routed)         0.562     1.276    dbg_hub/inst/BSCANID.u_xsdbm_id/CORE_XSDB.UUT_MASTER/U_ICON_INTERFACE/U_CMD6_RD/U_RD_FIFO/SUBCORE_FIFO.xsdbm_v3_0_0_rdfifo_inst/inst_fifo_gen/gconvfifo.rf/grf.rf/rstblk/rd_clk
    SLICE_X16Y50         FDPE                                         r  dbg_hub/inst/BSCANID.u_xsdbm_id/CORE_XSDB.UUT_MASTER/U_ICON_INTERFACE/U_CMD6_RD/U_RD_FIFO/SUBCORE_FIFO.xsdbm_v3_0_0_rdfifo_inst/inst_fifo_gen/gconvfifo.rf/grf.rf/rstblk/ngwrdrst.grst.g7serrst.rd_rst_reg_reg[1]/C
  -------------------------------------------------------------------    -------------------
    SLICE_X16Y50         FDPE (Prop_fdpe_C_Q)         0.164     1.440 f  dbg_hub/inst/BSCANID.u_xsdbm_id/CORE_XSDB.UUT_MASTER/U_ICON_INTERFACE/U_CMD6_RD/U_RD_FIFO/SUBCORE_FIFO.xsdbm_v3_0_0_rdfifo_inst/inst_fifo_gen/gconvfifo.rf/grf.rf/rstblk/ngwrdrst.grst.g7serrst.rd_rst_reg_reg[1]/Q
                         net (fo=16, routed)          0.296     1.736    dbg_hub/inst/BSCANID.u_xsdbm_id/CORE_XSDB.UUT_MASTER/U_ICON_INTERFACE/U_CMD6_RD/U_RD_FIFO/SUBCORE_FIFO.xsdbm_v3_0_0_rdfifo_inst/inst_fifo_gen/gconvfifo.rf/grf.rf/gntv_or_sync_fifo.gcx.clkx/Q_reg_reg[0][0]
    SLICE_X19Y49         FDCE                                         f  dbg_hub/inst/BSCANID.u_xsdbm_id/CORE_XSDB.UUT_MASTER/U_ICON_INTERFACE/U_CMD6_RD/U_RD_FIFO/SUBCORE_FIFO.xsdbm_v3_0_0_rdfifo_inst/inst_fifo_gen/gconvfifo.rf/grf.rf/gntv_or_sync_fifo.gcx.clkx/gnxpm_cdc.wr_pntr_bin_reg[2]/CLR
  -------------------------------------------------------------------    -------------------

                         (clock dbg_hub/inst/BSCANID.u_xsdbm_id/SWITCH_N_EXT_BSCAN.bscan_inst/SERIES7_BSCAN.bscan_inst/TCK rise edge)
                                                      0.000     0.000 r  
    BSCAN_X0Y0           BSCANE2                      0.000     0.000 r  dbg_hub/inst/BSCANID.u_xsdbm_id/SWITCH_N_EXT_BSCAN.bscan_inst/SERIES7_BSCAN.bscan_inst/TCK
                         net (fo=1, routed)           0.794     0.794    dbg_hub/inst/BSCANID.u_xsdbm_id/tck_bs
    BUFGCTRL_X0Y0        BUFG (Prop_bufg_I_O)         0.029     0.823 r  dbg_hub/inst/BSCANID.u_xsdbm_id/SWITCH_N_EXT_BSCAN.u_bufg_icon_tck/O
                         net (fo=482, routed)         0.832     1.655    dbg_hub/inst/BSCANID.u_xsdbm_id/CORE_XSDB.UUT_MASTER/U_ICON_INTERFACE/U_CMD6_RD/U_RD_FIFO/SUBCORE_FIFO.xsdbm_v3_0_0_rdfifo_inst/inst_fifo_gen/gconvfifo.rf/grf.rf/gntv_or_sync_fifo.gcx.clkx/rd_clk
    SLICE_X19Y49         FDCE                                         r  dbg_hub/inst/BSCANID.u_xsdbm_id/CORE_XSDB.UUT_MASTER/U_ICON_INTERFACE/U_CMD6_RD/U_RD_FIFO/SUBCORE_FIFO.xsdbm_v3_0_0_rdfifo_inst/inst_fifo_gen/gconvfifo.rf/grf.rf/gntv_or_sync_fifo.gcx.clkx/gnxpm_cdc.wr_pntr_bin_reg[2]/C
                         clock pessimism             -0.109     1.546    
    SLICE_X19Y49         FDCE (Remov_fdce_C_CLR)     -0.092     1.454    dbg_hub/inst/BSCANID.u_xsdbm_id/CORE_XSDB.UUT_MASTER/U_ICON_INTERFACE/U_CMD6_RD/U_RD_FIFO/SUBCORE_FIFO.xsdbm_v3_0_0_rdfifo_inst/inst_fifo_gen/gconvfifo.rf/grf.rf/gntv_or_sync_fifo.gcx.clkx/gnxpm_cdc.wr_pntr_bin_reg[2]
  -------------------------------------------------------------------
                         required time                         -1.454    
                         arrival time                           1.736    
  -------------------------------------------------------------------
                         slack                                  0.282    

Slack (MET) :             0.282ns  (arrival time - required time)
  Source:                 dbg_hub/inst/BSCANID.u_xsdbm_id/CORE_XSDB.UUT_MASTER/U_ICON_INTERFACE/U_CMD6_RD/U_RD_FIFO/SUBCORE_FIFO.xsdbm_v3_0_0_rdfifo_inst/inst_fifo_gen/gconvfifo.rf/grf.rf/rstblk/ngwrdrst.grst.g7serrst.rd_rst_reg_reg[1]/C
                            (rising edge-triggered cell FDPE clocked by dbg_hub/inst/BSCANID.u_xsdbm_id/SWITCH_N_EXT_BSCAN.bscan_inst/SERIES7_BSCAN.bscan_inst/TCK  {rise@0.000ns fall@16.500ns period=33.000ns})
  Destination:            dbg_hub/inst/BSCANID.u_xsdbm_id/CORE_XSDB.UUT_MASTER/U_ICON_INTERFACE/U_CMD6_RD/U_RD_FIFO/SUBCORE_FIFO.xsdbm_v3_0_0_rdfifo_inst/inst_fifo_gen/gconvfifo.rf/grf.rf/gntv_or_sync_fifo.gcx.clkx/gnxpm_cdc.wr_pntr_bin_reg[3]/CLR
                            (removal check against rising-edge clock dbg_hub/inst/BSCANID.u_xsdbm_id/SWITCH_N_EXT_BSCAN.bscan_inst/SERIES7_BSCAN.bscan_inst/TCK  {rise@0.000ns fall@16.500ns period=33.000ns})
  Path Group:             **async_default**
  Path Type:              Removal (Min at Fast Process Corner)
  Requirement:            0.000ns  (dbg_hub/inst/BSCANID.u_xsdbm_id/SWITCH_N_EXT_BSCAN.bscan_inst/SERIES7_BSCAN.bscan_inst/TCK rise@0.000ns - dbg_hub/inst/BSCANID.u_xsdbm_id/SWITCH_N_EXT_BSCAN.bscan_inst/SERIES7_BSCAN.bscan_inst/TCK rise@0.000ns)
  Data Path Delay:        0.460ns  (logic 0.164ns (35.630%)  route 0.296ns (64.370%))
  Logic Levels:           0  
  Clock Path Skew:        0.270ns (DCD - SCD - CPR)
    Destination Clock Delay (DCD):    1.655ns
    Source Clock Delay      (SCD):    1.276ns
    Clock Pessimism Removal (CPR):    0.109ns

    Location             Delay type                Incr(ns)  Path(ns)    Netlist Resource(s)
  -------------------------------------------------------------------    -------------------
                         (clock dbg_hub/inst/BSCANID.u_xsdbm_id/SWITCH_N_EXT_BSCAN.bscan_inst/SERIES7_BSCAN.bscan_inst/TCK rise edge)
                                                      0.000     0.000 r  
    BSCAN_X0Y0           BSCANE2                      0.000     0.000 r  dbg_hub/inst/BSCANID.u_xsdbm_id/SWITCH_N_EXT_BSCAN.bscan_inst/SERIES7_BSCAN.bscan_inst/TCK
                         net (fo=1, routed)           0.688     0.688    dbg_hub/inst/BSCANID.u_xsdbm_id/tck_bs
    BUFGCTRL_X0Y0        BUFG (Prop_bufg_I_O)         0.026     0.714 r  dbg_hub/inst/BSCANID.u_xsdbm_id/SWITCH_N_EXT_BSCAN.u_bufg_icon_tck/O
                         net (fo=482, routed)         0.562     1.276    dbg_hub/inst/BSCANID.u_xsdbm_id/CORE_XSDB.UUT_MASTER/U_ICON_INTERFACE/U_CMD6_RD/U_RD_FIFO/SUBCORE_FIFO.xsdbm_v3_0_0_rdfifo_inst/inst_fifo_gen/gconvfifo.rf/grf.rf/rstblk/rd_clk
    SLICE_X16Y50         FDPE                                         r  dbg_hub/inst/BSCANID.u_xsdbm_id/CORE_XSDB.UUT_MASTER/U_ICON_INTERFACE/U_CMD6_RD/U_RD_FIFO/SUBCORE_FIFO.xsdbm_v3_0_0_rdfifo_inst/inst_fifo_gen/gconvfifo.rf/grf.rf/rstblk/ngwrdrst.grst.g7serrst.rd_rst_reg_reg[1]/C
  -------------------------------------------------------------------    -------------------
    SLICE_X16Y50         FDPE (Prop_fdpe_C_Q)         0.164     1.440 f  dbg_hub/inst/BSCANID.u_xsdbm_id/CORE_XSDB.UUT_MASTER/U_ICON_INTERFACE/U_CMD6_RD/U_RD_FIFO/SUBCORE_FIFO.xsdbm_v3_0_0_rdfifo_inst/inst_fifo_gen/gconvfifo.rf/grf.rf/rstblk/ngwrdrst.grst.g7serrst.rd_rst_reg_reg[1]/Q
                         net (fo=16, routed)          0.296     1.736    dbg_hub/inst/BSCANID.u_xsdbm_id/CORE_XSDB.UUT_MASTER/U_ICON_INTERFACE/U_CMD6_RD/U_RD_FIFO/SUBCORE_FIFO.xsdbm_v3_0_0_rdfifo_inst/inst_fifo_gen/gconvfifo.rf/grf.rf/gntv_or_sync_fifo.gcx.clkx/Q_reg_reg[0][0]
    SLICE_X19Y49         FDCE                                         f  dbg_hub/inst/BSCANID.u_xsdbm_id/CORE_XSDB.UUT_MASTER/U_ICON_INTERFACE/U_CMD6_RD/U_RD_FIFO/SUBCORE_FIFO.xsdbm_v3_0_0_rdfifo_inst/inst_fifo_gen/gconvfifo.rf/grf.rf/gntv_or_sync_fifo.gcx.clkx/gnxpm_cdc.wr_pntr_bin_reg[3]/CLR
  -------------------------------------------------------------------    -------------------

                         (clock dbg_hub/inst/BSCANID.u_xsdbm_id/SWITCH_N_EXT_BSCAN.bscan_inst/SERIES7_BSCAN.bscan_inst/TCK rise edge)
                                                      0.000     0.000 r  
    BSCAN_X0Y0           BSCANE2                      0.000     0.000 r  dbg_hub/inst/BSCANID.u_xsdbm_id/SWITCH_N_EXT_BSCAN.bscan_inst/SERIES7_BSCAN.bscan_inst/TCK
                         net (fo=1, routed)           0.794     0.794    dbg_hub/inst/BSCANID.u_xsdbm_id/tck_bs
    BUFGCTRL_X0Y0        BUFG (Prop_bufg_I_O)         0.029     0.823 r  dbg_hub/inst/BSCANID.u_xsdbm_id/SWITCH_N_EXT_BSCAN.u_bufg_icon_tck/O
                         net (fo=482, routed)         0.832     1.655    dbg_hub/inst/BSCANID.u_xsdbm_id/CORE_XSDB.UUT_MASTER/U_ICON_INTERFACE/U_CMD6_RD/U_RD_FIFO/SUBCORE_FIFO.xsdbm_v3_0_0_rdfifo_inst/inst_fifo_gen/gconvfifo.rf/grf.rf/gntv_or_sync_fifo.gcx.clkx/rd_clk
    SLICE_X19Y49         FDCE                                         r  dbg_hub/inst/BSCANID.u_xsdbm_id/CORE_XSDB.UUT_MASTER/U_ICON_INTERFACE/U_CMD6_RD/U_RD_FIFO/SUBCORE_FIFO.xsdbm_v3_0_0_rdfifo_inst/inst_fifo_gen/gconvfifo.rf/grf.rf/gntv_or_sync_fifo.gcx.clkx/gnxpm_cdc.wr_pntr_bin_reg[3]/C
                         clock pessimism             -0.109     1.546    
    SLICE_X19Y49         FDCE (Remov_fdce_C_CLR)     -0.092     1.454    dbg_hub/inst/BSCANID.u_xsdbm_id/CORE_XSDB.UUT_MASTER/U_ICON_INTERFACE/U_CMD6_RD/U_RD_FIFO/SUBCORE_FIFO.xsdbm_v3_0_0_rdfifo_inst/inst_fifo_gen/gconvfifo.rf/grf.rf/gntv_or_sync_fifo.gcx.clkx/gnxpm_cdc.wr_pntr_bin_reg[3]
  -------------------------------------------------------------------
                         required time                         -1.454    
                         arrival time                           1.736    
  -------------------------------------------------------------------
                         slack                                  0.282    

Slack (MET) :             0.286ns  (arrival time - required time)
  Source:                 dbg_hub/inst/BSCANID.u_xsdbm_id/CORE_XSDB.UUT_MASTER/U_ICON_INTERFACE/U_CMD6_RD/U_RD_FIFO/SUBCORE_FIFO.xsdbm_v3_0_0_rdfifo_inst/inst_fifo_gen/gconvfifo.rf/grf.rf/rstblk/ngwrdrst.grst.g7serrst.rd_rst_reg_reg[1]/C
                            (rising edge-triggered cell FDPE clocked by dbg_hub/inst/BSCANID.u_xsdbm_id/SWITCH_N_EXT_BSCAN.bscan_inst/SERIES7_BSCAN.bscan_inst/TCK  {rise@0.000ns fall@16.500ns period=33.000ns})
  Destination:            dbg_hub/inst/BSCANID.u_xsdbm_id/CORE_XSDB.UUT_MASTER/U_ICON_INTERFACE/U_CMD6_RD/U_RD_FIFO/SUBCORE_FIFO.xsdbm_v3_0_0_rdfifo_inst/inst_fifo_gen/gconvfifo.rf/grf.rf/gntv_or_sync_fifo.gcx.clkx/gnxpm_cdc.gsync_stage[1].rd_stg_inst/Q_reg_reg[0]/CLR
                            (removal check against rising-edge clock dbg_hub/inst/BSCANID.u_xsdbm_id/SWITCH_N_EXT_BSCAN.bscan_inst/SERIES7_BSCAN.bscan_inst/TCK  {rise@0.000ns fall@16.500ns period=33.000ns})
  Path Group:             **async_default**
  Path Type:              Removal (Min at Fast Process Corner)
  Requirement:            0.000ns  (dbg_hub/inst/BSCANID.u_xsdbm_id/SWITCH_N_EXT_BSCAN.bscan_inst/SERIES7_BSCAN.bscan_inst/TCK rise@0.000ns - dbg_hub/inst/BSCANID.u_xsdbm_id/SWITCH_N_EXT_BSCAN.bscan_inst/SERIES7_BSCAN.bscan_inst/TCK rise@0.000ns)
  Data Path Delay:        0.465ns  (logic 0.164ns (35.297%)  route 0.301ns (64.703%))
  Logic Levels:           0  
  Clock Path Skew:        0.270ns (DCD - SCD - CPR)
    Destination Clock Delay (DCD):    1.655ns
    Source Clock Delay      (SCD):    1.276ns
    Clock Pessimism Removal (CPR):    0.109ns

    Location             Delay type                Incr(ns)  Path(ns)    Netlist Resource(s)
  -------------------------------------------------------------------    -------------------
                         (clock dbg_hub/inst/BSCANID.u_xsdbm_id/SWITCH_N_EXT_BSCAN.bscan_inst/SERIES7_BSCAN.bscan_inst/TCK rise edge)
                                                      0.000     0.000 r  
    BSCAN_X0Y0           BSCANE2                      0.000     0.000 r  dbg_hub/inst/BSCANID.u_xsdbm_id/SWITCH_N_EXT_BSCAN.bscan_inst/SERIES7_BSCAN.bscan_inst/TCK
                         net (fo=1, routed)           0.688     0.688    dbg_hub/inst/BSCANID.u_xsdbm_id/tck_bs
    BUFGCTRL_X0Y0        BUFG (Prop_bufg_I_O)         0.026     0.714 r  dbg_hub/inst/BSCANID.u_xsdbm_id/SWITCH_N_EXT_BSCAN.u_bufg_icon_tck/O
                         net (fo=482, routed)         0.562     1.276    dbg_hub/inst/BSCANID.u_xsdbm_id/CORE_XSDB.UUT_MASTER/U_ICON_INTERFACE/U_CMD6_RD/U_RD_FIFO/SUBCORE_FIFO.xsdbm_v3_0_0_rdfifo_inst/inst_fifo_gen/gconvfifo.rf/grf.rf/rstblk/rd_clk
    SLICE_X16Y50         FDPE                                         r  dbg_hub/inst/BSCANID.u_xsdbm_id/CORE_XSDB.UUT_MASTER/U_ICON_INTERFACE/U_CMD6_RD/U_RD_FIFO/SUBCORE_FIFO.xsdbm_v3_0_0_rdfifo_inst/inst_fifo_gen/gconvfifo.rf/grf.rf/rstblk/ngwrdrst.grst.g7serrst.rd_rst_reg_reg[1]/C
  -------------------------------------------------------------------    -------------------
    SLICE_X16Y50         FDPE (Prop_fdpe_C_Q)         0.164     1.440 f  dbg_hub/inst/BSCANID.u_xsdbm_id/CORE_XSDB.UUT_MASTER/U_ICON_INTERFACE/U_CMD6_RD/U_RD_FIFO/SUBCORE_FIFO.xsdbm_v3_0_0_rdfifo_inst/inst_fifo_gen/gconvfifo.rf/grf.rf/rstblk/ngwrdrst.grst.g7serrst.rd_rst_reg_reg[1]/Q
                         net (fo=16, routed)          0.301     1.740    dbg_hub/inst/BSCANID.u_xsdbm_id/CORE_XSDB.UUT_MASTER/U_ICON_INTERFACE/U_CMD6_RD/U_RD_FIFO/SUBCORE_FIFO.xsdbm_v3_0_0_rdfifo_inst/inst_fifo_gen/gconvfifo.rf/grf.rf/gntv_or_sync_fifo.gcx.clkx/gnxpm_cdc.gsync_stage[1].rd_stg_inst/Q_reg_reg[0]_0[0]
    SLICE_X18Y49         FDCE                                         f  dbg_hub/inst/BSCANID.u_xsdbm_id/CORE_XSDB.UUT_MASTER/U_ICON_INTERFACE/U_CMD6_RD/U_RD_FIFO/SUBCORE_FIFO.xsdbm_v3_0_0_rdfifo_inst/inst_fifo_gen/gconvfifo.rf/grf.rf/gntv_or_sync_fifo.gcx.clkx/gnxpm_cdc.gsync_stage[1].rd_stg_inst/Q_reg_reg[0]/CLR
  -------------------------------------------------------------------    -------------------

                         (clock dbg_hub/inst/BSCANID.u_xsdbm_id/SWITCH_N_EXT_BSCAN.bscan_inst/SERIES7_BSCAN.bscan_inst/TCK rise edge)
                                                      0.000     0.000 r  
    BSCAN_X0Y0           BSCANE2                      0.000     0.000 r  dbg_hub/inst/BSCANID.u_xsdbm_id/SWITCH_N_EXT_BSCAN.bscan_inst/SERIES7_BSCAN.bscan_inst/TCK
                         net (fo=1, routed)           0.794     0.794    dbg_hub/inst/BSCANID.u_xsdbm_id/tck_bs
    BUFGCTRL_X0Y0        BUFG (Prop_bufg_I_O)         0.029     0.823 r  dbg_hub/inst/BSCANID.u_xsdbm_id/SWITCH_N_EXT_BSCAN.u_bufg_icon_tck/O
                         net (fo=482, routed)         0.832     1.655    dbg_hub/inst/BSCANID.u_xsdbm_id/CORE_XSDB.UUT_MASTER/U_ICON_INTERFACE/U_CMD6_RD/U_RD_FIFO/SUBCORE_FIFO.xsdbm_v3_0_0_rdfifo_inst/inst_fifo_gen/gconvfifo.rf/grf.rf/gntv_or_sync_fifo.gcx.clkx/gnxpm_cdc.gsync_stage[1].rd_stg_inst/rd_clk
    SLICE_X18Y49         FDCE                                         r  dbg_hub/inst/BSCANID.u_xsdbm_id/CORE_XSDB.UUT_MASTER/U_ICON_INTERFACE/U_CMD6_RD/U_RD_FIFO/SUBCORE_FIFO.xsdbm_v3_0_0_rdfifo_inst/inst_fifo_gen/gconvfifo.rf/grf.rf/gntv_or_sync_fifo.gcx.clkx/gnxpm_cdc.gsync_stage[1].rd_stg_inst/Q_reg_reg[0]/C
                         clock pessimism             -0.109     1.546    
    SLICE_X18Y49         FDCE (Remov_fdce_C_CLR)     -0.092     1.454    dbg_hub/inst/BSCANID.u_xsdbm_id/CORE_XSDB.UUT_MASTER/U_ICON_INTERFACE/U_CMD6_RD/U_RD_FIFO/SUBCORE_FIFO.xsdbm_v3_0_0_rdfifo_inst/inst_fifo_gen/gconvfifo.rf/grf.rf/gntv_or_sync_fifo.gcx.clkx/gnxpm_cdc.gsync_stage[1].rd_stg_inst/Q_reg_reg[0]
  -------------------------------------------------------------------
                         required time                         -1.454    
                         arrival time                           1.740    
  -------------------------------------------------------------------
                         slack                                  0.286    

Slack (MET) :             0.286ns  (arrival time - required time)
  Source:                 dbg_hub/inst/BSCANID.u_xsdbm_id/CORE_XSDB.UUT_MASTER/U_ICON_INTERFACE/U_CMD6_RD/U_RD_FIFO/SUBCORE_FIFO.xsdbm_v3_0_0_rdfifo_inst/inst_fifo_gen/gconvfifo.rf/grf.rf/rstblk/ngwrdrst.grst.g7serrst.rd_rst_reg_reg[1]/C
                            (rising edge-triggered cell FDPE clocked by dbg_hub/inst/BSCANID.u_xsdbm_id/SWITCH_N_EXT_BSCAN.bscan_inst/SERIES7_BSCAN.bscan_inst/TCK  {rise@0.000ns fall@16.500ns period=33.000ns})
  Destination:            dbg_hub/inst/BSCANID.u_xsdbm_id/CORE_XSDB.UUT_MASTER/U_ICON_INTERFACE/U_CMD6_RD/U_RD_FIFO/SUBCORE_FIFO.xsdbm_v3_0_0_rdfifo_inst/inst_fifo_gen/gconvfifo.rf/grf.rf/gntv_or_sync_fifo.gcx.clkx/gnxpm_cdc.gsync_stage[1].rd_stg_inst/Q_reg_reg[1]/CLR
                            (removal check against rising-edge clock dbg_hub/inst/BSCANID.u_xsdbm_id/SWITCH_N_EXT_BSCAN.bscan_inst/SERIES7_BSCAN.bscan_inst/TCK  {rise@0.000ns fall@16.500ns period=33.000ns})
  Path Group:             **async_default**
  Path Type:              Removal (Min at Fast Process Corner)
  Requirement:            0.000ns  (dbg_hub/inst/BSCANID.u_xsdbm_id/SWITCH_N_EXT_BSCAN.bscan_inst/SERIES7_BSCAN.bscan_inst/TCK rise@0.000ns - dbg_hub/inst/BSCANID.u_xsdbm_id/SWITCH_N_EXT_BSCAN.bscan_inst/SERIES7_BSCAN.bscan_inst/TCK rise@0.000ns)
  Data Path Delay:        0.465ns  (logic 0.164ns (35.297%)  route 0.301ns (64.703%))
  Logic Levels:           0  
  Clock Path Skew:        0.270ns (DCD - SCD - CPR)
    Destination Clock Delay (DCD):    1.655ns
    Source Clock Delay      (SCD):    1.276ns
    Clock Pessimism Removal (CPR):    0.109ns

    Location             Delay type                Incr(ns)  Path(ns)    Netlist Resource(s)
  -------------------------------------------------------------------    -------------------
                         (clock dbg_hub/inst/BSCANID.u_xsdbm_id/SWITCH_N_EXT_BSCAN.bscan_inst/SERIES7_BSCAN.bscan_inst/TCK rise edge)
                                                      0.000     0.000 r  
    BSCAN_X0Y0           BSCANE2                      0.000     0.000 r  dbg_hub/inst/BSCANID.u_xsdbm_id/SWITCH_N_EXT_BSCAN.bscan_inst/SERIES7_BSCAN.bscan_inst/TCK
                         net (fo=1, routed)           0.688     0.688    dbg_hub/inst/BSCANID.u_xsdbm_id/tck_bs
    BUFGCTRL_X0Y0        BUFG (Prop_bufg_I_O)         0.026     0.714 r  dbg_hub/inst/BSCANID.u_xsdbm_id/SWITCH_N_EXT_BSCAN.u_bufg_icon_tck/O
                         net (fo=482, routed)         0.562     1.276    dbg_hub/inst/BSCANID.u_xsdbm_id/CORE_XSDB.UUT_MASTER/U_ICON_INTERFACE/U_CMD6_RD/U_RD_FIFO/SUBCORE_FIFO.xsdbm_v3_0_0_rdfifo_inst/inst_fifo_gen/gconvfifo.rf/grf.rf/rstblk/rd_clk
    SLICE_X16Y50         FDPE                                         r  dbg_hub/inst/BSCANID.u_xsdbm_id/CORE_XSDB.UUT_MASTER/U_ICON_INTERFACE/U_CMD6_RD/U_RD_FIFO/SUBCORE_FIFO.xsdbm_v3_0_0_rdfifo_inst/inst_fifo_gen/gconvfifo.rf/grf.rf/rstblk/ngwrdrst.grst.g7serrst.rd_rst_reg_reg[1]/C
  -------------------------------------------------------------------    -------------------
    SLICE_X16Y50         FDPE (Prop_fdpe_C_Q)         0.164     1.440 f  dbg_hub/inst/BSCANID.u_xsdbm_id/CORE_XSDB.UUT_MASTER/U_ICON_INTERFACE/U_CMD6_RD/U_RD_FIFO/SUBCORE_FIFO.xsdbm_v3_0_0_rdfifo_inst/inst_fifo_gen/gconvfifo.rf/grf.rf/rstblk/ngwrdrst.grst.g7serrst.rd_rst_reg_reg[1]/Q
                         net (fo=16, routed)          0.301     1.740    dbg_hub/inst/BSCANID.u_xsdbm_id/CORE_XSDB.UUT_MASTER/U_ICON_INTERFACE/U_CMD6_RD/U_RD_FIFO/SUBCORE_FIFO.xsdbm_v3_0_0_rdfifo_inst/inst_fifo_gen/gconvfifo.rf/grf.rf/gntv_or_sync_fifo.gcx.clkx/gnxpm_cdc.gsync_stage[1].rd_stg_inst/Q_reg_reg[0]_0[0]
    SLICE_X18Y49         FDCE                                         f  dbg_hub/inst/BSCANID.u_xsdbm_id/CORE_XSDB.UUT_MASTER/U_ICON_INTERFACE/U_CMD6_RD/U_RD_FIFO/SUBCORE_FIFO.xsdbm_v3_0_0_rdfifo_inst/inst_fifo_gen/gconvfifo.rf/grf.rf/gntv_or_sync_fifo.gcx.clkx/gnxpm_cdc.gsync_stage[1].rd_stg_inst/Q_reg_reg[1]/CLR
  -------------------------------------------------------------------    -------------------

                         (clock dbg_hub/inst/BSCANID.u_xsdbm_id/SWITCH_N_EXT_BSCAN.bscan_inst/SERIES7_BSCAN.bscan_inst/TCK rise edge)
                                                      0.000     0.000 r  
    BSCAN_X0Y0           BSCANE2                      0.000     0.000 r  dbg_hub/inst/BSCANID.u_xsdbm_id/SWITCH_N_EXT_BSCAN.bscan_inst/SERIES7_BSCAN.bscan_inst/TCK
                         net (fo=1, routed)           0.794     0.794    dbg_hub/inst/BSCANID.u_xsdbm_id/tck_bs
    BUFGCTRL_X0Y0        BUFG (Prop_bufg_I_O)         0.029     0.823 r  dbg_hub/inst/BSCANID.u_xsdbm_id/SWITCH_N_EXT_BSCAN.u_bufg_icon_tck/O
                         net (fo=482, routed)         0.832     1.655    dbg_hub/inst/BSCANID.u_xsdbm_id/CORE_XSDB.UUT_MASTER/U_ICON_INTERFACE/U_CMD6_RD/U_RD_FIFO/SUBCORE_FIFO.xsdbm_v3_0_0_rdfifo_inst/inst_fifo_gen/gconvfifo.rf/grf.rf/gntv_or_sync_fifo.gcx.clkx/gnxpm_cdc.gsync_stage[1].rd_stg_inst/rd_clk
    SLICE_X18Y49         FDCE                                         r  dbg_hub/inst/BSCANID.u_xsdbm_id/CORE_XSDB.UUT_MASTER/U_ICON_INTERFACE/U_CMD6_RD/U_RD_FIFO/SUBCORE_FIFO.xsdbm_v3_0_0_rdfifo_inst/inst_fifo_gen/gconvfifo.rf/grf.rf/gntv_or_sync_fifo.gcx.clkx/gnxpm_cdc.gsync_stage[1].rd_stg_inst/Q_reg_reg[1]/C
                         clock pessimism             -0.109     1.546    
    SLICE_X18Y49         FDCE (Remov_fdce_C_CLR)     -0.092     1.454    dbg_hub/inst/BSCANID.u_xsdbm_id/CORE_XSDB.UUT_MASTER/U_ICON_INTERFACE/U_CMD6_RD/U_RD_FIFO/SUBCORE_FIFO.xsdbm_v3_0_0_rdfifo_inst/inst_fifo_gen/gconvfifo.rf/grf.rf/gntv_or_sync_fifo.gcx.clkx/gnxpm_cdc.gsync_stage[1].rd_stg_inst/Q_reg_reg[1]
  -------------------------------------------------------------------
                         required time                         -1.454    
                         arrival time                           1.740    
  -------------------------------------------------------------------
                         slack                                  0.286    





---------------------------------------------------------------------------------------------------
Path Group:  **async_default**
From Clock:  sys_clk_pin
  To Clock:  sys_clk_pin

Setup :            0  Failing Endpoints,  Worst Slack        5.488ns,  Total Violation        0.000ns
Hold  :            0  Failing Endpoints,  Worst Slack        0.207ns,  Total Violation        0.000ns
---------------------------------------------------------------------------------------------------


Max Delay Paths
--------------------------------------------------------------------------------------
Slack (MET) :             5.488ns  (required time - arrival time)
  Source:                 dbg_hub/inst/BSCANID.u_xsdbm_id/CORE_XSDB.UUT_MASTER/U_ICON_INTERFACE/U_CMD1/ctl_reg_reg[0]/C
                            (rising edge-triggered cell FDRE clocked by sys_clk_pin  {rise@0.000ns fall@5.000ns period=10.000ns})
  Destination:            dbg_hub/inst/BSCANID.u_xsdbm_id/CORE_XSDB.UUT_MASTER/U_XSDB_BUS_CONTROLLER/in_read_mode_reg/CLR
                            (recovery check against rising-edge clock sys_clk_pin  {rise@0.000ns fall@5.000ns period=10.000ns})
  Path Group:             **async_default**
  Path Type:              Recovery (Max at Slow Process Corner)
  Requirement:            10.000ns  (sys_clk_pin rise@10.000ns - sys_clk_pin rise@0.000ns)
  Data Path Delay:        4.013ns  (logic 0.518ns (12.908%)  route 3.495ns (87.092%))
  Logic Levels:           0  
  Clock Path Skew:        -0.059ns (DCD - SCD + CPR)
    Destination Clock Delay (DCD):    4.853ns = ( 14.853 - 10.000 ) 
    Source Clock Delay      (SCD):    5.302ns
    Clock Pessimism Removal (CPR):    0.391ns
  Clock Uncertainty:      0.035ns  ((TSJ^2 + TIJ^2)^1/2 + DJ) / 2 + PE
    Total System Jitter     (TSJ):    0.071ns
    Total Input Jitter      (TIJ):    0.000ns
    Discrete Jitter          (DJ):    0.000ns
    Phase Error              (PE):    0.000ns

    Location             Delay type                Incr(ns)  Path(ns)    Netlist Resource(s)
  -------------------------------------------------------------------    -------------------
                         (clock sys_clk_pin rise edge)
                                                      0.000     0.000 r  
    H16                                               0.000     0.000 r  clk (IN)
                         net (fo=0)                   0.000     0.000    clk
    H16                  IBUF (Prop_ibuf_I_O)         1.457     1.457 r  clk_IBUF_inst/O
                         net (fo=1, routed)           2.076     3.533    clk_IBUF
    BUFGCTRL_X0Y16       BUFG (Prop_bufg_I_O)         0.101     3.634 r  clk_IBUF_BUFG_inst/O
                         net (fo=1805, routed)        1.668     5.302    dbg_hub/inst/BSCANID.u_xsdbm_id/CORE_XSDB.UUT_MASTER/U_ICON_INTERFACE/U_CMD1/clk
    SLICE_X12Y50         FDRE                                         r  dbg_hub/inst/BSCANID.u_xsdbm_id/CORE_XSDB.UUT_MASTER/U_ICON_INTERFACE/U_CMD1/ctl_reg_reg[0]/C
  -------------------------------------------------------------------    -------------------
    SLICE_X12Y50         FDRE (Prop_fdre_C_Q)         0.518     5.820 f  dbg_hub/inst/BSCANID.u_xsdbm_id/CORE_XSDB.UUT_MASTER/U_ICON_INTERFACE/U_CMD1/ctl_reg_reg[0]/Q
                         net (fo=176, routed)         3.495     9.315    dbg_hub/inst/BSCANID.u_xsdbm_id/CORE_XSDB.UUT_MASTER/U_XSDB_BUS_CONTROLLER/out[0]
    SLICE_X9Y50          FDCE                                         f  dbg_hub/inst/BSCANID.u_xsdbm_id/CORE_XSDB.UUT_MASTER/U_XSDB_BUS_CONTROLLER/in_read_mode_reg/CLR
  -------------------------------------------------------------------    -------------------

                         (clock sys_clk_pin rise edge)
                                                     10.000    10.000 r  
    H16                                               0.000    10.000 r  clk (IN)
                         net (fo=0)                   0.000    10.000    clk
    H16                  IBUF (Prop_ibuf_I_O)         1.387    11.387 r  clk_IBUF_inst/O
                         net (fo=1, routed)           1.880    13.267    clk_IBUF
    BUFGCTRL_X0Y16       BUFG (Prop_bufg_I_O)         0.091    13.358 r  clk_IBUF_BUFG_inst/O
                         net (fo=1805, routed)        1.495    14.853    dbg_hub/inst/BSCANID.u_xsdbm_id/CORE_XSDB.UUT_MASTER/U_XSDB_BUS_CONTROLLER/clk
    SLICE_X9Y50          FDCE                                         r  dbg_hub/inst/BSCANID.u_xsdbm_id/CORE_XSDB.UUT_MASTER/U_XSDB_BUS_CONTROLLER/in_read_mode_reg/C
                         clock pessimism              0.391    15.243    
                         clock uncertainty           -0.035    15.208    
    SLICE_X9Y50          FDCE (Recov_fdce_C_CLR)     -0.405    14.803    dbg_hub/inst/BSCANID.u_xsdbm_id/CORE_XSDB.UUT_MASTER/U_XSDB_BUS_CONTROLLER/in_read_mode_reg
  -------------------------------------------------------------------
                         required time                         14.803    
                         arrival time                          -9.315    
  -------------------------------------------------------------------
                         slack                                  5.488    

Slack (MET) :             5.488ns  (required time - arrival time)
  Source:                 dbg_hub/inst/BSCANID.u_xsdbm_id/CORE_XSDB.UUT_MASTER/U_ICON_INTERFACE/U_CMD1/ctl_reg_reg[0]/C
                            (rising edge-triggered cell FDRE clocked by sys_clk_pin  {rise@0.000ns fall@5.000ns period=10.000ns})
  Destination:            dbg_hub/inst/BSCANID.u_xsdbm_id/CORE_XSDB.UUT_MASTER/U_XSDB_BUS_CONTROLLER/in_write_mode_reg/CLR
                            (recovery check against rising-edge clock sys_clk_pin  {rise@0.000ns fall@5.000ns period=10.000ns})
  Path Group:             **async_default**
  Path Type:              Recovery (Max at Slow Process Corner)
  Requirement:            10.000ns  (sys_clk_pin rise@10.000ns - sys_clk_pin rise@0.000ns)
  Data Path Delay:        4.013ns  (logic 0.518ns (12.908%)  route 3.495ns (87.092%))
  Logic Levels:           0  
  Clock Path Skew:        -0.059ns (DCD - SCD + CPR)
    Destination Clock Delay (DCD):    4.853ns = ( 14.853 - 10.000 ) 
    Source Clock Delay      (SCD):    5.302ns
    Clock Pessimism Removal (CPR):    0.391ns
  Clock Uncertainty:      0.035ns  ((TSJ^2 + TIJ^2)^1/2 + DJ) / 2 + PE
    Total System Jitter     (TSJ):    0.071ns
    Total Input Jitter      (TIJ):    0.000ns
    Discrete Jitter          (DJ):    0.000ns
    Phase Error              (PE):    0.000ns

    Location             Delay type                Incr(ns)  Path(ns)    Netlist Resource(s)
  -------------------------------------------------------------------    -------------------
                         (clock sys_clk_pin rise edge)
                                                      0.000     0.000 r  
    H16                                               0.000     0.000 r  clk (IN)
                         net (fo=0)                   0.000     0.000    clk
    H16                  IBUF (Prop_ibuf_I_O)         1.457     1.457 r  clk_IBUF_inst/O
                         net (fo=1, routed)           2.076     3.533    clk_IBUF
    BUFGCTRL_X0Y16       BUFG (Prop_bufg_I_O)         0.101     3.634 r  clk_IBUF_BUFG_inst/O
                         net (fo=1805, routed)        1.668     5.302    dbg_hub/inst/BSCANID.u_xsdbm_id/CORE_XSDB.UUT_MASTER/U_ICON_INTERFACE/U_CMD1/clk
    SLICE_X12Y50         FDRE                                         r  dbg_hub/inst/BSCANID.u_xsdbm_id/CORE_XSDB.UUT_MASTER/U_ICON_INTERFACE/U_CMD1/ctl_reg_reg[0]/C
  -------------------------------------------------------------------    -------------------
    SLICE_X12Y50         FDRE (Prop_fdre_C_Q)         0.518     5.820 f  dbg_hub/inst/BSCANID.u_xsdbm_id/CORE_XSDB.UUT_MASTER/U_ICON_INTERFACE/U_CMD1/ctl_reg_reg[0]/Q
                         net (fo=176, routed)         3.495     9.315    dbg_hub/inst/BSCANID.u_xsdbm_id/CORE_XSDB.UUT_MASTER/U_XSDB_BUS_CONTROLLER/out[0]
    SLICE_X9Y50          FDCE                                         f  dbg_hub/inst/BSCANID.u_xsdbm_id/CORE_XSDB.UUT_MASTER/U_XSDB_BUS_CONTROLLER/in_write_mode_reg/CLR
  -------------------------------------------------------------------    -------------------

                         (clock sys_clk_pin rise edge)
                                                     10.000    10.000 r  
    H16                                               0.000    10.000 r  clk (IN)
                         net (fo=0)                   0.000    10.000    clk
    H16                  IBUF (Prop_ibuf_I_O)         1.387    11.387 r  clk_IBUF_inst/O
                         net (fo=1, routed)           1.880    13.267    clk_IBUF
    BUFGCTRL_X0Y16       BUFG (Prop_bufg_I_O)         0.091    13.358 r  clk_IBUF_BUFG_inst/O
                         net (fo=1805, routed)        1.495    14.853    dbg_hub/inst/BSCANID.u_xsdbm_id/CORE_XSDB.UUT_MASTER/U_XSDB_BUS_CONTROLLER/clk
    SLICE_X9Y50          FDCE                                         r  dbg_hub/inst/BSCANID.u_xsdbm_id/CORE_XSDB.UUT_MASTER/U_XSDB_BUS_CONTROLLER/in_write_mode_reg/C
                         clock pessimism              0.391    15.243    
                         clock uncertainty           -0.035    15.208    
    SLICE_X9Y50          FDCE (Recov_fdce_C_CLR)     -0.405    14.803    dbg_hub/inst/BSCANID.u_xsdbm_id/CORE_XSDB.UUT_MASTER/U_XSDB_BUS_CONTROLLER/in_write_mode_reg
  -------------------------------------------------------------------
                         required time                         14.803    
                         arrival time                          -9.315    
  -------------------------------------------------------------------
                         slack                                  5.488    

Slack (MET) :             5.488ns  (required time - arrival time)
  Source:                 dbg_hub/inst/BSCANID.u_xsdbm_id/CORE_XSDB.UUT_MASTER/U_ICON_INTERFACE/U_CMD1/ctl_reg_reg[0]/C
                            (rising edge-triggered cell FDRE clocked by sys_clk_pin  {rise@0.000ns fall@5.000ns period=10.000ns})
  Destination:            dbg_hub/inst/BSCANID.u_xsdbm_id/CORE_XSDB.UUT_MASTER/U_XSDB_BUS_CONTROLLER/ma_err_r_reg[0]/CLR
                            (recovery check against rising-edge clock sys_clk_pin  {rise@0.000ns fall@5.000ns period=10.000ns})
  Path Group:             **async_default**
  Path Type:              Recovery (Max at Slow Process Corner)
  Requirement:            10.000ns  (sys_clk_pin rise@10.000ns - sys_clk_pin rise@0.000ns)
  Data Path Delay:        4.013ns  (logic 0.518ns (12.908%)  route 3.495ns (87.092%))
  Logic Levels:           0  
  Clock Path Skew:        -0.059ns (DCD - SCD + CPR)
    Destination Clock Delay (DCD):    4.853ns = ( 14.853 - 10.000 ) 
    Source Clock Delay      (SCD):    5.302ns
    Clock Pessimism Removal (CPR):    0.391ns
  Clock Uncertainty:      0.035ns  ((TSJ^2 + TIJ^2)^1/2 + DJ) / 2 + PE
    Total System Jitter     (TSJ):    0.071ns
    Total Input Jitter      (TIJ):    0.000ns
    Discrete Jitter          (DJ):    0.000ns
    Phase Error              (PE):    0.000ns

    Location             Delay type                Incr(ns)  Path(ns)    Netlist Resource(s)
  -------------------------------------------------------------------    -------------------
                         (clock sys_clk_pin rise edge)
                                                      0.000     0.000 r  
    H16                                               0.000     0.000 r  clk (IN)
                         net (fo=0)                   0.000     0.000    clk
    H16                  IBUF (Prop_ibuf_I_O)         1.457     1.457 r  clk_IBUF_inst/O
                         net (fo=1, routed)           2.076     3.533    clk_IBUF
    BUFGCTRL_X0Y16       BUFG (Prop_bufg_I_O)         0.101     3.634 r  clk_IBUF_BUFG_inst/O
                         net (fo=1805, routed)        1.668     5.302    dbg_hub/inst/BSCANID.u_xsdbm_id/CORE_XSDB.UUT_MASTER/U_ICON_INTERFACE/U_CMD1/clk
    SLICE_X12Y50         FDRE                                         r  dbg_hub/inst/BSCANID.u_xsdbm_id/CORE_XSDB.UUT_MASTER/U_ICON_INTERFACE/U_CMD1/ctl_reg_reg[0]/C
  -------------------------------------------------------------------    -------------------
    SLICE_X12Y50         FDRE (Prop_fdre_C_Q)         0.518     5.820 f  dbg_hub/inst/BSCANID.u_xsdbm_id/CORE_XSDB.UUT_MASTER/U_ICON_INTERFACE/U_CMD1/ctl_reg_reg[0]/Q
                         net (fo=176, routed)         3.495     9.315    dbg_hub/inst/BSCANID.u_xsdbm_id/CORE_XSDB.UUT_MASTER/U_XSDB_BUS_CONTROLLER/out[0]
    SLICE_X9Y50          FDCE                                         f  dbg_hub/inst/BSCANID.u_xsdbm_id/CORE_XSDB.UUT_MASTER/U_XSDB_BUS_CONTROLLER/ma_err_r_reg[0]/CLR
  -------------------------------------------------------------------    -------------------

                         (clock sys_clk_pin rise edge)
                                                     10.000    10.000 r  
    H16                                               0.000    10.000 r  clk (IN)
                         net (fo=0)                   0.000    10.000    clk
    H16                  IBUF (Prop_ibuf_I_O)         1.387    11.387 r  clk_IBUF_inst/O
                         net (fo=1, routed)           1.880    13.267    clk_IBUF
    BUFGCTRL_X0Y16       BUFG (Prop_bufg_I_O)         0.091    13.358 r  clk_IBUF_BUFG_inst/O
                         net (fo=1805, routed)        1.495    14.853    dbg_hub/inst/BSCANID.u_xsdbm_id/CORE_XSDB.UUT_MASTER/U_XSDB_BUS_CONTROLLER/clk
    SLICE_X9Y50          FDCE                                         r  dbg_hub/inst/BSCANID.u_xsdbm_id/CORE_XSDB.UUT_MASTER/U_XSDB_BUS_CONTROLLER/ma_err_r_reg[0]/C
                         clock pessimism              0.391    15.243    
                         clock uncertainty           -0.035    15.208    
    SLICE_X9Y50          FDCE (Recov_fdce_C_CLR)     -0.405    14.803    dbg_hub/inst/BSCANID.u_xsdbm_id/CORE_XSDB.UUT_MASTER/U_XSDB_BUS_CONTROLLER/ma_err_r_reg[0]
  -------------------------------------------------------------------
                         required time                         14.803    
                         arrival time                          -9.315    
  -------------------------------------------------------------------
                         slack                                  5.488    

Slack (MET) :             5.881ns  (required time - arrival time)
  Source:                 dbg_hub/inst/BSCANID.u_xsdbm_id/CORE_XSDB.UUT_MASTER/U_ICON_INTERFACE/U_CMD1/ctl_reg_reg[0]/C
                            (rising edge-triggered cell FDRE clocked by sys_clk_pin  {rise@0.000ns fall@5.000ns period=10.000ns})
  Destination:            dbg_hub/inst/BSCANID.u_xsdbm_id/CORE_XSDB.UUT_MASTER/U_XSDB_BUS_CONTROLLER/FSM_onehot_current_state_reg[13]/CLR
                            (recovery check against rising-edge clock sys_clk_pin  {rise@0.000ns fall@5.000ns period=10.000ns})
  Path Group:             **async_default**
  Path Type:              Recovery (Max at Slow Process Corner)
  Requirement:            10.000ns  (sys_clk_pin rise@10.000ns - sys_clk_pin rise@0.000ns)
  Data Path Delay:        3.566ns  (logic 0.518ns (14.527%)  route 3.048ns (85.473%))
  Logic Levels:           0  
  Clock Path Skew:        -0.157ns (DCD - SCD + CPR)
    Destination Clock Delay (DCD):    4.869ns = ( 14.869 - 10.000 ) 
    Source Clock Delay      (SCD):    5.302ns
    Clock Pessimism Removal (CPR):    0.276ns
  Clock Uncertainty:      0.035ns  ((TSJ^2 + TIJ^2)^1/2 + DJ) / 2 + PE
    Total System Jitter     (TSJ):    0.071ns
    Total Input Jitter      (TIJ):    0.000ns
    Discrete Jitter          (DJ):    0.000ns
    Phase Error              (PE):    0.000ns

    Location             Delay type                Incr(ns)  Path(ns)    Netlist Resource(s)
  -------------------------------------------------------------------    -------------------
                         (clock sys_clk_pin rise edge)
                                                      0.000     0.000 r  
    H16                                               0.000     0.000 r  clk (IN)
                         net (fo=0)                   0.000     0.000    clk
    H16                  IBUF (Prop_ibuf_I_O)         1.457     1.457 r  clk_IBUF_inst/O
                         net (fo=1, routed)           2.076     3.533    clk_IBUF
    BUFGCTRL_X0Y16       BUFG (Prop_bufg_I_O)         0.101     3.634 r  clk_IBUF_BUFG_inst/O
                         net (fo=1805, routed)        1.668     5.302    dbg_hub/inst/BSCANID.u_xsdbm_id/CORE_XSDB.UUT_MASTER/U_ICON_INTERFACE/U_CMD1/clk
    SLICE_X12Y50         FDRE                                         r  dbg_hub/inst/BSCANID.u_xsdbm_id/CORE_XSDB.UUT_MASTER/U_ICON_INTERFACE/U_CMD1/ctl_reg_reg[0]/C
  -------------------------------------------------------------------    -------------------
    SLICE_X12Y50         FDRE (Prop_fdre_C_Q)         0.518     5.820 f  dbg_hub/inst/BSCANID.u_xsdbm_id/CORE_XSDB.UUT_MASTER/U_ICON_INTERFACE/U_CMD1/ctl_reg_reg[0]/Q
                         net (fo=176, routed)         3.048     8.868    dbg_hub/inst/BSCANID.u_xsdbm_id/CORE_XSDB.UUT_MASTER/U_XSDB_BUS_CONTROLLER/out[0]
    SLICE_X8Y49          FDCE                                         f  dbg_hub/inst/BSCANID.u_xsdbm_id/CORE_XSDB.UUT_MASTER/U_XSDB_BUS_CONTROLLER/FSM_onehot_current_state_reg[13]/CLR
  -------------------------------------------------------------------    -------------------

                         (clock sys_clk_pin rise edge)
                                                     10.000    10.000 r  
    H16                                               0.000    10.000 r  clk (IN)
                         net (fo=0)                   0.000    10.000    clk
    H16                  IBUF (Prop_ibuf_I_O)         1.387    11.387 r  clk_IBUF_inst/O
                         net (fo=1, routed)           1.880    13.267    clk_IBUF
    BUFGCTRL_X0Y16       BUFG (Prop_bufg_I_O)         0.091    13.358 r  clk_IBUF_BUFG_inst/O
                         net (fo=1805, routed)        1.511    14.869    dbg_hub/inst/BSCANID.u_xsdbm_id/CORE_XSDB.UUT_MASTER/U_XSDB_BUS_CONTROLLER/clk
    SLICE_X8Y49          FDCE                                         r  dbg_hub/inst/BSCANID.u_xsdbm_id/CORE_XSDB.UUT_MASTER/U_XSDB_BUS_CONTROLLER/FSM_onehot_current_state_reg[13]/C
                         clock pessimism              0.276    15.146    
                         clock uncertainty           -0.035    15.110    
    SLICE_X8Y49          FDCE (Recov_fdce_C_CLR)     -0.361    14.749    dbg_hub/inst/BSCANID.u_xsdbm_id/CORE_XSDB.UUT_MASTER/U_XSDB_BUS_CONTROLLER/FSM_onehot_current_state_reg[13]
  -------------------------------------------------------------------
                         required time                         14.749    
                         arrival time                          -8.868    
  -------------------------------------------------------------------
                         slack                                  5.881    

Slack (MET) :             5.881ns  (required time - arrival time)
  Source:                 dbg_hub/inst/BSCANID.u_xsdbm_id/CORE_XSDB.UUT_MASTER/U_ICON_INTERFACE/U_CMD1/ctl_reg_reg[0]/C
                            (rising edge-triggered cell FDRE clocked by sys_clk_pin  {rise@0.000ns fall@5.000ns period=10.000ns})
  Destination:            dbg_hub/inst/BSCANID.u_xsdbm_id/CORE_XSDB.UUT_MASTER/U_XSDB_BUS_CONTROLLER/FSM_onehot_current_state_reg[18]/CLR
                            (recovery check against rising-edge clock sys_clk_pin  {rise@0.000ns fall@5.000ns period=10.000ns})
  Path Group:             **async_default**
  Path Type:              Recovery (Max at Slow Process Corner)
  Requirement:            10.000ns  (sys_clk_pin rise@10.000ns - sys_clk_pin rise@0.000ns)
  Data Path Delay:        3.566ns  (logic 0.518ns (14.527%)  route 3.048ns (85.473%))
  Logic Levels:           0  
  Clock Path Skew:        -0.157ns (DCD - SCD + CPR)
    Destination Clock Delay (DCD):    4.869ns = ( 14.869 - 10.000 ) 
    Source Clock Delay      (SCD):    5.302ns
    Clock Pessimism Removal (CPR):    0.276ns
  Clock Uncertainty:      0.035ns  ((TSJ^2 + TIJ^2)^1/2 + DJ) / 2 + PE
    Total System Jitter     (TSJ):    0.071ns
    Total Input Jitter      (TIJ):    0.000ns
    Discrete Jitter          (DJ):    0.000ns
    Phase Error              (PE):    0.000ns

    Location             Delay type                Incr(ns)  Path(ns)    Netlist Resource(s)
  -------------------------------------------------------------------    -------------------
                         (clock sys_clk_pin rise edge)
                                                      0.000     0.000 r  
    H16                                               0.000     0.000 r  clk (IN)
                         net (fo=0)                   0.000     0.000    clk
    H16                  IBUF (Prop_ibuf_I_O)         1.457     1.457 r  clk_IBUF_inst/O
                         net (fo=1, routed)           2.076     3.533    clk_IBUF
    BUFGCTRL_X0Y16       BUFG (Prop_bufg_I_O)         0.101     3.634 r  clk_IBUF_BUFG_inst/O
                         net (fo=1805, routed)        1.668     5.302    dbg_hub/inst/BSCANID.u_xsdbm_id/CORE_XSDB.UUT_MASTER/U_ICON_INTERFACE/U_CMD1/clk
    SLICE_X12Y50         FDRE                                         r  dbg_hub/inst/BSCANID.u_xsdbm_id/CORE_XSDB.UUT_MASTER/U_ICON_INTERFACE/U_CMD1/ctl_reg_reg[0]/C
  -------------------------------------------------------------------    -------------------
    SLICE_X12Y50         FDRE (Prop_fdre_C_Q)         0.518     5.820 f  dbg_hub/inst/BSCANID.u_xsdbm_id/CORE_XSDB.UUT_MASTER/U_ICON_INTERFACE/U_CMD1/ctl_reg_reg[0]/Q
                         net (fo=176, routed)         3.048     8.868    dbg_hub/inst/BSCANID.u_xsdbm_id/CORE_XSDB.UUT_MASTER/U_XSDB_BUS_CONTROLLER/out[0]
    SLICE_X8Y49          FDCE                                         f  dbg_hub/inst/BSCANID.u_xsdbm_id/CORE_XSDB.UUT_MASTER/U_XSDB_BUS_CONTROLLER/FSM_onehot_current_state_reg[18]/CLR
  -------------------------------------------------------------------    -------------------

                         (clock sys_clk_pin rise edge)
                                                     10.000    10.000 r  
    H16                                               0.000    10.000 r  clk (IN)
                         net (fo=0)                   0.000    10.000    clk
    H16                  IBUF (Prop_ibuf_I_O)         1.387    11.387 r  clk_IBUF_inst/O
                         net (fo=1, routed)           1.880    13.267    clk_IBUF
    BUFGCTRL_X0Y16       BUFG (Prop_bufg_I_O)         0.091    13.358 r  clk_IBUF_BUFG_inst/O
                         net (fo=1805, routed)        1.511    14.869    dbg_hub/inst/BSCANID.u_xsdbm_id/CORE_XSDB.UUT_MASTER/U_XSDB_BUS_CONTROLLER/clk
    SLICE_X8Y49          FDCE                                         r  dbg_hub/inst/BSCANID.u_xsdbm_id/CORE_XSDB.UUT_MASTER/U_XSDB_BUS_CONTROLLER/FSM_onehot_current_state_reg[18]/C
                         clock pessimism              0.276    15.146    
                         clock uncertainty           -0.035    15.110    
    SLICE_X8Y49          FDCE (Recov_fdce_C_CLR)     -0.361    14.749    dbg_hub/inst/BSCANID.u_xsdbm_id/CORE_XSDB.UUT_MASTER/U_XSDB_BUS_CONTROLLER/FSM_onehot_current_state_reg[18]
  -------------------------------------------------------------------
                         required time                         14.749    
                         arrival time                          -8.868    
  -------------------------------------------------------------------
                         slack                                  5.881    

Slack (MET) :             5.923ns  (required time - arrival time)
  Source:                 dbg_hub/inst/BSCANID.u_xsdbm_id/CORE_XSDB.UUT_MASTER/U_ICON_INTERFACE/U_CMD1/ctl_reg_reg[0]/C
                            (rising edge-triggered cell FDRE clocked by sys_clk_pin  {rise@0.000ns fall@5.000ns period=10.000ns})
  Destination:            dbg_hub/inst/BSCANID.u_xsdbm_id/CORE_XSDB.UUT_MASTER/U_XSDB_BUS_CONTROLLER/FSM_onehot_current_state_reg[12]/CLR
                            (recovery check against rising-edge clock sys_clk_pin  {rise@0.000ns fall@5.000ns period=10.000ns})
  Path Group:             **async_default**
  Path Type:              Recovery (Max at Slow Process Corner)
  Requirement:            10.000ns  (sys_clk_pin rise@10.000ns - sys_clk_pin rise@0.000ns)
  Data Path Delay:        3.566ns  (logic 0.518ns (14.527%)  route 3.048ns (85.473%))
  Logic Levels:           0  
  Clock Path Skew:        -0.157ns (DCD - SCD + CPR)
    Destination Clock Delay (DCD):    4.869ns = ( 14.869 - 10.000 ) 
    Source Clock Delay      (SCD):    5.302ns
    Clock Pessimism Removal (CPR):    0.276ns
  Clock Uncertainty:      0.035ns  ((TSJ^2 + TIJ^2)^1/2 + DJ) / 2 + PE
    Total System Jitter     (TSJ):    0.071ns
    Total Input Jitter      (TIJ):    0.000ns
    Discrete Jitter          (DJ):    0.000ns
    Phase Error              (PE):    0.000ns

    Location             Delay type                Incr(ns)  Path(ns)    Netlist Resource(s)
  -------------------------------------------------------------------    -------------------
                         (clock sys_clk_pin rise edge)
                                                      0.000     0.000 r  
    H16                                               0.000     0.000 r  clk (IN)
                         net (fo=0)                   0.000     0.000    clk
    H16                  IBUF (Prop_ibuf_I_O)         1.457     1.457 r  clk_IBUF_inst/O
                         net (fo=1, routed)           2.076     3.533    clk_IBUF
    BUFGCTRL_X0Y16       BUFG (Prop_bufg_I_O)         0.101     3.634 r  clk_IBUF_BUFG_inst/O
                         net (fo=1805, routed)        1.668     5.302    dbg_hub/inst/BSCANID.u_xsdbm_id/CORE_XSDB.UUT_MASTER/U_ICON_INTERFACE/U_CMD1/clk
    SLICE_X12Y50         FDRE                                         r  dbg_hub/inst/BSCANID.u_xsdbm_id/CORE_XSDB.UUT_MASTER/U_ICON_INTERFACE/U_CMD1/ctl_reg_reg[0]/C
  -------------------------------------------------------------------    -------------------
    SLICE_X12Y50         FDRE (Prop_fdre_C_Q)         0.518     5.820 f  dbg_hub/inst/BSCANID.u_xsdbm_id/CORE_XSDB.UUT_MASTER/U_ICON_INTERFACE/U_CMD1/ctl_reg_reg[0]/Q
                         net (fo=176, routed)         3.048     8.868    dbg_hub/inst/BSCANID.u_xsdbm_id/CORE_XSDB.UUT_MASTER/U_XSDB_BUS_CONTROLLER/out[0]
    SLICE_X8Y49          FDCE                                         f  dbg_hub/inst/BSCANID.u_xsdbm_id/CORE_XSDB.UUT_MASTER/U_XSDB_BUS_CONTROLLER/FSM_onehot_current_state_reg[12]/CLR
  -------------------------------------------------------------------    -------------------

                         (clock sys_clk_pin rise edge)
                                                     10.000    10.000 r  
    H16                                               0.000    10.000 r  clk (IN)
                         net (fo=0)                   0.000    10.000    clk
    H16                  IBUF (Prop_ibuf_I_O)         1.387    11.387 r  clk_IBUF_inst/O
                         net (fo=1, routed)           1.880    13.267    clk_IBUF
    BUFGCTRL_X0Y16       BUFG (Prop_bufg_I_O)         0.091    13.358 r  clk_IBUF_BUFG_inst/O
                         net (fo=1805, routed)        1.511    14.869    dbg_hub/inst/BSCANID.u_xsdbm_id/CORE_XSDB.UUT_MASTER/U_XSDB_BUS_CONTROLLER/clk
    SLICE_X8Y49          FDCE                                         r  dbg_hub/inst/BSCANID.u_xsdbm_id/CORE_XSDB.UUT_MASTER/U_XSDB_BUS_CONTROLLER/FSM_onehot_current_state_reg[12]/C
                         clock pessimism              0.276    15.146    
                         clock uncertainty           -0.035    15.110    
    SLICE_X8Y49          FDCE (Recov_fdce_C_CLR)     -0.319    14.791    dbg_hub/inst/BSCANID.u_xsdbm_id/CORE_XSDB.UUT_MASTER/U_XSDB_BUS_CONTROLLER/FSM_onehot_current_state_reg[12]
  -------------------------------------------------------------------
                         required time                         14.791    
                         arrival time                          -8.868    
  -------------------------------------------------------------------
                         slack                                  5.923    

Slack (MET) :             5.923ns  (required time - arrival time)
  Source:                 dbg_hub/inst/BSCANID.u_xsdbm_id/CORE_XSDB.UUT_MASTER/U_ICON_INTERFACE/U_CMD1/ctl_reg_reg[0]/C
                            (rising edge-triggered cell FDRE clocked by sys_clk_pin  {rise@0.000ns fall@5.000ns period=10.000ns})
  Destination:            dbg_hub/inst/BSCANID.u_xsdbm_id/CORE_XSDB.UUT_MASTER/U_XSDB_BUS_CONTROLLER/FSM_onehot_current_state_reg[14]/CLR
                            (recovery check against rising-edge clock sys_clk_pin  {rise@0.000ns fall@5.000ns period=10.000ns})
  Path Group:             **async_default**
  Path Type:              Recovery (Max at Slow Process Corner)
  Requirement:            10.000ns  (sys_clk_pin rise@10.000ns - sys_clk_pin rise@0.000ns)
  Data Path Delay:        3.566ns  (logic 0.518ns (14.527%)  route 3.048ns (85.473%))
  Logic Levels:           0  
  Clock Path Skew:        -0.157ns (DCD - SCD + CPR)
    Destination Clock Delay (DCD):    4.869ns = ( 14.869 - 10.000 ) 
    Source Clock Delay      (SCD):    5.302ns
    Clock Pessimism Removal (CPR):    0.276ns
  Clock Uncertainty:      0.035ns  ((TSJ^2 + TIJ^2)^1/2 + DJ) / 2 + PE
    Total System Jitter     (TSJ):    0.071ns
    Total Input Jitter      (TIJ):    0.000ns
    Discrete Jitter          (DJ):    0.000ns
    Phase Error              (PE):    0.000ns

    Location             Delay type                Incr(ns)  Path(ns)    Netlist Resource(s)
  -------------------------------------------------------------------    -------------------
                         (clock sys_clk_pin rise edge)
                                                      0.000     0.000 r  
    H16                                               0.000     0.000 r  clk (IN)
                         net (fo=0)                   0.000     0.000    clk
    H16                  IBUF (Prop_ibuf_I_O)         1.457     1.457 r  clk_IBUF_inst/O
                         net (fo=1, routed)           2.076     3.533    clk_IBUF
    BUFGCTRL_X0Y16       BUFG (Prop_bufg_I_O)         0.101     3.634 r  clk_IBUF_BUFG_inst/O
                         net (fo=1805, routed)        1.668     5.302    dbg_hub/inst/BSCANID.u_xsdbm_id/CORE_XSDB.UUT_MASTER/U_ICON_INTERFACE/U_CMD1/clk
    SLICE_X12Y50         FDRE                                         r  dbg_hub/inst/BSCANID.u_xsdbm_id/CORE_XSDB.UUT_MASTER/U_ICON_INTERFACE/U_CMD1/ctl_reg_reg[0]/C
  -------------------------------------------------------------------    -------------------
    SLICE_X12Y50         FDRE (Prop_fdre_C_Q)         0.518     5.820 f  dbg_hub/inst/BSCANID.u_xsdbm_id/CORE_XSDB.UUT_MASTER/U_ICON_INTERFACE/U_CMD1/ctl_reg_reg[0]/Q
                         net (fo=176, routed)         3.048     8.868    dbg_hub/inst/BSCANID.u_xsdbm_id/CORE_XSDB.UUT_MASTER/U_XSDB_BUS_CONTROLLER/out[0]
    SLICE_X8Y49          FDCE                                         f  dbg_hub/inst/BSCANID.u_xsdbm_id/CORE_XSDB.UUT_MASTER/U_XSDB_BUS_CONTROLLER/FSM_onehot_current_state_reg[14]/CLR
  -------------------------------------------------------------------    -------------------

                         (clock sys_clk_pin rise edge)
                                                     10.000    10.000 r  
    H16                                               0.000    10.000 r  clk (IN)
                         net (fo=0)                   0.000    10.000    clk
    H16                  IBUF (Prop_ibuf_I_O)         1.387    11.387 r  clk_IBUF_inst/O
                         net (fo=1, routed)           1.880    13.267    clk_IBUF
    BUFGCTRL_X0Y16       BUFG (Prop_bufg_I_O)         0.091    13.358 r  clk_IBUF_BUFG_inst/O
                         net (fo=1805, routed)        1.511    14.869    dbg_hub/inst/BSCANID.u_xsdbm_id/CORE_XSDB.UUT_MASTER/U_XSDB_BUS_CONTROLLER/clk
    SLICE_X8Y49          FDCE                                         r  dbg_hub/inst/BSCANID.u_xsdbm_id/CORE_XSDB.UUT_MASTER/U_XSDB_BUS_CONTROLLER/FSM_onehot_current_state_reg[14]/C
                         clock pessimism              0.276    15.146    
                         clock uncertainty           -0.035    15.110    
    SLICE_X8Y49          FDCE (Recov_fdce_C_CLR)     -0.319    14.791    dbg_hub/inst/BSCANID.u_xsdbm_id/CORE_XSDB.UUT_MASTER/U_XSDB_BUS_CONTROLLER/FSM_onehot_current_state_reg[14]
  -------------------------------------------------------------------
                         required time                         14.791    
                         arrival time                          -8.868    
  -------------------------------------------------------------------
                         slack                                  5.923    

Slack (MET) :             5.923ns  (required time - arrival time)
  Source:                 dbg_hub/inst/BSCANID.u_xsdbm_id/CORE_XSDB.UUT_MASTER/U_ICON_INTERFACE/U_CMD1/ctl_reg_reg[0]/C
                            (rising edge-triggered cell FDRE clocked by sys_clk_pin  {rise@0.000ns fall@5.000ns period=10.000ns})
  Destination:            dbg_hub/inst/BSCANID.u_xsdbm_id/CORE_XSDB.UUT_MASTER/U_XSDB_BUS_CONTROLLER/FSM_onehot_current_state_reg[16]/CLR
                            (recovery check against rising-edge clock sys_clk_pin  {rise@0.000ns fall@5.000ns period=10.000ns})
  Path Group:             **async_default**
  Path Type:              Recovery (Max at Slow Process Corner)
  Requirement:            10.000ns  (sys_clk_pin rise@10.000ns - sys_clk_pin rise@0.000ns)
  Data Path Delay:        3.566ns  (logic 0.518ns (14.527%)  route 3.048ns (85.473%))
  Logic Levels:           0  
  Clock Path Skew:        -0.157ns (DCD - SCD + CPR)
    Destination Clock Delay (DCD):    4.869ns = ( 14.869 - 10.000 ) 
    Source Clock Delay      (SCD):    5.302ns
    Clock Pessimism Removal (CPR):    0.276ns
  Clock Uncertainty:      0.035ns  ((TSJ^2 + TIJ^2)^1/2 + DJ) / 2 + PE
    Total System Jitter     (TSJ):    0.071ns
    Total Input Jitter      (TIJ):    0.000ns
    Discrete Jitter          (DJ):    0.000ns
    Phase Error              (PE):    0.000ns

    Location             Delay type                Incr(ns)  Path(ns)    Netlist Resource(s)
  -------------------------------------------------------------------    -------------------
                         (clock sys_clk_pin rise edge)
                                                      0.000     0.000 r  
    H16                                               0.000     0.000 r  clk (IN)
                         net (fo=0)                   0.000     0.000    clk
    H16                  IBUF (Prop_ibuf_I_O)         1.457     1.457 r  clk_IBUF_inst/O
                         net (fo=1, routed)           2.076     3.533    clk_IBUF
    BUFGCTRL_X0Y16       BUFG (Prop_bufg_I_O)         0.101     3.634 r  clk_IBUF_BUFG_inst/O
                         net (fo=1805, routed)        1.668     5.302    dbg_hub/inst/BSCANID.u_xsdbm_id/CORE_XSDB.UUT_MASTER/U_ICON_INTERFACE/U_CMD1/clk
    SLICE_X12Y50         FDRE                                         r  dbg_hub/inst/BSCANID.u_xsdbm_id/CORE_XSDB.UUT_MASTER/U_ICON_INTERFACE/U_CMD1/ctl_reg_reg[0]/C
  -------------------------------------------------------------------    -------------------
    SLICE_X12Y50         FDRE (Prop_fdre_C_Q)         0.518     5.820 f  dbg_hub/inst/BSCANID.u_xsdbm_id/CORE_XSDB.UUT_MASTER/U_ICON_INTERFACE/U_CMD1/ctl_reg_reg[0]/Q
                         net (fo=176, routed)         3.048     8.868    dbg_hub/inst/BSCANID.u_xsdbm_id/CORE_XSDB.UUT_MASTER/U_XSDB_BUS_CONTROLLER/out[0]
    SLICE_X8Y49          FDCE                                         f  dbg_hub/inst/BSCANID.u_xsdbm_id/CORE_XSDB.UUT_MASTER/U_XSDB_BUS_CONTROLLER/FSM_onehot_current_state_reg[16]/CLR
  -------------------------------------------------------------------    -------------------

                         (clock sys_clk_pin rise edge)
                                                     10.000    10.000 r  
    H16                                               0.000    10.000 r  clk (IN)
                         net (fo=0)                   0.000    10.000    clk
    H16                  IBUF (Prop_ibuf_I_O)         1.387    11.387 r  clk_IBUF_inst/O
                         net (fo=1, routed)           1.880    13.267    clk_IBUF
    BUFGCTRL_X0Y16       BUFG (Prop_bufg_I_O)         0.091    13.358 r  clk_IBUF_BUFG_inst/O
                         net (fo=1805, routed)        1.511    14.869    dbg_hub/inst/BSCANID.u_xsdbm_id/CORE_XSDB.UUT_MASTER/U_XSDB_BUS_CONTROLLER/clk
    SLICE_X8Y49          FDCE                                         r  dbg_hub/inst/BSCANID.u_xsdbm_id/CORE_XSDB.UUT_MASTER/U_XSDB_BUS_CONTROLLER/FSM_onehot_current_state_reg[16]/C
                         clock pessimism              0.276    15.146    
                         clock uncertainty           -0.035    15.110    
    SLICE_X8Y49          FDCE (Recov_fdce_C_CLR)     -0.319    14.791    dbg_hub/inst/BSCANID.u_xsdbm_id/CORE_XSDB.UUT_MASTER/U_XSDB_BUS_CONTROLLER/FSM_onehot_current_state_reg[16]
  -------------------------------------------------------------------
                         required time                         14.791    
                         arrival time                          -8.868    
  -------------------------------------------------------------------
                         slack                                  5.923    

Slack (MET) :             5.923ns  (required time - arrival time)
  Source:                 dbg_hub/inst/BSCANID.u_xsdbm_id/CORE_XSDB.UUT_MASTER/U_ICON_INTERFACE/U_CMD1/ctl_reg_reg[0]/C
                            (rising edge-triggered cell FDRE clocked by sys_clk_pin  {rise@0.000ns fall@5.000ns period=10.000ns})
  Destination:            dbg_hub/inst/BSCANID.u_xsdbm_id/CORE_XSDB.UUT_MASTER/U_XSDB_BUS_CONTROLLER/clr_abort_rd_reg/CLR
                            (recovery check against rising-edge clock sys_clk_pin  {rise@0.000ns fall@5.000ns period=10.000ns})
  Path Group:             **async_default**
  Path Type:              Recovery (Max at Slow Process Corner)
  Requirement:            10.000ns  (sys_clk_pin rise@10.000ns - sys_clk_pin rise@0.000ns)
  Data Path Delay:        3.566ns  (logic 0.518ns (14.527%)  route 3.048ns (85.473%))
  Logic Levels:           0  
  Clock Path Skew:        -0.157ns (DCD - SCD + CPR)
    Destination Clock Delay (DCD):    4.869ns = ( 14.869 - 10.000 ) 
    Source Clock Delay      (SCD):    5.302ns
    Clock Pessimism Removal (CPR):    0.276ns
  Clock Uncertainty:      0.035ns  ((TSJ^2 + TIJ^2)^1/2 + DJ) / 2 + PE
    Total System Jitter     (TSJ):    0.071ns
    Total Input Jitter      (TIJ):    0.000ns
    Discrete Jitter          (DJ):    0.000ns
    Phase Error              (PE):    0.000ns

    Location             Delay type                Incr(ns)  Path(ns)    Netlist Resource(s)
  -------------------------------------------------------------------    -------------------
                         (clock sys_clk_pin rise edge)
                                                      0.000     0.000 r  
    H16                                               0.000     0.000 r  clk (IN)
                         net (fo=0)                   0.000     0.000    clk
    H16                  IBUF (Prop_ibuf_I_O)         1.457     1.457 r  clk_IBUF_inst/O
                         net (fo=1, routed)           2.076     3.533    clk_IBUF
    BUFGCTRL_X0Y16       BUFG (Prop_bufg_I_O)         0.101     3.634 r  clk_IBUF_BUFG_inst/O
                         net (fo=1805, routed)        1.668     5.302    dbg_hub/inst/BSCANID.u_xsdbm_id/CORE_XSDB.UUT_MASTER/U_ICON_INTERFACE/U_CMD1/clk
    SLICE_X12Y50         FDRE                                         r  dbg_hub/inst/BSCANID.u_xsdbm_id/CORE_XSDB.UUT_MASTER/U_ICON_INTERFACE/U_CMD1/ctl_reg_reg[0]/C
  -------------------------------------------------------------------    -------------------
    SLICE_X12Y50         FDRE (Prop_fdre_C_Q)         0.518     5.820 f  dbg_hub/inst/BSCANID.u_xsdbm_id/CORE_XSDB.UUT_MASTER/U_ICON_INTERFACE/U_CMD1/ctl_reg_reg[0]/Q
                         net (fo=176, routed)         3.048     8.868    dbg_hub/inst/BSCANID.u_xsdbm_id/CORE_XSDB.UUT_MASTER/U_XSDB_BUS_CONTROLLER/out[0]
    SLICE_X8Y49          FDCE                                         f  dbg_hub/inst/BSCANID.u_xsdbm_id/CORE_XSDB.UUT_MASTER/U_XSDB_BUS_CONTROLLER/clr_abort_rd_reg/CLR
  -------------------------------------------------------------------    -------------------

                         (clock sys_clk_pin rise edge)
                                                     10.000    10.000 r  
    H16                                               0.000    10.000 r  clk (IN)
                         net (fo=0)                   0.000    10.000    clk
    H16                  IBUF (Prop_ibuf_I_O)         1.387    11.387 r  clk_IBUF_inst/O
                         net (fo=1, routed)           1.880    13.267    clk_IBUF
    BUFGCTRL_X0Y16       BUFG (Prop_bufg_I_O)         0.091    13.358 r  clk_IBUF_BUFG_inst/O
                         net (fo=1805, routed)        1.511    14.869    dbg_hub/inst/BSCANID.u_xsdbm_id/CORE_XSDB.UUT_MASTER/U_XSDB_BUS_CONTROLLER/clk
    SLICE_X8Y49          FDCE                                         r  dbg_hub/inst/BSCANID.u_xsdbm_id/CORE_XSDB.UUT_MASTER/U_XSDB_BUS_CONTROLLER/clr_abort_rd_reg/C
                         clock pessimism              0.276    15.146    
                         clock uncertainty           -0.035    15.110    
    SLICE_X8Y49          FDCE (Recov_fdce_C_CLR)     -0.319    14.791    dbg_hub/inst/BSCANID.u_xsdbm_id/CORE_XSDB.UUT_MASTER/U_XSDB_BUS_CONTROLLER/clr_abort_rd_reg
  -------------------------------------------------------------------
                         required time                         14.791    
                         arrival time                          -8.868    
  -------------------------------------------------------------------
                         slack                                  5.923    

Slack (MET) :             6.474ns  (required time - arrival time)
  Source:                 dbg_hub/inst/BSCANID.u_xsdbm_id/CORE_XSDB.UUT_MASTER/U_ICON_INTERFACE/U_CMD1/ctl_reg_reg[0]/C
                            (rising edge-triggered cell FDRE clocked by sys_clk_pin  {rise@0.000ns fall@5.000ns period=10.000ns})
  Destination:            dbg_hub/inst/BSCANID.u_xsdbm_id/CORE_XSDB.UUT_MASTER/U_XSDB_BUS_CONTROLLER/FSM_onehot_current_state_reg[10]/CLR
                            (recovery check against rising-edge clock sys_clk_pin  {rise@0.000ns fall@5.000ns period=10.000ns})
  Path Group:             **async_default**
  Path Type:              Recovery (Max at Slow Process Corner)
  Requirement:            10.000ns  (sys_clk_pin rise@10.000ns - sys_clk_pin rise@0.000ns)
  Data Path Delay:        3.111ns  (logic 0.518ns (16.648%)  route 2.593ns (83.352%))
  Logic Levels:           0  
  Clock Path Skew:        -0.060ns (DCD - SCD + CPR)
    Destination Clock Delay (DCD):    4.852ns = ( 14.852 - 10.000 ) 
    Source Clock Delay      (SCD):    5.302ns
    Clock Pessimism Removal (CPR):    0.391ns
  Clock Uncertainty:      0.035ns  ((TSJ^2 + TIJ^2)^1/2 + DJ) / 2 + PE
    Total System Jitter     (TSJ):    0.071ns
    Total Input Jitter      (TIJ):    0.000ns
    Discrete Jitter          (DJ):    0.000ns
    Phase Error              (PE):    0.000ns

    Location             Delay type                Incr(ns)  Path(ns)    Netlist Resource(s)
  -------------------------------------------------------------------    -------------------
                         (clock sys_clk_pin rise edge)
                                                      0.000     0.000 r  
    H16                                               0.000     0.000 r  clk (IN)
                         net (fo=0)                   0.000     0.000    clk
    H16                  IBUF (Prop_ibuf_I_O)         1.457     1.457 r  clk_IBUF_inst/O
                         net (fo=1, routed)           2.076     3.533    clk_IBUF
    BUFGCTRL_X0Y16       BUFG (Prop_bufg_I_O)         0.101     3.634 r  clk_IBUF_BUFG_inst/O
                         net (fo=1805, routed)        1.668     5.302    dbg_hub/inst/BSCANID.u_xsdbm_id/CORE_XSDB.UUT_MASTER/U_ICON_INTERFACE/U_CMD1/clk
    SLICE_X12Y50         FDRE                                         r  dbg_hub/inst/BSCANID.u_xsdbm_id/CORE_XSDB.UUT_MASTER/U_ICON_INTERFACE/U_CMD1/ctl_reg_reg[0]/C
  -------------------------------------------------------------------    -------------------
    SLICE_X12Y50         FDRE (Prop_fdre_C_Q)         0.518     5.820 f  dbg_hub/inst/BSCANID.u_xsdbm_id/CORE_XSDB.UUT_MASTER/U_ICON_INTERFACE/U_CMD1/ctl_reg_reg[0]/Q
                         net (fo=176, routed)         2.593     8.414    dbg_hub/inst/BSCANID.u_xsdbm_id/CORE_XSDB.UUT_MASTER/U_XSDB_BUS_CONTROLLER/out[0]
    SLICE_X6Y50          FDCE                                         f  dbg_hub/inst/BSCANID.u_xsdbm_id/CORE_XSDB.UUT_MASTER/U_XSDB_BUS_CONTROLLER/FSM_onehot_current_state_reg[10]/CLR
  -------------------------------------------------------------------    -------------------

                         (clock sys_clk_pin rise edge)
                                                     10.000    10.000 r  
    H16                                               0.000    10.000 r  clk (IN)
                         net (fo=0)                   0.000    10.000    clk
    H16                  IBUF (Prop_ibuf_I_O)         1.387    11.387 r  clk_IBUF_inst/O
                         net (fo=1, routed)           1.880    13.267    clk_IBUF
    BUFGCTRL_X0Y16       BUFG (Prop_bufg_I_O)         0.091    13.358 r  clk_IBUF_BUFG_inst/O
                         net (fo=1805, routed)        1.494    14.852    dbg_hub/inst/BSCANID.u_xsdbm_id/CORE_XSDB.UUT_MASTER/U_XSDB_BUS_CONTROLLER/clk
    SLICE_X6Y50          FDCE                                         r  dbg_hub/inst/BSCANID.u_xsdbm_id/CORE_XSDB.UUT_MASTER/U_XSDB_BUS_CONTROLLER/FSM_onehot_current_state_reg[10]/C
                         clock pessimism              0.391    15.242    
                         clock uncertainty           -0.035    15.207    
    SLICE_X6Y50          FDCE (Recov_fdce_C_CLR)     -0.319    14.888    dbg_hub/inst/BSCANID.u_xsdbm_id/CORE_XSDB.UUT_MASTER/U_XSDB_BUS_CONTROLLER/FSM_onehot_current_state_reg[10]
  -------------------------------------------------------------------
                         required time                         14.888    
                         arrival time                          -8.414    
  -------------------------------------------------------------------
                         slack                                  6.474    





Min Delay Paths
--------------------------------------------------------------------------------------
Slack (MET) :             0.207ns  (arrival time - required time)
  Source:                 dbg_hub/inst/BSCANID.u_xsdbm_id/CORE_XSDB.UUT_MASTER/U_ICON_INTERFACE/rddata_rst_reg/C
                            (rising edge-triggered cell FDRE clocked by sys_clk_pin  {rise@0.000ns fall@5.000ns period=10.000ns})
  Destination:            dbg_hub/inst/BSCANID.u_xsdbm_id/CORE_XSDB.UUT_MASTER/U_ICON_INTERFACE/U_CMD6_RD/U_RD_FIFO/SUBCORE_FIFO.xsdbm_v3_0_0_rdfifo_inst/inst_fifo_gen/gconvfifo.rf/grf.rf/rstblk/ngwrdrst.grst.g7serrst.rst_wr_reg1_reg/PRE
                            (removal check against rising-edge clock sys_clk_pin  {rise@0.000ns fall@5.000ns period=10.000ns})
  Path Group:             **async_default**
  Path Type:              Removal (Min at Fast Process Corner)
  Requirement:            0.000ns  (sys_clk_pin rise@0.000ns - sys_clk_pin rise@0.000ns)
  Data Path Delay:        0.410ns  (logic 0.164ns (40.011%)  route 0.246ns (59.988%))
  Logic Levels:           0  
  Clock Path Skew:        0.274ns (DCD - SCD - CPR)
    Destination Clock Delay (DCD):    1.962ns
    Source Clock Delay      (SCD):    1.441ns
    Clock Pessimism Removal (CPR):    0.247ns

    Location             Delay type                Incr(ns)  Path(ns)    Netlist Resource(s)
  -------------------------------------------------------------------    -------------------
                         (clock sys_clk_pin rise edge)
                                                      0.000     0.000 r  
    H16                                               0.000     0.000 r  clk (IN)
                         net (fo=0)                   0.000     0.000    clk
    H16                  IBUF (Prop_ibuf_I_O)         0.225     0.225 r  clk_IBUF_inst/O
                         net (fo=1, routed)           0.627     0.852    clk_IBUF
    BUFGCTRL_X0Y16       BUFG (Prop_bufg_I_O)         0.026     0.878 r  clk_IBUF_BUFG_inst/O
                         net (fo=1805, routed)        0.563     1.441    dbg_hub/inst/BSCANID.u_xsdbm_id/CORE_XSDB.UUT_MASTER/U_ICON_INTERFACE/clk
    SLICE_X12Y51         FDRE                                         r  dbg_hub/inst/BSCANID.u_xsdbm_id/CORE_XSDB.UUT_MASTER/U_ICON_INTERFACE/rddata_rst_reg/C
  -------------------------------------------------------------------    -------------------
    SLICE_X12Y51         FDRE (Prop_fdre_C_Q)         0.164     1.605 f  dbg_hub/inst/BSCANID.u_xsdbm_id/CORE_XSDB.UUT_MASTER/U_ICON_INTERFACE/rddata_rst_reg/Q
                         net (fo=20, routed)          0.246     1.851    dbg_hub/inst/BSCANID.u_xsdbm_id/CORE_XSDB.UUT_MASTER/U_ICON_INTERFACE/U_CMD6_RD/U_RD_FIFO/SUBCORE_FIFO.xsdbm_v3_0_0_rdfifo_inst/inst_fifo_gen/gconvfifo.rf/grf.rf/rstblk/rst
    SLICE_X12Y48         FDPE                                         f  dbg_hub/inst/BSCANID.u_xsdbm_id/CORE_XSDB.UUT_MASTER/U_ICON_INTERFACE/U_CMD6_RD/U_RD_FIFO/SUBCORE_FIFO.xsdbm_v3_0_0_rdfifo_inst/inst_fifo_gen/gconvfifo.rf/grf.rf/rstblk/ngwrdrst.grst.g7serrst.rst_wr_reg1_reg/PRE
  -------------------------------------------------------------------    -------------------

                         (clock sys_clk_pin rise edge)
                                                      0.000     0.000 r  
    H16                                               0.000     0.000 r  clk (IN)
                         net (fo=0)                   0.000     0.000    clk
    H16                  IBUF (Prop_ibuf_I_O)         0.413     0.413 r  clk_IBUF_inst/O
                         net (fo=1, routed)           0.683     1.096    clk_IBUF
    BUFGCTRL_X0Y16       BUFG (Prop_bufg_I_O)         0.029     1.125 r  clk_IBUF_BUFG_inst/O
                         net (fo=1805, routed)        0.837     1.962    dbg_hub/inst/BSCANID.u_xsdbm_id/CORE_XSDB.UUT_MASTER/U_ICON_INTERFACE/U_CMD6_RD/U_RD_FIFO/SUBCORE_FIFO.xsdbm_v3_0_0_rdfifo_inst/inst_fifo_gen/gconvfifo.rf/grf.rf/rstblk/wr_clk
    SLICE_X12Y48         FDPE                                         r  dbg_hub/inst/BSCANID.u_xsdbm_id/CORE_XSDB.UUT_MASTER/U_ICON_INTERFACE/U_CMD6_RD/U_RD_FIFO/SUBCORE_FIFO.xsdbm_v3_0_0_rdfifo_inst/inst_fifo_gen/gconvfifo.rf/grf.rf/rstblk/ngwrdrst.grst.g7serrst.rst_wr_reg1_reg/C
                         clock pessimism             -0.247     1.715    
    SLICE_X12Y48         FDPE (Remov_fdpe_C_PRE)     -0.071     1.644    dbg_hub/inst/BSCANID.u_xsdbm_id/CORE_XSDB.UUT_MASTER/U_ICON_INTERFACE/U_CMD6_RD/U_RD_FIFO/SUBCORE_FIFO.xsdbm_v3_0_0_rdfifo_inst/inst_fifo_gen/gconvfifo.rf/grf.rf/rstblk/ngwrdrst.grst.g7serrst.rst_wr_reg1_reg
  -------------------------------------------------------------------
                         required time                         -1.644    
                         arrival time                           1.851    
  -------------------------------------------------------------------
                         slack                                  0.207    

Slack (MET) :             0.207ns  (arrival time - required time)
  Source:                 dbg_hub/inst/BSCANID.u_xsdbm_id/CORE_XSDB.UUT_MASTER/U_ICON_INTERFACE/rddata_rst_reg/C
                            (rising edge-triggered cell FDRE clocked by sys_clk_pin  {rise@0.000ns fall@5.000ns period=10.000ns})
  Destination:            dbg_hub/inst/BSCANID.u_xsdbm_id/CORE_XSDB.UUT_MASTER/U_ICON_INTERFACE/U_CMD6_RD/U_RD_FIFO/SUBCORE_FIFO.xsdbm_v3_0_0_rdfifo_inst/inst_fifo_gen/gconvfifo.rf/grf.rf/rstblk/ngwrdrst.grst.g7serrst.rst_wr_reg2_reg/PRE
                            (removal check against rising-edge clock sys_clk_pin  {rise@0.000ns fall@5.000ns period=10.000ns})
  Path Group:             **async_default**
  Path Type:              Removal (Min at Fast Process Corner)
  Requirement:            0.000ns  (sys_clk_pin rise@0.000ns - sys_clk_pin rise@0.000ns)
  Data Path Delay:        0.410ns  (logic 0.164ns (40.011%)  route 0.246ns (59.988%))
  Logic Levels:           0  
  Clock Path Skew:        0.274ns (DCD - SCD - CPR)
    Destination Clock Delay (DCD):    1.962ns
    Source Clock Delay      (SCD):    1.441ns
    Clock Pessimism Removal (CPR):    0.247ns

    Location             Delay type                Incr(ns)  Path(ns)    Netlist Resource(s)
  -------------------------------------------------------------------    -------------------
                         (clock sys_clk_pin rise edge)
                                                      0.000     0.000 r  
    H16                                               0.000     0.000 r  clk (IN)
                         net (fo=0)                   0.000     0.000    clk
    H16                  IBUF (Prop_ibuf_I_O)         0.225     0.225 r  clk_IBUF_inst/O
                         net (fo=1, routed)           0.627     0.852    clk_IBUF
    BUFGCTRL_X0Y16       BUFG (Prop_bufg_I_O)         0.026     0.878 r  clk_IBUF_BUFG_inst/O
                         net (fo=1805, routed)        0.563     1.441    dbg_hub/inst/BSCANID.u_xsdbm_id/CORE_XSDB.UUT_MASTER/U_ICON_INTERFACE/clk
    SLICE_X12Y51         FDRE                                         r  dbg_hub/inst/BSCANID.u_xsdbm_id/CORE_XSDB.UUT_MASTER/U_ICON_INTERFACE/rddata_rst_reg/C
  -------------------------------------------------------------------    -------------------
    SLICE_X12Y51         FDRE (Prop_fdre_C_Q)         0.164     1.605 f  dbg_hub/inst/BSCANID.u_xsdbm_id/CORE_XSDB.UUT_MASTER/U_ICON_INTERFACE/rddata_rst_reg/Q
                         net (fo=20, routed)          0.246     1.851    dbg_hub/inst/BSCANID.u_xsdbm_id/CORE_XSDB.UUT_MASTER/U_ICON_INTERFACE/U_CMD6_RD/U_RD_FIFO/SUBCORE_FIFO.xsdbm_v3_0_0_rdfifo_inst/inst_fifo_gen/gconvfifo.rf/grf.rf/rstblk/rst
    SLICE_X12Y48         FDPE                                         f  dbg_hub/inst/BSCANID.u_xsdbm_id/CORE_XSDB.UUT_MASTER/U_ICON_INTERFACE/U_CMD6_RD/U_RD_FIFO/SUBCORE_FIFO.xsdbm_v3_0_0_rdfifo_inst/inst_fifo_gen/gconvfifo.rf/grf.rf/rstblk/ngwrdrst.grst.g7serrst.rst_wr_reg2_reg/PRE
  -------------------------------------------------------------------    -------------------

                         (clock sys_clk_pin rise edge)
                                                      0.000     0.000 r  
    H16                                               0.000     0.000 r  clk (IN)
                         net (fo=0)                   0.000     0.000    clk
    H16                  IBUF (Prop_ibuf_I_O)         0.413     0.413 r  clk_IBUF_inst/O
                         net (fo=1, routed)           0.683     1.096    clk_IBUF
    BUFGCTRL_X0Y16       BUFG (Prop_bufg_I_O)         0.029     1.125 r  clk_IBUF_BUFG_inst/O
                         net (fo=1805, routed)        0.837     1.962    dbg_hub/inst/BSCANID.u_xsdbm_id/CORE_XSDB.UUT_MASTER/U_ICON_INTERFACE/U_CMD6_RD/U_RD_FIFO/SUBCORE_FIFO.xsdbm_v3_0_0_rdfifo_inst/inst_fifo_gen/gconvfifo.rf/grf.rf/rstblk/wr_clk
    SLICE_X12Y48         FDPE                                         r  dbg_hub/inst/BSCANID.u_xsdbm_id/CORE_XSDB.UUT_MASTER/U_ICON_INTERFACE/U_CMD6_RD/U_RD_FIFO/SUBCORE_FIFO.xsdbm_v3_0_0_rdfifo_inst/inst_fifo_gen/gconvfifo.rf/grf.rf/rstblk/ngwrdrst.grst.g7serrst.rst_wr_reg2_reg/C
                         clock pessimism             -0.247     1.715    
    SLICE_X12Y48         FDPE (Remov_fdpe_C_PRE)     -0.071     1.644    dbg_hub/inst/BSCANID.u_xsdbm_id/CORE_XSDB.UUT_MASTER/U_ICON_INTERFACE/U_CMD6_RD/U_RD_FIFO/SUBCORE_FIFO.xsdbm_v3_0_0_rdfifo_inst/inst_fifo_gen/gconvfifo.rf/grf.rf/rstblk/ngwrdrst.grst.g7serrst.rst_wr_reg2_reg
  -------------------------------------------------------------------
                         required time                         -1.644    
                         arrival time                           1.851    
  -------------------------------------------------------------------
                         slack                                  0.207    

Slack (MET) :             0.339ns  (arrival time - required time)
  Source:                 dbg_hub/inst/BSCANID.u_xsdbm_id/CORE_XSDB.UUT_MASTER/U_ICON_INTERFACE/U_CMD6_WR/U_WR_FIFO/SUBCORE_FIFO.xsdbm_v3_0_0_wrfifo_inst/inst_fifo_gen/gconvfifo.rf/grf.rf/rstblk/ngwrdrst.grst.g7serrst.rd_rst_reg_reg[1]/C
                            (rising edge-triggered cell FDPE clocked by sys_clk_pin  {rise@0.000ns fall@5.000ns period=10.000ns})
  Destination:            dbg_hub/inst/BSCANID.u_xsdbm_id/CORE_XSDB.UUT_MASTER/U_ICON_INTERFACE/U_CMD6_WR/U_WR_FIFO/SUBCORE_FIFO.xsdbm_v3_0_0_wrfifo_inst/inst_fifo_gen/gconvfifo.rf/grf.rf/gntv_or_sync_fifo.gcx.clkx/gnxpm_cdc.gsync_stage[1].rd_stg_inst/Q_reg_reg[3]/CLR
                            (removal check against rising-edge clock sys_clk_pin  {rise@0.000ns fall@5.000ns period=10.000ns})
  Path Group:             **async_default**
  Path Type:              Removal (Min at Fast Process Corner)
  Requirement:            0.000ns  (sys_clk_pin rise@0.000ns - sys_clk_pin rise@0.000ns)
  Data Path Delay:        0.288ns  (logic 0.164ns (56.953%)  route 0.124ns (43.047%))
  Logic Levels:           0  
  Clock Path Skew:        0.016ns (DCD - SCD - CPR)
    Destination Clock Delay (DCD):    1.961ns
    Source Clock Delay      (SCD):    1.446ns
    Clock Pessimism Removal (CPR):    0.499ns

    Location             Delay type                Incr(ns)  Path(ns)    Netlist Resource(s)
  -------------------------------------------------------------------    -------------------
                         (clock sys_clk_pin rise edge)
                                                      0.000     0.000 r  
    H16                                               0.000     0.000 r  clk (IN)
                         net (fo=0)                   0.000     0.000    clk
    H16                  IBUF (Prop_ibuf_I_O)         0.225     0.225 r  clk_IBUF_inst/O
                         net (fo=1, routed)           0.627     0.852    clk_IBUF
    BUFGCTRL_X0Y16       BUFG (Prop_bufg_I_O)         0.026     0.878 r  clk_IBUF_BUFG_inst/O
                         net (fo=1805, routed)        0.568     1.446    dbg_hub/inst/BSCANID.u_xsdbm_id/CORE_XSDB.UUT_MASTER/U_ICON_INTERFACE/U_CMD6_WR/U_WR_FIFO/SUBCORE_FIFO.xsdbm_v3_0_0_wrfifo_inst/inst_fifo_gen/gconvfifo.rf/grf.rf/rstblk/rd_clk
    SLICE_X6Y46          FDPE                                         r  dbg_hub/inst/BSCANID.u_xsdbm_id/CORE_XSDB.UUT_MASTER/U_ICON_INTERFACE/U_CMD6_WR/U_WR_FIFO/SUBCORE_FIFO.xsdbm_v3_0_0_wrfifo_inst/inst_fifo_gen/gconvfifo.rf/grf.rf/rstblk/ngwrdrst.grst.g7serrst.rd_rst_reg_reg[1]/C
  -------------------------------------------------------------------    -------------------
    SLICE_X6Y46          FDPE (Prop_fdpe_C_Q)         0.164     1.610 f  dbg_hub/inst/BSCANID.u_xsdbm_id/CORE_XSDB.UUT_MASTER/U_ICON_INTERFACE/U_CMD6_WR/U_WR_FIFO/SUBCORE_FIFO.xsdbm_v3_0_0_wrfifo_inst/inst_fifo_gen/gconvfifo.rf/grf.rf/rstblk/ngwrdrst.grst.g7serrst.rd_rst_reg_reg[1]/Q
                         net (fo=16, routed)          0.124     1.734    dbg_hub/inst/BSCANID.u_xsdbm_id/CORE_XSDB.UUT_MASTER/U_ICON_INTERFACE/U_CMD6_WR/U_WR_FIFO/SUBCORE_FIFO.xsdbm_v3_0_0_wrfifo_inst/inst_fifo_gen/gconvfifo.rf/grf.rf/gntv_or_sync_fifo.gcx.clkx/gnxpm_cdc.gsync_stage[1].rd_stg_inst/Q_reg_reg[0]_0[0]
    SLICE_X6Y45          FDCE                                         f  dbg_hub/inst/BSCANID.u_xsdbm_id/CORE_XSDB.UUT_MASTER/U_ICON_INTERFACE/U_CMD6_WR/U_WR_FIFO/SUBCORE_FIFO.xsdbm_v3_0_0_wrfifo_inst/inst_fifo_gen/gconvfifo.rf/grf.rf/gntv_or_sync_fifo.gcx.clkx/gnxpm_cdc.gsync_stage[1].rd_stg_inst/Q_reg_reg[3]/CLR
  -------------------------------------------------------------------    -------------------

                         (clock sys_clk_pin rise edge)
                                                      0.000     0.000 r  
    H16                                               0.000     0.000 r  clk (IN)
                         net (fo=0)                   0.000     0.000    clk
    H16                  IBUF (Prop_ibuf_I_O)         0.413     0.413 r  clk_IBUF_inst/O
                         net (fo=1, routed)           0.683     1.096    clk_IBUF
    BUFGCTRL_X0Y16       BUFG (Prop_bufg_I_O)         0.029     1.125 r  clk_IBUF_BUFG_inst/O
                         net (fo=1805, routed)        0.836     1.961    dbg_hub/inst/BSCANID.u_xsdbm_id/CORE_XSDB.UUT_MASTER/U_ICON_INTERFACE/U_CMD6_WR/U_WR_FIFO/SUBCORE_FIFO.xsdbm_v3_0_0_wrfifo_inst/inst_fifo_gen/gconvfifo.rf/grf.rf/gntv_or_sync_fifo.gcx.clkx/gnxpm_cdc.gsync_stage[1].rd_stg_inst/rd_clk
    SLICE_X6Y45          FDCE                                         r  dbg_hub/inst/BSCANID.u_xsdbm_id/CORE_XSDB.UUT_MASTER/U_ICON_INTERFACE/U_CMD6_WR/U_WR_FIFO/SUBCORE_FIFO.xsdbm_v3_0_0_wrfifo_inst/inst_fifo_gen/gconvfifo.rf/grf.rf/gntv_or_sync_fifo.gcx.clkx/gnxpm_cdc.gsync_stage[1].rd_stg_inst/Q_reg_reg[3]/C
                         clock pessimism             -0.499     1.462    
    SLICE_X6Y45          FDCE (Remov_fdce_C_CLR)     -0.067     1.395    dbg_hub/inst/BSCANID.u_xsdbm_id/CORE_XSDB.UUT_MASTER/U_ICON_INTERFACE/U_CMD6_WR/U_WR_FIFO/SUBCORE_FIFO.xsdbm_v3_0_0_wrfifo_inst/inst_fifo_gen/gconvfifo.rf/grf.rf/gntv_or_sync_fifo.gcx.clkx/gnxpm_cdc.gsync_stage[1].rd_stg_inst/Q_reg_reg[3]
  -------------------------------------------------------------------
                         required time                         -1.395    
                         arrival time                           1.734    
  -------------------------------------------------------------------
                         slack                                  0.339    

Slack (MET) :             0.339ns  (arrival time - required time)
  Source:                 dbg_hub/inst/BSCANID.u_xsdbm_id/CORE_XSDB.UUT_MASTER/U_ICON_INTERFACE/U_CMD6_WR/U_WR_FIFO/SUBCORE_FIFO.xsdbm_v3_0_0_wrfifo_inst/inst_fifo_gen/gconvfifo.rf/grf.rf/rstblk/ngwrdrst.grst.g7serrst.rd_rst_reg_reg[1]/C
                            (rising edge-triggered cell FDPE clocked by sys_clk_pin  {rise@0.000ns fall@5.000ns period=10.000ns})
  Destination:            dbg_hub/inst/BSCANID.u_xsdbm_id/CORE_XSDB.UUT_MASTER/U_ICON_INTERFACE/U_CMD6_WR/U_WR_FIFO/SUBCORE_FIFO.xsdbm_v3_0_0_wrfifo_inst/inst_fifo_gen/gconvfifo.rf/grf.rf/gntv_or_sync_fifo.gcx.clkx/gnxpm_cdc.gsync_stage[2].rd_stg_inst/Q_reg_reg[3]/CLR
                            (removal check against rising-edge clock sys_clk_pin  {rise@0.000ns fall@5.000ns period=10.000ns})
  Path Group:             **async_default**
  Path Type:              Removal (Min at Fast Process Corner)
  Requirement:            0.000ns  (sys_clk_pin rise@0.000ns - sys_clk_pin rise@0.000ns)
  Data Path Delay:        0.288ns  (logic 0.164ns (56.953%)  route 0.124ns (43.047%))
  Logic Levels:           0  
  Clock Path Skew:        0.016ns (DCD - SCD - CPR)
    Destination Clock Delay (DCD):    1.961ns
    Source Clock Delay      (SCD):    1.446ns
    Clock Pessimism Removal (CPR):    0.499ns

    Location             Delay type                Incr(ns)  Path(ns)    Netlist Resource(s)
  -------------------------------------------------------------------    -------------------
                         (clock sys_clk_pin rise edge)
                                                      0.000     0.000 r  
    H16                                               0.000     0.000 r  clk (IN)
                         net (fo=0)                   0.000     0.000    clk
    H16                  IBUF (Prop_ibuf_I_O)         0.225     0.225 r  clk_IBUF_inst/O
                         net (fo=1, routed)           0.627     0.852    clk_IBUF
    BUFGCTRL_X0Y16       BUFG (Prop_bufg_I_O)         0.026     0.878 r  clk_IBUF_BUFG_inst/O
                         net (fo=1805, routed)        0.568     1.446    dbg_hub/inst/BSCANID.u_xsdbm_id/CORE_XSDB.UUT_MASTER/U_ICON_INTERFACE/U_CMD6_WR/U_WR_FIFO/SUBCORE_FIFO.xsdbm_v3_0_0_wrfifo_inst/inst_fifo_gen/gconvfifo.rf/grf.rf/rstblk/rd_clk
    SLICE_X6Y46          FDPE                                         r  dbg_hub/inst/BSCANID.u_xsdbm_id/CORE_XSDB.UUT_MASTER/U_ICON_INTERFACE/U_CMD6_WR/U_WR_FIFO/SUBCORE_FIFO.xsdbm_v3_0_0_wrfifo_inst/inst_fifo_gen/gconvfifo.rf/grf.rf/rstblk/ngwrdrst.grst.g7serrst.rd_rst_reg_reg[1]/C
  -------------------------------------------------------------------    -------------------
    SLICE_X6Y46          FDPE (Prop_fdpe_C_Q)         0.164     1.610 f  dbg_hub/inst/BSCANID.u_xsdbm_id/CORE_XSDB.UUT_MASTER/U_ICON_INTERFACE/U_CMD6_WR/U_WR_FIFO/SUBCORE_FIFO.xsdbm_v3_0_0_wrfifo_inst/inst_fifo_gen/gconvfifo.rf/grf.rf/rstblk/ngwrdrst.grst.g7serrst.rd_rst_reg_reg[1]/Q
                         net (fo=16, routed)          0.124     1.734    dbg_hub/inst/BSCANID.u_xsdbm_id/CORE_XSDB.UUT_MASTER/U_ICON_INTERFACE/U_CMD6_WR/U_WR_FIFO/SUBCORE_FIFO.xsdbm_v3_0_0_wrfifo_inst/inst_fifo_gen/gconvfifo.rf/grf.rf/gntv_or_sync_fifo.gcx.clkx/gnxpm_cdc.gsync_stage[2].rd_stg_inst/Q_reg_reg[0]_0[0]
    SLICE_X6Y45          FDCE                                         f  dbg_hub/inst/BSCANID.u_xsdbm_id/CORE_XSDB.UUT_MASTER/U_ICON_INTERFACE/U_CMD6_WR/U_WR_FIFO/SUBCORE_FIFO.xsdbm_v3_0_0_wrfifo_inst/inst_fifo_gen/gconvfifo.rf/grf.rf/gntv_or_sync_fifo.gcx.clkx/gnxpm_cdc.gsync_stage[2].rd_stg_inst/Q_reg_reg[3]/CLR
  -------------------------------------------------------------------    -------------------

                         (clock sys_clk_pin rise edge)
                                                      0.000     0.000 r  
    H16                                               0.000     0.000 r  clk (IN)
                         net (fo=0)                   0.000     0.000    clk
    H16                  IBUF (Prop_ibuf_I_O)         0.413     0.413 r  clk_IBUF_inst/O
                         net (fo=1, routed)           0.683     1.096    clk_IBUF
    BUFGCTRL_X0Y16       BUFG (Prop_bufg_I_O)         0.029     1.125 r  clk_IBUF_BUFG_inst/O
                         net (fo=1805, routed)        0.836     1.961    dbg_hub/inst/BSCANID.u_xsdbm_id/CORE_XSDB.UUT_MASTER/U_ICON_INTERFACE/U_CMD6_WR/U_WR_FIFO/SUBCORE_FIFO.xsdbm_v3_0_0_wrfifo_inst/inst_fifo_gen/gconvfifo.rf/grf.rf/gntv_or_sync_fifo.gcx.clkx/gnxpm_cdc.gsync_stage[2].rd_stg_inst/rd_clk
    SLICE_X6Y45          FDCE                                         r  dbg_hub/inst/BSCANID.u_xsdbm_id/CORE_XSDB.UUT_MASTER/U_ICON_INTERFACE/U_CMD6_WR/U_WR_FIFO/SUBCORE_FIFO.xsdbm_v3_0_0_wrfifo_inst/inst_fifo_gen/gconvfifo.rf/grf.rf/gntv_or_sync_fifo.gcx.clkx/gnxpm_cdc.gsync_stage[2].rd_stg_inst/Q_reg_reg[3]/C
                         clock pessimism             -0.499     1.462    
    SLICE_X6Y45          FDCE (Remov_fdce_C_CLR)     -0.067     1.395    dbg_hub/inst/BSCANID.u_xsdbm_id/CORE_XSDB.UUT_MASTER/U_ICON_INTERFACE/U_CMD6_WR/U_WR_FIFO/SUBCORE_FIFO.xsdbm_v3_0_0_wrfifo_inst/inst_fifo_gen/gconvfifo.rf/grf.rf/gntv_or_sync_fifo.gcx.clkx/gnxpm_cdc.gsync_stage[2].rd_stg_inst/Q_reg_reg[3]
  -------------------------------------------------------------------
                         required time                         -1.395    
                         arrival time                           1.734    
  -------------------------------------------------------------------
                         slack                                  0.339    

Slack (MET) :             0.339ns  (arrival time - required time)
  Source:                 dbg_hub/inst/BSCANID.u_xsdbm_id/CORE_XSDB.UUT_MASTER/U_ICON_INTERFACE/U_CMD6_WR/U_WR_FIFO/SUBCORE_FIFO.xsdbm_v3_0_0_wrfifo_inst/inst_fifo_gen/gconvfifo.rf/grf.rf/rstblk/ngwrdrst.grst.g7serrst.rd_rst_reg_reg[1]/C
                            (rising edge-triggered cell FDPE clocked by sys_clk_pin  {rise@0.000ns fall@5.000ns period=10.000ns})
  Destination:            dbg_hub/inst/BSCANID.u_xsdbm_id/CORE_XSDB.UUT_MASTER/U_ICON_INTERFACE/U_CMD6_WR/U_WR_FIFO/SUBCORE_FIFO.xsdbm_v3_0_0_wrfifo_inst/inst_fifo_gen/gconvfifo.rf/grf.rf/gntv_or_sync_fifo.gcx.clkx/gnxpm_cdc.rd_pntr_gc_reg[0]/CLR
                            (removal check against rising-edge clock sys_clk_pin  {rise@0.000ns fall@5.000ns period=10.000ns})
  Path Group:             **async_default**
  Path Type:              Removal (Min at Fast Process Corner)
  Requirement:            0.000ns  (sys_clk_pin rise@0.000ns - sys_clk_pin rise@0.000ns)
  Data Path Delay:        0.288ns  (logic 0.164ns (56.953%)  route 0.124ns (43.047%))
  Logic Levels:           0  
  Clock Path Skew:        0.016ns (DCD - SCD - CPR)
    Destination Clock Delay (DCD):    1.961ns
    Source Clock Delay      (SCD):    1.446ns
    Clock Pessimism Removal (CPR):    0.499ns

    Location             Delay type                Incr(ns)  Path(ns)    Netlist Resource(s)
  -------------------------------------------------------------------    -------------------
                         (clock sys_clk_pin rise edge)
                                                      0.000     0.000 r  
    H16                                               0.000     0.000 r  clk (IN)
                         net (fo=0)                   0.000     0.000    clk
    H16                  IBUF (Prop_ibuf_I_O)         0.225     0.225 r  clk_IBUF_inst/O
                         net (fo=1, routed)           0.627     0.852    clk_IBUF
    BUFGCTRL_X0Y16       BUFG (Prop_bufg_I_O)         0.026     0.878 r  clk_IBUF_BUFG_inst/O
                         net (fo=1805, routed)        0.568     1.446    dbg_hub/inst/BSCANID.u_xsdbm_id/CORE_XSDB.UUT_MASTER/U_ICON_INTERFACE/U_CMD6_WR/U_WR_FIFO/SUBCORE_FIFO.xsdbm_v3_0_0_wrfifo_inst/inst_fifo_gen/gconvfifo.rf/grf.rf/rstblk/rd_clk
    SLICE_X6Y46          FDPE                                         r  dbg_hub/inst/BSCANID.u_xsdbm_id/CORE_XSDB.UUT_MASTER/U_ICON_INTERFACE/U_CMD6_WR/U_WR_FIFO/SUBCORE_FIFO.xsdbm_v3_0_0_wrfifo_inst/inst_fifo_gen/gconvfifo.rf/grf.rf/rstblk/ngwrdrst.grst.g7serrst.rd_rst_reg_reg[1]/C
  -------------------------------------------------------------------    -------------------
    SLICE_X6Y46          FDPE (Prop_fdpe_C_Q)         0.164     1.610 f  dbg_hub/inst/BSCANID.u_xsdbm_id/CORE_XSDB.UUT_MASTER/U_ICON_INTERFACE/U_CMD6_WR/U_WR_FIFO/SUBCORE_FIFO.xsdbm_v3_0_0_wrfifo_inst/inst_fifo_gen/gconvfifo.rf/grf.rf/rstblk/ngwrdrst.grst.g7serrst.rd_rst_reg_reg[1]/Q
                         net (fo=16, routed)          0.124     1.734    dbg_hub/inst/BSCANID.u_xsdbm_id/CORE_XSDB.UUT_MASTER/U_ICON_INTERFACE/U_CMD6_WR/U_WR_FIFO/SUBCORE_FIFO.xsdbm_v3_0_0_wrfifo_inst/inst_fifo_gen/gconvfifo.rf/grf.rf/gntv_or_sync_fifo.gcx.clkx/Q_reg_reg[0][0]
    SLICE_X6Y45          FDCE                                         f  dbg_hub/inst/BSCANID.u_xsdbm_id/CORE_XSDB.UUT_MASTER/U_ICON_INTERFACE/U_CMD6_WR/U_WR_FIFO/SUBCORE_FIFO.xsdbm_v3_0_0_wrfifo_inst/inst_fifo_gen/gconvfifo.rf/grf.rf/gntv_or_sync_fifo.gcx.clkx/gnxpm_cdc.rd_pntr_gc_reg[0]/CLR
  -------------------------------------------------------------------    -------------------

                         (clock sys_clk_pin rise edge)
                                                      0.000     0.000 r  
    H16                                               0.000     0.000 r  clk (IN)
                         net (fo=0)                   0.000     0.000    clk
    H16                  IBUF (Prop_ibuf_I_O)         0.413     0.413 r  clk_IBUF_inst/O
                         net (fo=1, routed)           0.683     1.096    clk_IBUF
    BUFGCTRL_X0Y16       BUFG (Prop_bufg_I_O)         0.029     1.125 r  clk_IBUF_BUFG_inst/O
                         net (fo=1805, routed)        0.836     1.961    dbg_hub/inst/BSCANID.u_xsdbm_id/CORE_XSDB.UUT_MASTER/U_ICON_INTERFACE/U_CMD6_WR/U_WR_FIFO/SUBCORE_FIFO.xsdbm_v3_0_0_wrfifo_inst/inst_fifo_gen/gconvfifo.rf/grf.rf/gntv_or_sync_fifo.gcx.clkx/rd_clk
    SLICE_X6Y45          FDCE                                         r  dbg_hub/inst/BSCANID.u_xsdbm_id/CORE_XSDB.UUT_MASTER/U_ICON_INTERFACE/U_CMD6_WR/U_WR_FIFO/SUBCORE_FIFO.xsdbm_v3_0_0_wrfifo_inst/inst_fifo_gen/gconvfifo.rf/grf.rf/gntv_or_sync_fifo.gcx.clkx/gnxpm_cdc.rd_pntr_gc_reg[0]/C
                         clock pessimism             -0.499     1.462    
    SLICE_X6Y45          FDCE (Remov_fdce_C_CLR)     -0.067     1.395    dbg_hub/inst/BSCANID.u_xsdbm_id/CORE_XSDB.UUT_MASTER/U_ICON_INTERFACE/U_CMD6_WR/U_WR_FIFO/SUBCORE_FIFO.xsdbm_v3_0_0_wrfifo_inst/inst_fifo_gen/gconvfifo.rf/grf.rf/gntv_or_sync_fifo.gcx.clkx/gnxpm_cdc.rd_pntr_gc_reg[0]
  -------------------------------------------------------------------
                         required time                         -1.395    
                         arrival time                           1.734    
  -------------------------------------------------------------------
                         slack                                  0.339    

Slack (MET) :             0.339ns  (arrival time - required time)
  Source:                 dbg_hub/inst/BSCANID.u_xsdbm_id/CORE_XSDB.UUT_MASTER/U_ICON_INTERFACE/U_CMD6_WR/U_WR_FIFO/SUBCORE_FIFO.xsdbm_v3_0_0_wrfifo_inst/inst_fifo_gen/gconvfifo.rf/grf.rf/rstblk/ngwrdrst.grst.g7serrst.rd_rst_reg_reg[1]/C
                            (rising edge-triggered cell FDPE clocked by sys_clk_pin  {rise@0.000ns fall@5.000ns period=10.000ns})
  Destination:            dbg_hub/inst/BSCANID.u_xsdbm_id/CORE_XSDB.UUT_MASTER/U_ICON_INTERFACE/U_CMD6_WR/U_WR_FIFO/SUBCORE_FIFO.xsdbm_v3_0_0_wrfifo_inst/inst_fifo_gen/gconvfifo.rf/grf.rf/gntv_or_sync_fifo.gcx.clkx/gnxpm_cdc.rd_pntr_gc_reg[1]/CLR
                            (removal check against rising-edge clock sys_clk_pin  {rise@0.000ns fall@5.000ns period=10.000ns})
  Path Group:             **async_default**
  Path Type:              Removal (Min at Fast Process Corner)
  Requirement:            0.000ns  (sys_clk_pin rise@0.000ns - sys_clk_pin rise@0.000ns)
  Data Path Delay:        0.288ns  (logic 0.164ns (56.953%)  route 0.124ns (43.047%))
  Logic Levels:           0  
  Clock Path Skew:        0.016ns (DCD - SCD - CPR)
    Destination Clock Delay (DCD):    1.961ns
    Source Clock Delay      (SCD):    1.446ns
    Clock Pessimism Removal (CPR):    0.499ns

    Location             Delay type                Incr(ns)  Path(ns)    Netlist Resource(s)
  -------------------------------------------------------------------    -------------------
                         (clock sys_clk_pin rise edge)
                                                      0.000     0.000 r  
    H16                                               0.000     0.000 r  clk (IN)
                         net (fo=0)                   0.000     0.000    clk
    H16                  IBUF (Prop_ibuf_I_O)         0.225     0.225 r  clk_IBUF_inst/O
                         net (fo=1, routed)           0.627     0.852    clk_IBUF
    BUFGCTRL_X0Y16       BUFG (Prop_bufg_I_O)         0.026     0.878 r  clk_IBUF_BUFG_inst/O
                         net (fo=1805, routed)        0.568     1.446    dbg_hub/inst/BSCANID.u_xsdbm_id/CORE_XSDB.UUT_MASTER/U_ICON_INTERFACE/U_CMD6_WR/U_WR_FIFO/SUBCORE_FIFO.xsdbm_v3_0_0_wrfifo_inst/inst_fifo_gen/gconvfifo.rf/grf.rf/rstblk/rd_clk
    SLICE_X6Y46          FDPE                                         r  dbg_hub/inst/BSCANID.u_xsdbm_id/CORE_XSDB.UUT_MASTER/U_ICON_INTERFACE/U_CMD6_WR/U_WR_FIFO/SUBCORE_FIFO.xsdbm_v3_0_0_wrfifo_inst/inst_fifo_gen/gconvfifo.rf/grf.rf/rstblk/ngwrdrst.grst.g7serrst.rd_rst_reg_reg[1]/C
  -------------------------------------------------------------------    -------------------
    SLICE_X6Y46          FDPE (Prop_fdpe_C_Q)         0.164     1.610 f  dbg_hub/inst/BSCANID.u_xsdbm_id/CORE_XSDB.UUT_MASTER/U_ICON_INTERFACE/U_CMD6_WR/U_WR_FIFO/SUBCORE_FIFO.xsdbm_v3_0_0_wrfifo_inst/inst_fifo_gen/gconvfifo.rf/grf.rf/rstblk/ngwrdrst.grst.g7serrst.rd_rst_reg_reg[1]/Q
                         net (fo=16, routed)          0.124     1.734    dbg_hub/inst/BSCANID.u_xsdbm_id/CORE_XSDB.UUT_MASTER/U_ICON_INTERFACE/U_CMD6_WR/U_WR_FIFO/SUBCORE_FIFO.xsdbm_v3_0_0_wrfifo_inst/inst_fifo_gen/gconvfifo.rf/grf.rf/gntv_or_sync_fifo.gcx.clkx/Q_reg_reg[0][0]
    SLICE_X6Y45          FDCE                                         f  dbg_hub/inst/BSCANID.u_xsdbm_id/CORE_XSDB.UUT_MASTER/U_ICON_INTERFACE/U_CMD6_WR/U_WR_FIFO/SUBCORE_FIFO.xsdbm_v3_0_0_wrfifo_inst/inst_fifo_gen/gconvfifo.rf/grf.rf/gntv_or_sync_fifo.gcx.clkx/gnxpm_cdc.rd_pntr_gc_reg[1]/CLR
  -------------------------------------------------------------------    -------------------

                         (clock sys_clk_pin rise edge)
                                                      0.000     0.000 r  
    H16                                               0.000     0.000 r  clk (IN)
                         net (fo=0)                   0.000     0.000    clk
    H16                  IBUF (Prop_ibuf_I_O)         0.413     0.413 r  clk_IBUF_inst/O
                         net (fo=1, routed)           0.683     1.096    clk_IBUF
    BUFGCTRL_X0Y16       BUFG (Prop_bufg_I_O)         0.029     1.125 r  clk_IBUF_BUFG_inst/O
                         net (fo=1805, routed)        0.836     1.961    dbg_hub/inst/BSCANID.u_xsdbm_id/CORE_XSDB.UUT_MASTER/U_ICON_INTERFACE/U_CMD6_WR/U_WR_FIFO/SUBCORE_FIFO.xsdbm_v3_0_0_wrfifo_inst/inst_fifo_gen/gconvfifo.rf/grf.rf/gntv_or_sync_fifo.gcx.clkx/rd_clk
    SLICE_X6Y45          FDCE                                         r  dbg_hub/inst/BSCANID.u_xsdbm_id/CORE_XSDB.UUT_MASTER/U_ICON_INTERFACE/U_CMD6_WR/U_WR_FIFO/SUBCORE_FIFO.xsdbm_v3_0_0_wrfifo_inst/inst_fifo_gen/gconvfifo.rf/grf.rf/gntv_or_sync_fifo.gcx.clkx/gnxpm_cdc.rd_pntr_gc_reg[1]/C
                         clock pessimism             -0.499     1.462    
    SLICE_X6Y45          FDCE (Remov_fdce_C_CLR)     -0.067     1.395    dbg_hub/inst/BSCANID.u_xsdbm_id/CORE_XSDB.UUT_MASTER/U_ICON_INTERFACE/U_CMD6_WR/U_WR_FIFO/SUBCORE_FIFO.xsdbm_v3_0_0_wrfifo_inst/inst_fifo_gen/gconvfifo.rf/grf.rf/gntv_or_sync_fifo.gcx.clkx/gnxpm_cdc.rd_pntr_gc_reg[1]
  -------------------------------------------------------------------
                         required time                         -1.395    
                         arrival time                           1.734    
  -------------------------------------------------------------------
                         slack                                  0.339    

Slack (MET) :             0.339ns  (arrival time - required time)
  Source:                 dbg_hub/inst/BSCANID.u_xsdbm_id/CORE_XSDB.UUT_MASTER/U_ICON_INTERFACE/U_CMD6_WR/U_WR_FIFO/SUBCORE_FIFO.xsdbm_v3_0_0_wrfifo_inst/inst_fifo_gen/gconvfifo.rf/grf.rf/rstblk/ngwrdrst.grst.g7serrst.rd_rst_reg_reg[1]/C
                            (rising edge-triggered cell FDPE clocked by sys_clk_pin  {rise@0.000ns fall@5.000ns period=10.000ns})
  Destination:            dbg_hub/inst/BSCANID.u_xsdbm_id/CORE_XSDB.UUT_MASTER/U_ICON_INTERFACE/U_CMD6_WR/U_WR_FIFO/SUBCORE_FIFO.xsdbm_v3_0_0_wrfifo_inst/inst_fifo_gen/gconvfifo.rf/grf.rf/gntv_or_sync_fifo.gcx.clkx/gnxpm_cdc.rd_pntr_gc_reg[2]/CLR
                            (removal check against rising-edge clock sys_clk_pin  {rise@0.000ns fall@5.000ns period=10.000ns})
  Path Group:             **async_default**
  Path Type:              Removal (Min at Fast Process Corner)
  Requirement:            0.000ns  (sys_clk_pin rise@0.000ns - sys_clk_pin rise@0.000ns)
  Data Path Delay:        0.288ns  (logic 0.164ns (56.953%)  route 0.124ns (43.047%))
  Logic Levels:           0  
  Clock Path Skew:        0.016ns (DCD - SCD - CPR)
    Destination Clock Delay (DCD):    1.961ns
    Source Clock Delay      (SCD):    1.446ns
    Clock Pessimism Removal (CPR):    0.499ns

    Location             Delay type                Incr(ns)  Path(ns)    Netlist Resource(s)
  -------------------------------------------------------------------    -------------------
                         (clock sys_clk_pin rise edge)
                                                      0.000     0.000 r  
    H16                                               0.000     0.000 r  clk (IN)
                         net (fo=0)                   0.000     0.000    clk
    H16                  IBUF (Prop_ibuf_I_O)         0.225     0.225 r  clk_IBUF_inst/O
                         net (fo=1, routed)           0.627     0.852    clk_IBUF
    BUFGCTRL_X0Y16       BUFG (Prop_bufg_I_O)         0.026     0.878 r  clk_IBUF_BUFG_inst/O
                         net (fo=1805, routed)        0.568     1.446    dbg_hub/inst/BSCANID.u_xsdbm_id/CORE_XSDB.UUT_MASTER/U_ICON_INTERFACE/U_CMD6_WR/U_WR_FIFO/SUBCORE_FIFO.xsdbm_v3_0_0_wrfifo_inst/inst_fifo_gen/gconvfifo.rf/grf.rf/rstblk/rd_clk
    SLICE_X6Y46          FDPE                                         r  dbg_hub/inst/BSCANID.u_xsdbm_id/CORE_XSDB.UUT_MASTER/U_ICON_INTERFACE/U_CMD6_WR/U_WR_FIFO/SUBCORE_FIFO.xsdbm_v3_0_0_wrfifo_inst/inst_fifo_gen/gconvfifo.rf/grf.rf/rstblk/ngwrdrst.grst.g7serrst.rd_rst_reg_reg[1]/C
  -------------------------------------------------------------------    -------------------
    SLICE_X6Y46          FDPE (Prop_fdpe_C_Q)         0.164     1.610 f  dbg_hub/inst/BSCANID.u_xsdbm_id/CORE_XSDB.UUT_MASTER/U_ICON_INTERFACE/U_CMD6_WR/U_WR_FIFO/SUBCORE_FIFO.xsdbm_v3_0_0_wrfifo_inst/inst_fifo_gen/gconvfifo.rf/grf.rf/rstblk/ngwrdrst.grst.g7serrst.rd_rst_reg_reg[1]/Q
                         net (fo=16, routed)          0.124     1.734    dbg_hub/inst/BSCANID.u_xsdbm_id/CORE_XSDB.UUT_MASTER/U_ICON_INTERFACE/U_CMD6_WR/U_WR_FIFO/SUBCORE_FIFO.xsdbm_v3_0_0_wrfifo_inst/inst_fifo_gen/gconvfifo.rf/grf.rf/gntv_or_sync_fifo.gcx.clkx/Q_reg_reg[0][0]
    SLICE_X6Y45          FDCE                                         f  dbg_hub/inst/BSCANID.u_xsdbm_id/CORE_XSDB.UUT_MASTER/U_ICON_INTERFACE/U_CMD6_WR/U_WR_FIFO/SUBCORE_FIFO.xsdbm_v3_0_0_wrfifo_inst/inst_fifo_gen/gconvfifo.rf/grf.rf/gntv_or_sync_fifo.gcx.clkx/gnxpm_cdc.rd_pntr_gc_reg[2]/CLR
  -------------------------------------------------------------------    -------------------

                         (clock sys_clk_pin rise edge)
                                                      0.000     0.000 r  
    H16                                               0.000     0.000 r  clk (IN)
                         net (fo=0)                   0.000     0.000    clk
    H16                  IBUF (Prop_ibuf_I_O)         0.413     0.413 r  clk_IBUF_inst/O
                         net (fo=1, routed)           0.683     1.096    clk_IBUF
    BUFGCTRL_X0Y16       BUFG (Prop_bufg_I_O)         0.029     1.125 r  clk_IBUF_BUFG_inst/O
                         net (fo=1805, routed)        0.836     1.961    dbg_hub/inst/BSCANID.u_xsdbm_id/CORE_XSDB.UUT_MASTER/U_ICON_INTERFACE/U_CMD6_WR/U_WR_FIFO/SUBCORE_FIFO.xsdbm_v3_0_0_wrfifo_inst/inst_fifo_gen/gconvfifo.rf/grf.rf/gntv_or_sync_fifo.gcx.clkx/rd_clk
    SLICE_X6Y45          FDCE                                         r  dbg_hub/inst/BSCANID.u_xsdbm_id/CORE_XSDB.UUT_MASTER/U_ICON_INTERFACE/U_CMD6_WR/U_WR_FIFO/SUBCORE_FIFO.xsdbm_v3_0_0_wrfifo_inst/inst_fifo_gen/gconvfifo.rf/grf.rf/gntv_or_sync_fifo.gcx.clkx/gnxpm_cdc.rd_pntr_gc_reg[2]/C
                         clock pessimism             -0.499     1.462    
    SLICE_X6Y45          FDCE (Remov_fdce_C_CLR)     -0.067     1.395    dbg_hub/inst/BSCANID.u_xsdbm_id/CORE_XSDB.UUT_MASTER/U_ICON_INTERFACE/U_CMD6_WR/U_WR_FIFO/SUBCORE_FIFO.xsdbm_v3_0_0_wrfifo_inst/inst_fifo_gen/gconvfifo.rf/grf.rf/gntv_or_sync_fifo.gcx.clkx/gnxpm_cdc.rd_pntr_gc_reg[2]
  -------------------------------------------------------------------
                         required time                         -1.395    
                         arrival time                           1.734    
  -------------------------------------------------------------------
                         slack                                  0.339    

Slack (MET) :             0.339ns  (arrival time - required time)
  Source:                 dbg_hub/inst/BSCANID.u_xsdbm_id/CORE_XSDB.UUT_MASTER/U_ICON_INTERFACE/U_CMD6_WR/U_WR_FIFO/SUBCORE_FIFO.xsdbm_v3_0_0_wrfifo_inst/inst_fifo_gen/gconvfifo.rf/grf.rf/rstblk/ngwrdrst.grst.g7serrst.rd_rst_reg_reg[1]/C
                            (rising edge-triggered cell FDPE clocked by sys_clk_pin  {rise@0.000ns fall@5.000ns period=10.000ns})
  Destination:            dbg_hub/inst/BSCANID.u_xsdbm_id/CORE_XSDB.UUT_MASTER/U_ICON_INTERFACE/U_CMD6_WR/U_WR_FIFO/SUBCORE_FIFO.xsdbm_v3_0_0_wrfifo_inst/inst_fifo_gen/gconvfifo.rf/grf.rf/gntv_or_sync_fifo.gcx.clkx/gnxpm_cdc.rd_pntr_gc_reg[3]/CLR
                            (removal check against rising-edge clock sys_clk_pin  {rise@0.000ns fall@5.000ns period=10.000ns})
  Path Group:             **async_default**
  Path Type:              Removal (Min at Fast Process Corner)
  Requirement:            0.000ns  (sys_clk_pin rise@0.000ns - sys_clk_pin rise@0.000ns)
  Data Path Delay:        0.288ns  (logic 0.164ns (56.953%)  route 0.124ns (43.047%))
  Logic Levels:           0  
  Clock Path Skew:        0.016ns (DCD - SCD - CPR)
    Destination Clock Delay (DCD):    1.961ns
    Source Clock Delay      (SCD):    1.446ns
    Clock Pessimism Removal (CPR):    0.499ns

    Location             Delay type                Incr(ns)  Path(ns)    Netlist Resource(s)
  -------------------------------------------------------------------    -------------------
                         (clock sys_clk_pin rise edge)
                                                      0.000     0.000 r  
    H16                                               0.000     0.000 r  clk (IN)
                         net (fo=0)                   0.000     0.000    clk
    H16                  IBUF (Prop_ibuf_I_O)         0.225     0.225 r  clk_IBUF_inst/O
                         net (fo=1, routed)           0.627     0.852    clk_IBUF
    BUFGCTRL_X0Y16       BUFG (Prop_bufg_I_O)         0.026     0.878 r  clk_IBUF_BUFG_inst/O
                         net (fo=1805, routed)        0.568     1.446    dbg_hub/inst/BSCANID.u_xsdbm_id/CORE_XSDB.UUT_MASTER/U_ICON_INTERFACE/U_CMD6_WR/U_WR_FIFO/SUBCORE_FIFO.xsdbm_v3_0_0_wrfifo_inst/inst_fifo_gen/gconvfifo.rf/grf.rf/rstblk/rd_clk
    SLICE_X6Y46          FDPE                                         r  dbg_hub/inst/BSCANID.u_xsdbm_id/CORE_XSDB.UUT_MASTER/U_ICON_INTERFACE/U_CMD6_WR/U_WR_FIFO/SUBCORE_FIFO.xsdbm_v3_0_0_wrfifo_inst/inst_fifo_gen/gconvfifo.rf/grf.rf/rstblk/ngwrdrst.grst.g7serrst.rd_rst_reg_reg[1]/C
  -------------------------------------------------------------------    -------------------
    SLICE_X6Y46          FDPE (Prop_fdpe_C_Q)         0.164     1.610 f  dbg_hub/inst/BSCANID.u_xsdbm_id/CORE_XSDB.UUT_MASTER/U_ICON_INTERFACE/U_CMD6_WR/U_WR_FIFO/SUBCORE_FIFO.xsdbm_v3_0_0_wrfifo_inst/inst_fifo_gen/gconvfifo.rf/grf.rf/rstblk/ngwrdrst.grst.g7serrst.rd_rst_reg_reg[1]/Q
                         net (fo=16, routed)          0.124     1.734    dbg_hub/inst/BSCANID.u_xsdbm_id/CORE_XSDB.UUT_MASTER/U_ICON_INTERFACE/U_CMD6_WR/U_WR_FIFO/SUBCORE_FIFO.xsdbm_v3_0_0_wrfifo_inst/inst_fifo_gen/gconvfifo.rf/grf.rf/gntv_or_sync_fifo.gcx.clkx/Q_reg_reg[0][0]
    SLICE_X6Y45          FDCE                                         f  dbg_hub/inst/BSCANID.u_xsdbm_id/CORE_XSDB.UUT_MASTER/U_ICON_INTERFACE/U_CMD6_WR/U_WR_FIFO/SUBCORE_FIFO.xsdbm_v3_0_0_wrfifo_inst/inst_fifo_gen/gconvfifo.rf/grf.rf/gntv_or_sync_fifo.gcx.clkx/gnxpm_cdc.rd_pntr_gc_reg[3]/CLR
  -------------------------------------------------------------------    -------------------

                         (clock sys_clk_pin rise edge)
                                                      0.000     0.000 r  
    H16                                               0.000     0.000 r  clk (IN)
                         net (fo=0)                   0.000     0.000    clk
    H16                  IBUF (Prop_ibuf_I_O)         0.413     0.413 r  clk_IBUF_inst/O
                         net (fo=1, routed)           0.683     1.096    clk_IBUF
    BUFGCTRL_X0Y16       BUFG (Prop_bufg_I_O)         0.029     1.125 r  clk_IBUF_BUFG_inst/O
                         net (fo=1805, routed)        0.836     1.961    dbg_hub/inst/BSCANID.u_xsdbm_id/CORE_XSDB.UUT_MASTER/U_ICON_INTERFACE/U_CMD6_WR/U_WR_FIFO/SUBCORE_FIFO.xsdbm_v3_0_0_wrfifo_inst/inst_fifo_gen/gconvfifo.rf/grf.rf/gntv_or_sync_fifo.gcx.clkx/rd_clk
    SLICE_X6Y45          FDCE                                         r  dbg_hub/inst/BSCANID.u_xsdbm_id/CORE_XSDB.UUT_MASTER/U_ICON_INTERFACE/U_CMD6_WR/U_WR_FIFO/SUBCORE_FIFO.xsdbm_v3_0_0_wrfifo_inst/inst_fifo_gen/gconvfifo.rf/grf.rf/gntv_or_sync_fifo.gcx.clkx/gnxpm_cdc.rd_pntr_gc_reg[3]/C
                         clock pessimism             -0.499     1.462    
    SLICE_X6Y45          FDCE (Remov_fdce_C_CLR)     -0.067     1.395    dbg_hub/inst/BSCANID.u_xsdbm_id/CORE_XSDB.UUT_MASTER/U_ICON_INTERFACE/U_CMD6_WR/U_WR_FIFO/SUBCORE_FIFO.xsdbm_v3_0_0_wrfifo_inst/inst_fifo_gen/gconvfifo.rf/grf.rf/gntv_or_sync_fifo.gcx.clkx/gnxpm_cdc.rd_pntr_gc_reg[3]
  -------------------------------------------------------------------
                         required time                         -1.395    
                         arrival time                           1.734    
  -------------------------------------------------------------------
                         slack                                  0.339    

Slack (MET) :             0.339ns  (arrival time - required time)
  Source:                 dbg_hub/inst/BSCANID.u_xsdbm_id/CORE_XSDB.UUT_MASTER/U_ICON_INTERFACE/U_CMD6_WR/U_WR_FIFO/SUBCORE_FIFO.xsdbm_v3_0_0_wrfifo_inst/inst_fifo_gen/gconvfifo.rf/grf.rf/rstblk/ngwrdrst.grst.g7serrst.rd_rst_reg_reg[1]/C
                            (rising edge-triggered cell FDPE clocked by sys_clk_pin  {rise@0.000ns fall@5.000ns period=10.000ns})
  Destination:            dbg_hub/inst/BSCANID.u_xsdbm_id/CORE_XSDB.UUT_MASTER/U_ICON_INTERFACE/U_CMD6_WR/U_WR_FIFO/SUBCORE_FIFO.xsdbm_v3_0_0_wrfifo_inst/inst_fifo_gen/gconvfifo.rf/grf.rf/gntv_or_sync_fifo.gcx.clkx/gnxpm_cdc.wr_pntr_bin_reg[2]/CLR
                            (removal check against rising-edge clock sys_clk_pin  {rise@0.000ns fall@5.000ns period=10.000ns})
  Path Group:             **async_default**
  Path Type:              Removal (Min at Fast Process Corner)
  Requirement:            0.000ns  (sys_clk_pin rise@0.000ns - sys_clk_pin rise@0.000ns)
  Data Path Delay:        0.288ns  (logic 0.164ns (56.953%)  route 0.124ns (43.047%))
  Logic Levels:           0  
  Clock Path Skew:        0.016ns (DCD - SCD - CPR)
    Destination Clock Delay (DCD):    1.961ns
    Source Clock Delay      (SCD):    1.446ns
    Clock Pessimism Removal (CPR):    0.499ns

    Location             Delay type                Incr(ns)  Path(ns)    Netlist Resource(s)
  -------------------------------------------------------------------    -------------------
                         (clock sys_clk_pin rise edge)
                                                      0.000     0.000 r  
    H16                                               0.000     0.000 r  clk (IN)
                         net (fo=0)                   0.000     0.000    clk
    H16                  IBUF (Prop_ibuf_I_O)         0.225     0.225 r  clk_IBUF_inst/O
                         net (fo=1, routed)           0.627     0.852    clk_IBUF
    BUFGCTRL_X0Y16       BUFG (Prop_bufg_I_O)         0.026     0.878 r  clk_IBUF_BUFG_inst/O
                         net (fo=1805, routed)        0.568     1.446    dbg_hub/inst/BSCANID.u_xsdbm_id/CORE_XSDB.UUT_MASTER/U_ICON_INTERFACE/U_CMD6_WR/U_WR_FIFO/SUBCORE_FIFO.xsdbm_v3_0_0_wrfifo_inst/inst_fifo_gen/gconvfifo.rf/grf.rf/rstblk/rd_clk
    SLICE_X6Y46          FDPE                                         r  dbg_hub/inst/BSCANID.u_xsdbm_id/CORE_XSDB.UUT_MASTER/U_ICON_INTERFACE/U_CMD6_WR/U_WR_FIFO/SUBCORE_FIFO.xsdbm_v3_0_0_wrfifo_inst/inst_fifo_gen/gconvfifo.rf/grf.rf/rstblk/ngwrdrst.grst.g7serrst.rd_rst_reg_reg[1]/C
  -------------------------------------------------------------------    -------------------
    SLICE_X6Y46          FDPE (Prop_fdpe_C_Q)         0.164     1.610 f  dbg_hub/inst/BSCANID.u_xsdbm_id/CORE_XSDB.UUT_MASTER/U_ICON_INTERFACE/U_CMD6_WR/U_WR_FIFO/SUBCORE_FIFO.xsdbm_v3_0_0_wrfifo_inst/inst_fifo_gen/gconvfifo.rf/grf.rf/rstblk/ngwrdrst.grst.g7serrst.rd_rst_reg_reg[1]/Q
                         net (fo=16, routed)          0.124     1.734    dbg_hub/inst/BSCANID.u_xsdbm_id/CORE_XSDB.UUT_MASTER/U_ICON_INTERFACE/U_CMD6_WR/U_WR_FIFO/SUBCORE_FIFO.xsdbm_v3_0_0_wrfifo_inst/inst_fifo_gen/gconvfifo.rf/grf.rf/gntv_or_sync_fifo.gcx.clkx/Q_reg_reg[0][0]
    SLICE_X6Y45          FDCE                                         f  dbg_hub/inst/BSCANID.u_xsdbm_id/CORE_XSDB.UUT_MASTER/U_ICON_INTERFACE/U_CMD6_WR/U_WR_FIFO/SUBCORE_FIFO.xsdbm_v3_0_0_wrfifo_inst/inst_fifo_gen/gconvfifo.rf/grf.rf/gntv_or_sync_fifo.gcx.clkx/gnxpm_cdc.wr_pntr_bin_reg[2]/CLR
  -------------------------------------------------------------------    -------------------

                         (clock sys_clk_pin rise edge)
                                                      0.000     0.000 r  
    H16                                               0.000     0.000 r  clk (IN)
                         net (fo=0)                   0.000     0.000    clk
    H16                  IBUF (Prop_ibuf_I_O)         0.413     0.413 r  clk_IBUF_inst/O
                         net (fo=1, routed)           0.683     1.096    clk_IBUF
    BUFGCTRL_X0Y16       BUFG (Prop_bufg_I_O)         0.029     1.125 r  clk_IBUF_BUFG_inst/O
                         net (fo=1805, routed)        0.836     1.961    dbg_hub/inst/BSCANID.u_xsdbm_id/CORE_XSDB.UUT_MASTER/U_ICON_INTERFACE/U_CMD6_WR/U_WR_FIFO/SUBCORE_FIFO.xsdbm_v3_0_0_wrfifo_inst/inst_fifo_gen/gconvfifo.rf/grf.rf/gntv_or_sync_fifo.gcx.clkx/rd_clk
    SLICE_X6Y45          FDCE                                         r  dbg_hub/inst/BSCANID.u_xsdbm_id/CORE_XSDB.UUT_MASTER/U_ICON_INTERFACE/U_CMD6_WR/U_WR_FIFO/SUBCORE_FIFO.xsdbm_v3_0_0_wrfifo_inst/inst_fifo_gen/gconvfifo.rf/grf.rf/gntv_or_sync_fifo.gcx.clkx/gnxpm_cdc.wr_pntr_bin_reg[2]/C
                         clock pessimism             -0.499     1.462    
    SLICE_X6Y45          FDCE (Remov_fdce_C_CLR)     -0.067     1.395    dbg_hub/inst/BSCANID.u_xsdbm_id/CORE_XSDB.UUT_MASTER/U_ICON_INTERFACE/U_CMD6_WR/U_WR_FIFO/SUBCORE_FIFO.xsdbm_v3_0_0_wrfifo_inst/inst_fifo_gen/gconvfifo.rf/grf.rf/gntv_or_sync_fifo.gcx.clkx/gnxpm_cdc.wr_pntr_bin_reg[2]
  -------------------------------------------------------------------
                         required time                         -1.395    
                         arrival time                           1.734    
  -------------------------------------------------------------------
                         slack                                  0.339    

Slack (MET) :             0.339ns  (arrival time - required time)
  Source:                 dbg_hub/inst/BSCANID.u_xsdbm_id/CORE_XSDB.UUT_MASTER/U_ICON_INTERFACE/U_CMD6_WR/U_WR_FIFO/SUBCORE_FIFO.xsdbm_v3_0_0_wrfifo_inst/inst_fifo_gen/gconvfifo.rf/grf.rf/rstblk/ngwrdrst.grst.g7serrst.rd_rst_reg_reg[1]/C
                            (rising edge-triggered cell FDPE clocked by sys_clk_pin  {rise@0.000ns fall@5.000ns period=10.000ns})
  Destination:            dbg_hub/inst/BSCANID.u_xsdbm_id/CORE_XSDB.UUT_MASTER/U_ICON_INTERFACE/U_CMD6_WR/U_WR_FIFO/SUBCORE_FIFO.xsdbm_v3_0_0_wrfifo_inst/inst_fifo_gen/gconvfifo.rf/grf.rf/gntv_or_sync_fifo.gcx.clkx/gnxpm_cdc.wr_pntr_bin_reg[3]/CLR
                            (removal check against rising-edge clock sys_clk_pin  {rise@0.000ns fall@5.000ns period=10.000ns})
  Path Group:             **async_default**
  Path Type:              Removal (Min at Fast Process Corner)
  Requirement:            0.000ns  (sys_clk_pin rise@0.000ns - sys_clk_pin rise@0.000ns)
  Data Path Delay:        0.288ns  (logic 0.164ns (56.953%)  route 0.124ns (43.047%))
  Logic Levels:           0  
  Clock Path Skew:        0.016ns (DCD - SCD - CPR)
    Destination Clock Delay (DCD):    1.961ns
    Source Clock Delay      (SCD):    1.446ns
    Clock Pessimism Removal (CPR):    0.499ns

    Location             Delay type                Incr(ns)  Path(ns)    Netlist Resource(s)
  -------------------------------------------------------------------    -------------------
                         (clock sys_clk_pin rise edge)
                                                      0.000     0.000 r  
    H16                                               0.000     0.000 r  clk (IN)
                         net (fo=0)                   0.000     0.000    clk
    H16                  IBUF (Prop_ibuf_I_O)         0.225     0.225 r  clk_IBUF_inst/O
                         net (fo=1, routed)           0.627     0.852    clk_IBUF
    BUFGCTRL_X0Y16       BUFG (Prop_bufg_I_O)         0.026     0.878 r  clk_IBUF_BUFG_inst/O
                         net (fo=1805, routed)        0.568     1.446    dbg_hub/inst/BSCANID.u_xsdbm_id/CORE_XSDB.UUT_MASTER/U_ICON_INTERFACE/U_CMD6_WR/U_WR_FIFO/SUBCORE_FIFO.xsdbm_v3_0_0_wrfifo_inst/inst_fifo_gen/gconvfifo.rf/grf.rf/rstblk/rd_clk
    SLICE_X6Y46          FDPE                                         r  dbg_hub/inst/BSCANID.u_xsdbm_id/CORE_XSDB.UUT_MASTER/U_ICON_INTERFACE/U_CMD6_WR/U_WR_FIFO/SUBCORE_FIFO.xsdbm_v3_0_0_wrfifo_inst/inst_fifo_gen/gconvfifo.rf/grf.rf/rstblk/ngwrdrst.grst.g7serrst.rd_rst_reg_reg[1]/C
  -------------------------------------------------------------------    -------------------
    SLICE_X6Y46          FDPE (Prop_fdpe_C_Q)         0.164     1.610 f  dbg_hub/inst/BSCANID.u_xsdbm_id/CORE_XSDB.UUT_MASTER/U_ICON_INTERFACE/U_CMD6_WR/U_WR_FIFO/SUBCORE_FIFO.xsdbm_v3_0_0_wrfifo_inst/inst_fifo_gen/gconvfifo.rf/grf.rf/rstblk/ngwrdrst.grst.g7serrst.rd_rst_reg_reg[1]/Q
                         net (fo=16, routed)          0.124     1.734    dbg_hub/inst/BSCANID.u_xsdbm_id/CORE_XSDB.UUT_MASTER/U_ICON_INTERFACE/U_CMD6_WR/U_WR_FIFO/SUBCORE_FIFO.xsdbm_v3_0_0_wrfifo_inst/inst_fifo_gen/gconvfifo.rf/grf.rf/gntv_or_sync_fifo.gcx.clkx/Q_reg_reg[0][0]
    SLICE_X6Y45          FDCE                                         f  dbg_hub/inst/BSCANID.u_xsdbm_id/CORE_XSDB.UUT_MASTER/U_ICON_INTERFACE/U_CMD6_WR/U_WR_FIFO/SUBCORE_FIFO.xsdbm_v3_0_0_wrfifo_inst/inst_fifo_gen/gconvfifo.rf/grf.rf/gntv_or_sync_fifo.gcx.clkx/gnxpm_cdc.wr_pntr_bin_reg[3]/CLR
  -------------------------------------------------------------------    -------------------

                         (clock sys_clk_pin rise edge)
                                                      0.000     0.000 r  
    H16                                               0.000     0.000 r  clk (IN)
                         net (fo=0)                   0.000     0.000    clk
    H16                  IBUF (Prop_ibuf_I_O)         0.413     0.413 r  clk_IBUF_inst/O
                         net (fo=1, routed)           0.683     1.096    clk_IBUF
    BUFGCTRL_X0Y16       BUFG (Prop_bufg_I_O)         0.029     1.125 r  clk_IBUF_BUFG_inst/O
                         net (fo=1805, routed)        0.836     1.961    dbg_hub/inst/BSCANID.u_xsdbm_id/CORE_XSDB.UUT_MASTER/U_ICON_INTERFACE/U_CMD6_WR/U_WR_FIFO/SUBCORE_FIFO.xsdbm_v3_0_0_wrfifo_inst/inst_fifo_gen/gconvfifo.rf/grf.rf/gntv_or_sync_fifo.gcx.clkx/rd_clk
    SLICE_X6Y45          FDCE                                         r  dbg_hub/inst/BSCANID.u_xsdbm_id/CORE_XSDB.UUT_MASTER/U_ICON_INTERFACE/U_CMD6_WR/U_WR_FIFO/SUBCORE_FIFO.xsdbm_v3_0_0_wrfifo_inst/inst_fifo_gen/gconvfifo.rf/grf.rf/gntv_or_sync_fifo.gcx.clkx/gnxpm_cdc.wr_pntr_bin_reg[3]/C
                         clock pessimism             -0.499     1.462    
    SLICE_X6Y45          FDCE (Remov_fdce_C_CLR)     -0.067     1.395    dbg_hub/inst/BSCANID.u_xsdbm_id/CORE_XSDB.UUT_MASTER/U_ICON_INTERFACE/U_CMD6_WR/U_WR_FIFO/SUBCORE_FIFO.xsdbm_v3_0_0_wrfifo_inst/inst_fifo_gen/gconvfifo.rf/grf.rf/gntv_or_sync_fifo.gcx.clkx/gnxpm_cdc.wr_pntr_bin_reg[3]
  -------------------------------------------------------------------
                         required time                         -1.395    
                         arrival time                           1.734    
  -------------------------------------------------------------------
                         slack                                  0.339    





